{"type":"FeatureCollection", "features": [
{"type":"Feature","geometry":{"type":"MultiPolygon","coordinates":[[[[-71.7575,19.71],[-71.969,19.7325],[-72.0275,19.6995],[-72.141,19.7475],[-72.2565,19.762],[-72.3305,19.752],[-72.3975,19.807],[-72.5445,19.8515],[-72.5685,19.88],[-72.674,19.9215],[-72.776,19.944],[-72.978,19.9125],[-73.1435,19.9205],[-73.3445,19.834],[-73.4325,19.779],[-73.468,19.725],[-73.458,19.672],[-73.4095,19.636],[-73.284,19.6255],[-73.221,19.6495],[-73.019,19.6005],[-72.815,19.505],[-72.7285,19.4255],[-72.8035,19.232],[-72.7165,19.104],[-72.8185,19.0785],[-72.762,19],[-71.78,19],[-71.6615,19.1175],[-71.639,19.212],[-71.7165,19.248],[-71.7765,19.3275],[-71.704,19.4145],[-71.715,19.5375],[-71.743,19.6],[-71.7575,19.71]]],[[[-72.8505,20.0885],[-72.8445,20.0345],[-72.74,20.0025],[-72.668,20.0325],[-72.8025,20.087],[-72.8505,20.0885]]]]},"properties":{"ADMIN":"Haiti"}},
{"type":"Feature","geometry":{"type":"Polygon","coordinates":[[[-71.7575,19.71],[-71.743,19.6],[-71.715,19.5375],[-71.704,19.4145],[-71.7765,19.3275],[-71.7165,19.248],[-71.639,19.212],[-71.6615,19.1175],[-71.78,19],[-69.093,19],[-69.1395,19.051],[-69.173,19.011],[-69.356,19.053],[-69.42,19.111],[-69.6085,19.0935],[-69.6335,19.1235],[-69.603,19.229],[-69.4755,19.214],[-69.418,19.191],[-69.2535,19.1835],[-69.2025,19.217],[-69.1585,19.285],[-69.247,19.2995],[-69.2605,19.355],[-69.3355,19.2935],[-69.4375,19.333],[-69.5395,19.3395],[-69.6095,19.309],[-69.7335,19.2865],[-69.8015,19.331],[-69.868,19.4255],[-69.8765,19.5065],[-69.904,19.5325],[-69.898,19.636],[-69.9475,19.6785],[-70.042,19.6785],[-70.1315,19.622],[-70.3015,19.6575],[-70.4335,19.775],[-70.5185,19.76],[-70.6235,19.7665],[-70.787,19.853],[-70.831,19.9025],[-70.947,19.9105],[-71.001,19.9375],[-71.0785,19.909],[-71.107,19.869],[-71.212,19.837],[-71.357,19.8515],[-71.5045,19.9105],[-71.6485,19.8965],[-71.659,19.862],[-71.7445,19.817],[-71.7575,19.71]]]},"properties":{"ADMIN":"Dominican Republic"}},
{"type":"Feature","geometry":{"type":"MultiPolygon","coordinates":[[[[-75.095,19.897],[-75.095,19.9715],[-75.137,19.9715],[-75.1645,19.9135],[-75.095,19.897]]],[[[-75.16,19.9705],[-75.229,19.9375],[-75.233,19.9],[-75.1565,19.939],[-75.16,19.9705]]]]},"properties":{"ADMIN":"US Naval Base Guantanamo Bay"}},
{"type":"Feature","geometry":{"type":"MultiPolygon","coordinates":[[[[-75.095,19.897],[-74.978,19.923],[-74.9475,19.976],[-74.888,19.984],[-74.813,20.0375],[-74.713,20.052],[-74.5805,20.0475],[-74.393,20.081],[-74.2675,20.0685],[-74.2305,20.1305],[-74.142,20.1825],[-74.1395,20.2425],[-74.2135,20.311],[-74.3105,20.294],[-74.401,20.3075],[-74.495,20.355],[-74.605,20.4855],[-74.735,20.5675],[-74.751,20.6195],[-74.851,20.6345],[-74.9,20.6705],[-74.9985,20.701],[-75.149,20.683],[-75.1945,20.7155],[-75.2945,20.723],[-75.3595,20.6775],[-75.394,20.739],[-75.4395,20.7405],[-75.498,20.6935],[-75.6125,20.7185],[-75.643,20.7605],[-75.709,20.6905],[-75.784,20.7465],[-75.7705,20.836],[-75.7045,20.8285],[-75.6815,20.8905],[-75.6265,20.924],[-75.5785,21.0135],[-75.636,21.0765],[-75.7325,21.1235],[-75.822,21.137],[-75.8735,21.102],[-76.117,21.0915],[-76.138,21.167],[-76.3875,21.2845],[-76.571,21.2825],[-76.6535,21.294],[-76.656,21.3495],[-76.8055,21.39],[-76.9625,21.4725],[-77.07,21.596],[-77.107,21.603],[-77.153,21.4955],[-77.258,21.4765],[-77.2775,21.5185],[-77.2495,21.61],[-77.1545,21.5545],[-77.1415,21.6455],[-77.33,21.7665],[-77.4015,21.7905],[-77.5075,21.8625],[-77.5715,21.931],[-77.606,21.9015],[-77.5185,21.812],[-77.449,21.802],[-77.389,21.704],[-77.4305,21.6575],[-77.4555,21.777],[-77.525,21.754],[-77.604,21.7895],[-77.6645,21.781],[-77.761,21.8135],[-77.7705,21.8545],[-77.842,21.9],[-77.895,21.877],[-77.985,21.97],[-78.065,22.087],[-78.1555,22.1095],[-78.1635,22.1395],[-78.3015,22.164],[-78.3815,22.2465],[-78.484,22.2605],[-78.567,22.321],[-78.676,22.357],[-78.7575,22.3225],[-78.782,22.3905],[-78.9825,22.4045],[-79.1485,22.3775],[-79.342,22.413],[-79.4245,22.4785],[-79.4565,22.5285],[-79.512,22.5345],[-79.566,22.611],[-79.627,22.6575],[-79.6515,22.759],[-79.7,22.747],[-79.772,22.7965],[-79.8305,22.8055],[-79.8955,22.855],[-79.988,22.884],[-80.0245,22.9465],[-80.156,22.9385],[-80.2795,22.912],[-80.357,22.9455],[-80.4315,22.95],[-80.557,23.0075],[-80.622,23.0895],[-80.7595,23.097],[-80.9595,23.059],[-80.9855,23.102],[-81.078,23.104],[-81.1205,23.039],[-81.185,23.052],[-81.272,23.142],[-81.4805,23.1005],[-81.581,23.158],[-81.84,23.158],[-81.986,23.1715],[-82.033,23.2005],[-82.1505,23.179],[-82.2195,23.194],[-82.407,23.1475],[-82.5755,23.054],[-82.7125,23.035],[-82.9175,23.0325],[-82.964,22.973],[-83.061,23.0195],[-83.1605,22.98],[-83.2075,23.0025],[-83.3295,22.951],[-83.3695,22.894],[-83.4375,22.9035],[-83.5415,22.874],[-83.558,22.836],[-83.873,22.751],[-84.021,22.6785],[-84.153,22.582],[-84.201,22.563],[-84.2305,22.5035],[-84.292,22.4865],[-84.391,22.353],[-84.4295,22.2015],[-84.4055,22.158],[-84.336,22.1305],[-84.322,22.048],[-84.4625,22.022],[-84.5215,22.048],[-84.5835,22.0075],[-84.741,21.952],[-84.9475,21.8605],[-84.8835,21.8235],[-84.7995,21.832],[-84.66,21.912],[-84.536,21.94],[-84.4735,21.9045],[-84.5215,21.7865],[-84.466,21.7705],[-84.305,21.8845],[-84.142,21.9405],[-84.0415,21.9175],[-83.993,21.9515],[-84.002,22.0575],[-83.9255,22.1715],[-83.7755,22.1705],[-83.6145,22.1955],[-83.5685,22.2465],[-83.517,22.188],[-83.4155,22.186],[-83.349,22.232],[-83.2875,22.3185],[-83.232,22.345],[-83.167,22.3395],[-83.086,22.463],[-82.9595,22.542],[-82.9215,22.5485],[-82.8005,22.6225],[-82.7805,22.696],[-82.7385,22.7065],[-82.633,22.68],[-82.199,22.686],[-82.099,22.655],[-81.8775,22.6795],[-81.7535,22.638],[-81.6435,22.5725],[-81.6515,22.488],[-81.6835,22.4635],[-81.841,22.431],[-82.1185,22.432],[-82.164,22.397],[-82.088,22.342],[-81.8795,22.2605],[-81.8245,22.189],[-81.6515,22.213],[-81.581,22.192],[-81.513,22.202],[-81.396,22.1705],[-81.374,22.104],[-81.2915,22.0975],[-81.1975,22.2125],[-81.136,22.23],[-81.1395,22.162],[-81.1035,22.096],[-80.992,22.0545],[-80.9055,22.046],[-80.761,22.061],[-80.5135,22.0565],[-80.471,22.089],[-80.538,22.1645],[-80.4845,22.192],[-80.396,22.1015],[-80.437,22.041],[-80.27,21.887],[-80.188,21.8485],[-80.067,21.817],[-80.003,21.721],[-79.8955,21.76],[-79.8955,21.6985],[-79.816,21.711],[-79.6395,21.6875],[-79.6215,21.6575],[-79.4505,21.5955],[-79.3645,21.5995],[-79.2495,21.552],[-79.1695,21.5515],[-79.0755,21.586],[-78.7665,21.6395],[-78.707,21.6125],[-78.734,21.5645],[-78.649,21.541],[-78.608,21.4935],[-78.5635,21.3835],[-78.538,21.2315],[-78.5045,21.147],[-78.4945,21.048],[-78.404,20.958],[-78.3425,20.9495],[-78.272,20.901],[-78.132,20.7575],[-78.0655,20.7115],[-77.942,20.698],[-77.8775,20.732],[-77.7785,20.701],[-77.5725,20.698],[-77.4935,20.6775],[-77.403,20.709],[-77.315,20.709],[-77.278,20.662],[-77.1955,20.6365],[-77.24,20.563],[-77.1135,20.5125],[-77.0825,20.4655],[-77.1135,20.3685],[-77.182,20.295],[-77.2505,20.2895],[-77.2665,20.253],[-77.4015,20.198],[-77.497,20.1295],[-77.6205,20.0205],[-77.737,19.8555],[-77.673,19.829],[-77.6115,19.8445],[-77.3585,19.8645],[-77.324,19.9005],[-77.189,19.9125],[-77.088,19.8855],[-76.959,19.891],[-76.8665,19.9375],[-76.6515,19.951],[-76.5245,19.944],[-76.248,19.9905],[-76.112,19.9825],[-75.98,19.9525],[-75.894,19.972],[-75.722,19.9575],[-75.6045,19.892],[-75.521,19.8795],[-75.4445,19.8965],[-75.3835,19.8825],[-75.233,19.9],[-75.229,19.9375],[-75.16,19.9705],[-75.137,19.9715],[-75.095,19.9715],[-75.095,19.897]]],[[[-82.568,21.6365],[-82.6165,21.6645],[-82.5925,21.729],[-82.6925,21.824],[-82.69,21.882],[-82.859,21.9335],[-82.9895,21.9485],[-83.075,21.843],[-83.0735,21.7605],[-82.969,21.5915],[-83.024,21.5485],[-83.1715,21.5685],[-83.0785,21.469],[-82.906,21.4375],[-82.8355,21.4445],[-82.5945,21.542],[-82.541,21.5955],[-82.568,21.6365]]],[[[-77.634,22.0545],[-77.6825,22.0545],[-77.8085,22.0995],[-77.947,22.073],[-77.902,22.015],[-77.847,22.041],[-77.8225,21.983],[-77.695,21.948],[-77.6485,21.971],[-77.634,22.0545]]],[[[-77.9975,22.1475],[-77.913,22.143],[-77.895,22.221],[-77.9785,22.233],[-78.0455,22.199],[-77.9975,22.1475]]],[[[-78.1965,22.329],[-78.1005,22.302],[-78.0755,22.354],[-78.144,22.429],[-78.2435,22.425],[-78.244,22.359],[-78.1965,22.329]]],[[[-78.426,22.4625],[-78.43,22.4185],[-78.282,22.4575],[-78.419,22.562],[-78.4665,22.53],[-78.5725,22.5305],[-78.6385,22.492],[-78.518,22.452],[-78.426,22.4625]]]]},"properties":{"ADMIN":"Cuba"}},
{"type":"Feature","geometry":{"type":"MultiPolygon","coordinates":[[[[-122.753,48.9925],[-122.7725,48.8865],[-122.6495,48.7635],[-122.53,48.7685],[-122.499,48.7395],[-122.484,48.635],[-122.4405,48.5805],[-122.4945,48.5295],[-122.5005,48.4505],[-122.633,48.5165],[-122.6835,48.43],[-122.5845,48.438],[-122.534,48.3745],[-122.392,48.31],[-122.436,48.2345],[-122.3755,48.213],[-122.3625,48.1225],[-122.3075,48.0655],[-122.2075,48.0145],[-122.3205,47.942],[-122.3395,47.873],[-122.406,47.778],[-122.381,47.72],[-122.4135,47.6415],[-122.367,47.442],[-122.3235,47.3725],[-122.4095,47.325],[-122.4485,47.2685],[-122.537,47.2785],[-122.5715,47.2095],[-122.6525,47.128],[-122.7225,47.0895],[-122.798,47.1575],[-122.901,47.1305],[-122.965,47.181],[-122.9205,47.278],[-122.846,47.316],[-122.7985,47.205],[-122.7235,47.2385],[-122.6865,47.301],[-122.5835,47.264],[-122.586,47.3365],[-122.508,47.5205],[-122.592,47.597],[-122.6285,47.693],[-122.4685,47.7565],[-122.528,47.9055],[-122.5885,47.9045],[-122.734,47.7425],[-122.7635,47.669],[-122.949,47.597],[-122.839,47.782],[-122.7365,47.7945],[-122.668,47.871],[-122.678,47.9355],[-122.792,48.083],[-122.795,48.141],[-122.9275,48.095],[-122.999,48.0915],[-123.112,48.149],[-123.247,48.1155],[-123.4215,48.118],[-123.5845,48.1355],[-123.7005,48.165],[-123.971,48.1655],[-124.05,48.1775],[-124.2275,48.2585],[-124.399,48.2935],[-124.575,48.3705],[-124.6965,48.391],[-124.6615,48.3195],[-124.6895,48.2135],[-124.7345,48.1705],[-124.6895,48.1],[-124.638,47.908],[-124.4835,47.813],[-124.423,47.742],[-124.351,47.547],[-124.318,47.3575],[-124.2115,47.2265],[-124.172,47.042],[-124.0275,47.028],[-124.013,46.9835],[-123.8815,46.9415],[-124.047,46.891],[-124.1015,46.8085],[-124.0935,46.743],[-123.913,46.728],[-123.9225,46.658],[-123.8965,46.5445],[-123.936,46.4725],[-123.898,46.4415],[-123.958,46.378],[-124.0145,46.385],[-124.018,46.5685],[-124.0625,46.596],[-124.064,46.3565],[-123.925,46.2515],[-123.693,46.305],[-123.6625,46.2705],[-123.5195,46.2355],[-123.614,46.1865],[-123.727,46.1705],[-123.767,46.204],[-123.867,46.16],[-123.9905,46.2005],[-123.937,46.082],[-123.934,45.9795],[-123.9905,45.938],[-123.9565,45.873],[-123.981,45.7605],[-123.9205,45.6625],[-123.958,45.576],[-123.971,45.452],[-123.9185,45.4175],[-123.981,45.3495],[-123.9605,45.3],[-123.971,45.1535],[-124.0345,44.8785],[-124.065,44.8235],[-124.063,44.6095],[-124.0845,44.4115],[-124.1135,44.3015],[-124.114,44.1905],[-124.151,43.8815],[-124.176,43.7625],[-124.277,43.4215],[-124.3085,43.355],[-124.3765,43.34],[-124.445,43.03],[-124.5475,42.8455],[-124.515,42.7485],[-124.4145,42.6625],[-124.3945,42.5665],[-124.4205,42.491],[-124.433,42.3295],[-124.379,42.2205],[-124.3595,42.113],[-124.293,42.0465],[-124.217,42.006],[-124.202,41.9605],[-124.219,41.85],[-124.263,41.7765],[-124.1595,41.7365],[-124.103,41.6025],[-124.062,41.436],[-124.1245,41.182],[-124.163,41.139],[-124.1105,41.0155],[-124.214,40.7015],[-124.274,40.7],[-124.386,40.5095],[-124.409,40.444],[-124.3485,40.319],[-124.3635,40.2615],[-124.116,40.107],[-124.0805,40.0355],[-124.0335,40.012],[-123.854,39.8335],[-123.824,39.718],[-123.796,39.692],[-123.77,39.5445],[-123.8165,39.444],[-123.825,39.3475],[-123.768,39.194],[-123.7355,39.159],[-123.689,39.028],[-123.725,38.9605],[-123.6485,38.8495],[-123.4335,38.687],[-123.2525,38.5105],[-123.1285,38.4495],[-123.0295,38.3125],[-122.9745,38.266],[-122.869,38.1105],[-122.9495,38.144],[-123.016,38.0005],[-122.921,38.035],[-122.8215,37.9975],[-122.7275,37.903],[-122.6725,37.9065],[-122.5285,37.8165],[-122.4775,37.825],[-122.439,37.882],[-122.5035,37.925],[-122.4875,38.105],[-122.3965,38.153],[-122.2715,38.0745],[-122.121,38.06],[-122.055,38.1335],[-122.0005,38.1375],[-121.9715,38.075],[-121.78,38.0615],[-121.837,38.023],[-122.004,38.056],[-122.148,38.0235],[-122.227,38.0585],[-122.395,37.9705],[-122.329,37.908],[-122.2955,37.8315],[-122.3315,37.7825],[-122.249,37.7485],[-122.163,37.6645],[-122.1465,37.579],[-122.0935,37.5035],[-122.183,37.5075],[-122.258,37.5715],[-122.3585,37.593],[-122.3925,37.7105],[-122.3545,37.73],[-122.419,37.811],[-122.515,37.781],[-122.4945,37.665],[-122.5205,37.5315],[-122.463,37.4965],[-122.4005,37.3595],[-122.4185,37.2525],[-122.4045,37.1945],[-122.281,37.0965],[-122.1535,36.977],[-122.061,36.949],[-121.937,36.9785],[-121.86,36.9275],[-121.79,36.806],[-121.8145,36.683],[-121.87,36.607],[-121.9375,36.639],[-121.9465,36.492],[-121.8955,36.314],[-121.8355,36.249],[-121.729,36.198],[-121.63,36.113],[-121.5665,36.02],[-121.49,35.982],[-121.463,35.8865],[-121.337,35.7865],[-121.3145,35.7135],[-121.269,35.664],[-121.1695,35.637],[-121.102,35.5495],[-121.0055,35.4605],[-120.908,35.448],[-120.871,35.4055],[-120.868,35.3305],[-120.8975,35.25],[-120.791,35.179],[-120.7065,35.174],[-120.645,35.1395],[-120.6335,35.035],[-120.673,34.9075],[-120.6155,34.858],[-120.64,34.7585],[-120.603,34.705],[-120.648,34.5855],[-120.51,34.5215],[-120.4725,34.4505],[-120.293,34.4685],[-120.1335,34.4725],[-120.01,34.461],[-119.8785,34.4065],[-119.7875,34.417],[-119.733,34.3975],[-119.617,34.4205],[-119.453,34.3685],[-119.3915,34.3185],[-119.2695,34.255],[-119.217,34.1455],[-118.937,34.043],[-118.7835,34.022],[-118.544,34.039],[-118.4445,33.9495],[-118.3915,33.836],[-118.412,33.7415],[-118.301,33.71],[-118.2545,33.7655],[-118.1525,33.759],[-118.0905,33.731],[-117.9785,33.636],[-117.7765,33.5295],[-117.509,33.335],[-117.322,33.1085],[-117.275,32.9935],[-117.2535,32.885],[-117.2835,32.8375],[-117.2575,32.784],[-117.2575,32.7015],[-117.1665,32.6695],[-117.125,32.5315],[-116.5295,32.5765],[-115.794,32.632],[-115.2795,32.671],[-114.7245,32.713],[-114.8025,32.5945],[-114.822,32.5],[-113.9615,32.234],[-113.143,31.981],[-112.3245,31.728],[-111.506,31.475],[-111.067,31.3335],[-111.0065,31.327],[-110.5215,31.327],[-109.582,31.3275],[-108.9835,31.3275],[-108.215,31.3275],[-108.215,31.778],[-107.2835,31.7755],[-106.517,31.774],[-106.429,31.7585],[-106.3585,31.7175],[-106.2865,31.58],[-106.209,31.4775],[-106.1645,31.448],[-106.0045,31.397],[-105.862,31.2885],[-105.768,31.18],[-105.591,31.0715],[-105.556,31.0025],[-105.4155,30.9025],[-105.364,30.8505],[-105.2295,30.81],[-105.1335,30.758],[-105.087,30.71],[-105.0085,30.677],[-104.8865,30.552],[-104.8525,30.439],[-104.7495,30.2645],[-104.6815,30.193],[-104.699,30.0315],[-104.6805,29.9425],[-104.6195,29.833],[-104.5705,29.7875],[-104.531,29.668],[-104.444,29.589],[-104.349,29.5375],[-104.267,29.5265],[-104.1945,29.449],[-104.0575,29.339],[-103.928,29.293],[-103.794,29.2775],[-103.7775,29.2355],[-103.673,29.1735],[-103.5415,29.149],[-103.4785,29.082],[-103.3015,29.0025],[-103.148,28.985],[-103.1045,29.058],[-103.016,29.127],[-102.9885,29.177],[-102.897,29.2205],[-102.883,29.344],[-102.8375,29.3665],[-102.841,29.4385],[-102.7795,29.5925],[-102.6835,29.7435],[-102.5155,29.7845],[-102.406,29.7775],[-102.3745,29.848],[-102.302,29.8895],[-102.1095,29.802],[-101.972,29.818],[-101.632,29.7755],[-101.554,29.7965],[-101.4095,29.766],[-101.3645,29.6765],[-101.219,29.6105],[-101.2265,29.5545],[-101.1635,29.5015],[-101.038,29.46],[-101.016,29.39],[-100.816,29.271],[-100.7625,29.174],[-100.669,29.116],[-100.6245,28.9245],[-100.519,28.805],[-100.494,28.7085],[-100.397,28.5925],[-100.3515,28.4965],[-100.2845,28.2965],[-100.1975,28.207],[-100.075,28.1545],[-100.0005,28.0205],[-99.879,27.902],[-99.8635,27.8045],[-99.7405,27.722],[-99.7005,27.659],[-99.6,27.6465],[-99.507,27.574],[-99.5095,27.5],[-99.473,27.4265],[-99.4975,27.339],[-99.432,27.2075],[-99.4615,27.057],[-99.3995,27.0125],[-99.377,26.954],[-99.2485,26.827],[-99.181,26.63],[-99.165,26.5405],[-99.115,26.5255],[-99.0855,26.4075],[-98.963,26.3995],[-98.893,26.368],[-98.796,26.3685],[-98.74,26.3035],[-98.6405,26.242],[-98.5815,26.2625],[-98.3695,26.194],[-98.3005,26.1115],[-98.2225,26.0755],[-97.9415,26.057],[-97.802,26.0635],[-97.6795,26.0345],[-97.5205,25.913],[-97.4485,25.8925],[-97.4255,25.855],[-97.3455,25.852],[-97.355,25.913],[-97.253,25.9635],[-97.1395,25.966],[-97.143,26.048],[-97.236,25.984],[-97.2465,26.0705],[-97.3105,26.1235],[-97.3085,26.201],[-97.361,26.286],[-97.352,26.354],[-97.448,26.42],[-97.425,26.535],[-97.4885,26.775],[-97.555,26.825],[-97.55,27.009],[-97.4805,27.022],[-97.497,27.106],[-97.446,27.1325],[-97.44,27.272],[-97.521,27.232],[-97.6295,27.2445],[-97.74,27.3935],[-97.7175,27.4275],[-97.63,27.3],[-97.534,27.352],[-97.4225,27.328],[-97.3295,27.5495],[-97.263,27.6795],[-97.356,27.742],[-97.3855,27.83],[-97.487,27.8355],[-97.521,27.873],[-97.267,27.8795],[-97.184,27.8365],[-97.025,28.0415],[-97.021,28.1005],[-97.106,28.071],[-97.13,28.017],[-97.2175,28.075],[-97.1575,28.134],[-97.0075,28.1945],[-97.02,28.14],[-96.945,28.1265],[-96.88,28.1505],[-96.7825,28.2415],[-96.781,28.332],[-96.8445,28.4155],[-96.7775,28.4375],[-96.706,28.3885],[-96.6535,28.3195],[-96.404,28.435],[-96.5205,28.549],[-96.582,28.579],[-96.6455,28.687],[-96.5905,28.7205],[-96.5595,28.6545],[-96.447,28.6355],[-96.39,28.6885],[-96.346,28.6355],[-96.2605,28.6885],[-96.2155,28.648],[-96.205,28.5865],[-96.0265,28.651],[-95.94,28.6255],[-95.952,28.6885],[-95.8175,28.7325],[-95.689,28.7365],[-95.602,28.764],[-95.419,28.8725],[-95.3795,28.8805],[-95.26,28.982],[-95.159,29.0455],[-95.159,29.1525],[-95.065,29.204],[-94.889,29.376],[-94.943,29.422],[-94.984,29.514],[-95.024,29.542],[-95.0155,29.7205],[-94.876,29.666],[-94.8265,29.768],[-94.7445,29.782],[-94.6925,29.6965],[-94.755,29.5245],[-94.6055,29.5525],[-94.6225,29.49],[-94.701,29.463],[-94.782,29.3935],[-94.7425,29.3745],[-94.6545,29.452],[-94.06,29.682],[-93.876,29.675],[-93.876,29.7235],[-93.9325,29.776],[-93.9245,29.8655],[-93.854,29.9865],[-93.76,29.9605],[-93.782,29.8565],[-93.888,29.807],[-93.879,29.75],[-93.831,29.7],[-93.7395,29.737],[-93.4535,29.7705],[-93.3455,29.762],[-93.1995,29.773],[-93.027,29.733],[-92.683,29.604],[-92.546,29.5715],[-92.2765,29.534],[-92.137,29.587],[-92.1075,29.6205],[-92.15,29.7075],[-92.134,29.757],[-92.0005,29.799],[-91.9845,29.832],[-91.8475,29.831],[-91.878,29.7595],[-91.8585,29.719],[-91.7785,29.7485],[-91.6845,29.753],[-91.6305,29.729],[-91.644,29.645],[-91.569,29.647],[-91.5345,29.534],[-91.429,29.528],[-91.321,29.4965],[-91.278,29.524],[-91.22,29.4045],[-91.1215,29.338],[-91.113,29.271],[-91.154,29.2505],[-91.1915,29.3315],[-91.2465,29.378],[-91.328,29.295],[-91.2285,29.2385],[-91.124,29.223],[-91.0795,29.196],[-90.93,29.1715],[-90.884,29.134],[-90.8285,29.1765],[-90.706,29.1195],[-90.641,29.1575],[-90.6405,29.202],[-90.562,29.3005],[-90.483,29.291],[-90.426,29.3505],[-90.3935,29.2985],[-90.3375,29.2935],[-90.251,29.2475],[-90.2715,29.1675],[-90.229,29.0865],[-90.08,29.1745],[-90.095,29.284],[-90.0365,29.366],[-90.07,29.46],[-90.1435,29.477],[-90.2095,29.5385],[-90.0805,29.5375],[-89.971,29.4735],[-89.9075,29.477],[-89.782,29.3915],[-89.7575,29.343],[-89.6225,29.285],[-89.608,29.256],[-89.4825,29.243],[-89.3835,29.088],[-89.312,29.0725],[-89.4075,28.9695],[-89.374,28.9475],[-89.3095,29.05],[-89.2495,29.065],[-89.188,29.0305],[-89.0825,29.119],[-89.023,29.1475],[-89.1265,29.2495],[-89.202,29.353],[-89.3425,29.346],[-89.434,29.4035],[-89.516,29.3925],[-89.5415,29.471],[-89.6685,29.522],[-89.7235,29.6015],[-89.639,29.6205],[-89.654,29.675],[-89.5855,29.6885],[-89.5445,29.751],[-89.457,29.8295],[-89.42,29.792],[-89.3315,29.88],[-89.4345,29.929],[-89.4275,30.0585],[-89.571,29.9885],[-89.5755,29.931],[-89.6195,29.88],[-89.6865,29.8825],[-89.839,29.9955],[-89.8005,30.051],[-89.7475,30.041],[-89.681,30.0765],[-89.6395,30.1405],[-89.789,30.099],[-89.8805,30.155],[-89.9275,30.0955],[-90.037,30.0405],[-90.1685,30.0245],[-90.266,30.06],[-90.339,30.066],[-90.433,30.1435],[-90.405,30.22],[-90.331,30.276],[-90.2225,30.3875],[-90.0585,30.3605],[-89.969,30.2645],[-89.884,30.2645],[-89.826,30.2315],[-89.7705,30.2395],[-89.7085,30.1755],[-89.5235,30.196],[-89.4425,30.19],[-89.421,30.258],[-89.33,30.303],[-89.322,30.381],[-89.24,30.3205],[-89.0135,30.3775],[-88.9275,30.442],[-88.846,30.4225],[-88.742,30.354],[-88.662,30.3545],[-88.5985,30.395],[-88.5585,30.3485],[-88.4705,30.324],[-88.3555,30.404],[-88.187,30.3675],[-88.12,30.3385],[-88.112,30.453],[-88.0525,30.6545],[-88.0065,30.688],[-87.9425,30.6595],[-87.9105,30.549],[-87.9405,30.483],[-87.9165,30.4235],[-87.776,30.313],[-87.7865,30.237],[-87.6545,30.252],[-87.59,30.2755],[-87.573,30.3215],[-87.4735,30.359],[-87.471,30.2935],[-87.329,30.3195],[-87.2025,30.419],[-87.157,30.4745],[-87.1545,30.5805],[-87.0605,30.495],[-87.0155,30.521],[-86.94,30.4565],[-87.0445,30.3895],[-86.68,30.4225],[-86.4845,30.48],[-86.4085,30.4615],[-86.286,30.4975],[-86.1515,30.4575],[-86.145,30.396],[-86.231,30.415],[-86.365,30.381],[-86.066,30.306],[-85.8645,30.2165],[-85.7445,30.1395],[-85.767,30.2405],[-85.8545,30.265],[-85.7545,30.3195],[-85.7085,30.247],[-85.671,30.123],[-85.3565,29.8885],[-85.302,29.798],[-85.308,29.6935],[-85.2405,29.6885],[-85.1245,29.722],[-85.0045,29.716],[-84.8735,29.8045],[-84.8865,29.73],[-84.7335,29.7915],[-84.653,29.853],[-84.5085,29.922],[-84.349,29.902],[-84.343,29.947],[-84.445,29.9685],[-84.391,30.0245],[-84.2695,30.0925],[-84.1475,30.088],[-84.024,30.1065],[-83.8565,30.0025],[-83.7875,29.9895],[-83.6805,29.9215],[-83.5935,29.826],[-83.577,29.765],[-83.5275,29.716],[-83.409,29.6675],[-83.405,29.5315],[-83.278,29.4385],[-83.2155,29.4105],[-83.1575,29.305],[-83.085,29.272],[-83.024,29.175],[-82.849,29.182],[-82.7735,29.1195],[-82.755,29.01],[-82.685,28.913],[-82.6445,28.9005],[-82.637,28.7465],[-82.664,28.448],[-82.7875,28.194],[-82.7675,28.106],[-82.8425,27.8285],[-82.796,27.8155],[-82.6845,27.701],[-82.638,27.701],[-82.596,27.83],[-82.6045,27.8815],[-82.719,27.928],[-82.68,28.0135],[-82.596,27.983],[-82.485,27.8925],[-82.4215,27.917],[-82.398,27.796],[-82.544,27.65],[-82.5785,27.5475],[-82.661,27.5205],[-82.6455,27.443],[-82.5735,27.395],[-82.542,27.3085],[-82.562,27.2765],[-82.3765,26.9405],[-82.343,26.935],[-82.314,26.8495],[-82.198,26.803],[-82.16,26.8625],[-82.1445,26.9405],[-82.057,26.866],[-82.082,26.68],[-82.039,26.528],[-81.9745,26.5105],[-81.9235,26.455],[-81.856,26.449],[-81.852,26.342],[-81.822,26.293],[-81.819,26.1705],[-81.801,26.0985],[-81.6645,25.9815],[-81.6845,25.925],[-81.564,25.9205],[-81.396,25.8515],[-81.3215,25.7825],[-81.357,25.7535],[-81.2795,25.704],[-81.2145,25.5275],[-81.171,25.475],[-81.149,25.3955],[-81.095,25.3515],[-80.981,25.3185],[-80.924,25.2635],[-80.9445,25.2125],[-81.078,25.273],[-81.1485,25.331],[-81.177,25.228],[-81.149,25.1655],[-81.0865,25.1215],[-80.91,25.1455],[-80.855,25.186],[-80.773,25.1455],[-80.711,25.1455],[-80.657,25.19],[-80.6065,25.1885],[-80.5805,25.2415],[-80.519,25.217],[-80.427,25.2215],[-80.396,25.2955],[-80.3145,25.371],[-80.3425,25.4935],[-80.307,25.618],[-80.2405,25.7295],[-80.196,25.754],[-80.1765,25.8585],[-80.1295,25.888],[-80.113,26.069],[-80.0775,26.2875],[-80.0535,26.5565],[-80.0325,26.5875],[-80.038,26.811],[-80.0755,26.973],[-80.149,27.1385],[-80.177,27.1505],[-80.3455,27.5145],[-80.381,27.666],[-80.7385,28.3735],[-80.766,28.451],[-80.7975,28.6085],[-80.828,28.6615],[-80.848,28.7905],[-80.7495,28.724],[-80.7805,28.6805],[-80.766,28.6125],[-80.684,28.595],[-80.6095,28.61],[-80.588,28.506],[-80.618,28.3795],[-80.62,28.207],[-80.592,28.208],[-80.594,28.4015],[-80.5405,28.4515],[-80.5675,28.558],[-80.922,29.0685],[-81.072,29.363],[-81.1785,29.5855],[-81.256,29.7895],[-81.274,29.89],[-81.3285,30.053],[-81.395,30.2985],[-81.3895,30.384],[-81.4475,30.508],[-81.4285,30.6815],[-81.4995,30.7045],[-81.4925,30.772],[-81.519,30.842],[-81.4995,30.968],[-81.424,31.025],[-81.4565,31.1905],[-81.386,31.142],[-81.27,31.275],[-81.3285,31.3155],[-81.364,31.416],[-81.301,31.571],[-81.1965,31.7175],[-81.119,31.7375],[-81.061,31.788],[-81.0745,31.8885],[-80.9805,31.8655],[-80.9495,31.9135],[-80.8355,32.003],[-80.8875,32.0695],[-80.737,32.152],[-80.678,32.2145],[-80.799,32.3195],[-80.7595,32.361],[-80.637,32.267],[-80.5535,32.279],[-80.471,32.3225],[-80.441,32.366],[-80.47,32.442],[-80.571,32.4915],[-80.525,32.54],[-80.4095,32.481],[-80.331,32.4865],[-80.149,32.5815],[-80.005,32.6115],[-79.9815,32.6485],[-79.8875,32.688],[-79.851,32.7585],[-79.7445,32.7995],[-79.693,32.86],[-79.6075,32.916],[-79.623,32.9555],[-79.585,33.014],[-79.52,33.041],[-79.4915,32.9915],[-79.387,33.0175],[-79.3715,33.064],[-79.3075,33.0955],[-79.203,33.193],[-79.133,33.4175],[-78.938,33.642],[-78.7635,33.7785],[-78.559,33.869],[-78.3675,33.917],[-78.2525,33.925],[-78.0325,33.8925],[-77.972,33.9525],[-77.911,33.958],[-77.8745,34.1225],[-77.8325,34.207],[-77.6685,34.376],[-77.536,34.4685],[-77.379,34.527],[-77.2535,34.5945],[-77.2015,34.6505],[-76.896,34.739],[-76.658,34.722],[-76.5715,34.781],[-76.504,34.7665],[-76.3355,34.8995],[-76.2935,34.985],[-76.3775,34.966],[-76.548,34.9995],[-76.6425,34.984],[-76.762,34.9125],[-76.8055,34.9445],[-76.9405,34.98],[-76.9465,35.0685],[-76.839,34.9925],[-76.7645,34.989],[-76.608,35.08],[-76.5605,35.1245],[-76.664,35.181],[-76.493,35.23],[-76.497,35.3115],[-76.694,35.3535],[-76.817,35.3965],[-76.904,35.444],[-76.9765,35.438],[-76.994,35.497],[-76.822,35.453],[-76.7585,35.419],[-76.7045,35.4305],[-76.6,35.395],[-76.575,35.4975],[-76.4985,35.3915],[-76.4425,35.404],[-76.2685,35.3485],[-76.1505,35.347],[-75.897,35.579],[-75.754,35.612],[-75.725,35.698],[-75.743,35.768],[-75.722,35.829],[-75.7905,35.9325],[-75.853,35.98],[-75.99,35.887],[-75.995,35.7305],[-76.065,35.768],[-76.0855,35.8635],[-76.0485,35.9835],[-76.1955,35.9935],[-76.3875,35.9385],[-76.473,35.9725],[-76.558,35.9385],[-76.73,35.9455],[-76.687,36.056],[-76.5245,36.0135],[-76.4115,36.083],[-76.1955,36.1035],[-76.0205,36.1915],[-75.8595,36.1615],[-75.838,36.098],[-75.7855,36.0815],[-75.9165,36.4025],[-76.0115,36.4605],[-75.901,36.496],[-75.9145,36.576],[-75.9755,36.6065],[-75.928,36.706],[-75.989,36.912],[-76.0355,36.935],[-76.126,36.9165],[-76.269,36.9615],[-76.3285,36.9295],[-76.3175,36.8835],[-76.476,36.908],[-76.5715,37.0275],[-76.6595,37.0435],[-76.67,37.185],[-76.718,37.15],[-76.802,37.2065],[-76.8935,37.2065],[-76.878,37.269],[-76.73,37.22],[-76.655,37.234],[-76.6175,37.199],[-76.611,37.1195],[-76.453,37.03],[-76.429,36.9765],[-76.296,37.0135],[-76.27,37.0695],[-76.298,37.1445],[-76.468,37.214],[-76.606,37.296],[-76.6765,37.395],[-76.6425,37.409],[-76.496,37.249],[-76.3785,37.2725],[-76.4095,37.408],[-76.3215,37.3865],[-76.2575,37.3355],[-76.2445,37.4495],[-76.3565,37.522],[-76.443,37.6185],[-76.522,37.615],[-76.571,37.653],[-76.6135,37.7395],[-76.6685,37.7555],[-76.713,37.847],[-76.5835,37.7775],[-76.4895,37.6585],[-76.4465,37.671],[-76.3495,37.628],[-76.317,37.732],[-76.25,37.823],[-76.248,37.9035],[-76.5305,38.025],[-76.5345,38.075],[-76.6145,38.1505],[-76.882,38.177],[-76.954,38.21],[-76.9655,38.267],[-77.03,38.3075],[-77.015,38.3725],[-77.249,38.33],[-77.292,38.3405],[-77.3265,38.451],[-77.23,38.6565],[-77.1845,38.605],[-77.267,38.494],[-77.2555,38.3935],[-77.2035,38.3645],[-77.06,38.4285],[-77.0215,38.4615],[-76.9735,38.3445],[-76.922,38.2915],[-76.7545,38.2275],[-76.6165,38.2235],[-76.434,38.132],[-76.3515,38.0575],[-76.3205,38.139],[-76.3875,38.227],[-76.4195,38.3215],[-76.396,38.3915],[-76.512,38.5275],[-76.5215,38.725],[-76.5515,38.7755],[-76.4595,38.912],[-76.486,38.9865],[-76.3985,39.0145],[-76.449,39.195],[-76.3905,39.2715],[-76.4245,39.3235],[-76.2095,39.3645],[-76.1225,39.411],[-76.065,39.471],[-76.1205,39.495],[-76.083,39.558],[-76.0085,39.5485],[-75.9995,39.4855],[-75.9345,39.4745],[-76.0345,39.393],[-76.1055,39.372],[-76.175,39.316],[-76.2725,39.1515],[-76.2425,39.127],[-76.1305,39.118],[-76.168,39.0565],[-76.151,39.009],[-76.216,38.9745],[-76.322,39.0065],[-76.329,38.9165],[-76.247,38.951],[-76.1545,38.8955],[-76.2125,38.8075],[-76.3045,38.8225],[-76.3405,38.7285],[-76.2365,38.715],[-76.1455,38.665],[-76.182,38.618],[-76.2775,38.6245],[-76.2425,38.5565],[-76.2545,38.48],[-76.319,38.474],[-76.221,38.344],[-76.193,38.383],[-76.1175,38.2985],[-76.0285,38.242],[-75.9065,38.271],[-75.856,38.2195],[-75.9415,38.1555],[-75.8145,38.135],[-75.8865,37.988],[-75.858,37.931],[-75.7865,37.976],[-75.6725,37.972],[-75.743,37.912],[-75.671,37.8925],[-75.708,37.833],[-75.798,37.796],[-75.7885,37.7275],[-75.9215,37.6105],[-75.894,37.5625],[-75.952,37.516],[-75.926,37.4785],[-76.0105,37.3165],[-76.017,37.258],[-75.9665,37.135],[-75.8875,37.357],[-75.8285,37.3905],[-75.8185,37.454],[-75.4925,37.831],[-75.425,37.875],[-75.4345,37.962],[-75.3785,38.0115],[-75.334,38.1115],[-75.2905,38.111],[-75.2425,38.227],[-75.1545,38.241],[-75.1045,38.316],[-75.1255,38.3605],[-75.0575,38.5525],[-75.126,38.59],[-75.121,38.684],[-75.066,38.678],[-75.0845,38.796],[-75.1665,38.7945],[-75.3105,38.928],[-75.315,38.984],[-75.394,39.0555],[-75.394,39.2245],[-75.4345,39.315],[-75.491,39.3535],[-75.588,39.463],[-75.5315,39.478],[-75.3595,39.338],[-75.2495,39.297],[-75.167,39.2345],[-75.1595,39.1985],[-75.0265,39.2105],[-74.9385,39.1925],[-74.8875,39.147],[-74.9525,39.0075],[-74.9675,38.936],[-74.875,38.9445],[-74.8035,38.9875],[-74.7455,39.0545],[-74.6545,39.2015],[-74.579,39.268],[-74.5095,39.379],[-74.359,39.55],[-74.2565,39.6115],[-74.1675,39.6995],[-74.19,39.744],[-74.1275,39.8485],[-74.1035,40.014],[-74.0575,40.012],[-73.992,40.227],[-73.9725,40.3275],[-73.979,40.4495],[-74.0325,40.4215],[-74.197,40.441],[-74.2825,40.4975],[-74.2215,40.572],[-74.2095,40.634],[-74.096,40.655],[-74.032,40.714],[-73.918,40.9315],[-73.9065,41.0165],[-73.918,41.1635],[-73.8755,41.1535],[-73.872,41.0335],[-73.927,40.805],[-73.82,40.839],[-73.7645,40.91],[-73.677,40.955],[-73.6345,41.007],[-73.565,41.019],[-73.3325,41.1135],[-73.2715,41.1175],[-73.17,41.1695],[-73.014,41.2065],[-72.906,41.3005],[-72.8925,41.245],[-72.7795,41.27],[-72.6865,41.2565],[-72.605,41.284],[-72.508,41.2565],[-72.4335,41.29],[-72.288,41.283],[-72.1945,41.324],[-72.1105,41.311],[-71.898,41.3465],[-71.829,41.317],[-71.599,41.3675],[-71.4975,41.3665],[-71.426,41.4685],[-71.443,41.5745],[-71.3555,41.7465],[-71.2605,41.651],[-71.207,41.646],[-71.186,41.4685],[-71.0495,41.552],[-71.04,41.507],[-70.925,41.5505],[-70.9075,41.615],[-70.7745,41.646],[-70.722,41.7015],[-70.6585,41.722],[-70.6585,41.5215],[-70.5045,41.5635],[-70.4285,41.632],[-70.24,41.6435],[-69.978,41.682],[-69.939,41.674],[-69.9435,41.8575],[-70.07,41.7735],[-70.2745,41.715],[-70.439,41.756],[-70.533,41.816],[-70.524,41.8685],[-70.566,41.9555],[-70.655,41.957],[-70.665,42.0105],[-70.631,42.0925],[-70.784,42.2595],[-70.963,42.28],[-71.0385,42.308],[-70.9745,42.4165],[-70.838,42.499],[-70.8615,42.547],[-70.6475,42.6045],[-70.598,42.665],[-70.659,42.6845],[-70.757,42.657],[-70.8195,42.7185],[-70.801,42.7925],[-70.8155,42.8705],[-70.7095,43.065],[-70.66,43.094],[-70.569,43.229],[-70.5815,43.275],[-70.5195,43.3395],[-70.3825,43.3935],[-70.3565,43.527],[-70.205,43.561],[-70.198,43.6095],[-70.239,43.7],[-70.109,43.8065],[-69.986,43.863],[-69.858,43.7545],[-69.7875,43.7375],[-69.7075,43.827],[-69.759,43.8865],[-69.657,44.009],[-69.6495,43.8975],[-69.5675,43.9415],[-69.479,43.8805],[-69.4305,43.993],[-69.37,44.0215],[-69.2635,43.93],[-69.1915,43.952],[-69.119,44.041],[-69.076,44.0525],[-69.0885,44.1365],[-68.999,44.295],[-68.9445,44.349],[-68.9865,44.421],[-68.8275,44.479],[-68.8015,44.5605],[-68.7425,44.5375],[-68.8005,44.4455],[-68.821,44.3145],[-68.756,44.3345],[-68.6335,44.2965],[-68.526,44.295],[-68.563,44.4005],[-68.4645,44.4345],[-68.423,44.405],[-68.3545,44.466],[-68.27,44.486],[-68.1115,44.48],[-68.0975,44.3855],[-68.0195,44.3765],[-67.8995,44.422],[-67.8525,44.4825],[-67.875,44.542],[-67.8065,44.5755],[-67.714,44.501],[-67.6835,44.548],[-67.575,44.5535],[-67.539,44.646],[-67.4725,44.603],[-67.4045,44.6055],[-67.327,44.6575],[-67.2245,44.644],[-67.0325,44.767],[-66.9775,44.8155],[-67.0625,44.9315],[-67.052,44.9835],[-67.1045,45.038],[-67.176,45.1785],[-67.2425,45.2025],[-67.3565,45.166],[-67.475,45.2825],[-67.429,45.387],[-67.493,45.493],[-67.426,45.5335],[-67.45,45.611],[-67.552,45.6105],[-67.6605,45.6375],[-67.7175,45.6855],[-67.8,45.7],[-67.811,45.7665],[-67.773,45.828],[-67.799,45.8755],[-67.7845,45.96],[-67.7895,46.229],[-67.805,47.0355],[-67.9625,47.1975],[-68.197,47.3415],[-68.2995,47.368],[-68.3855,47.3015],[-68.5395,47.3],[-68.644,47.2455],[-68.762,47.237],[-68.906,47.19],[-69.04,47.249],[-69.0695,47.432],[-69.222,47.4595],[-69.2675,47.44],[-69.8095,46.9015],[-70.008,46.704],[-70.0745,46.4195],[-70.1885,46.3585],[-70.281,46.212],[-70.244,46.141],[-70.3115,46.072],[-70.317,45.999],[-70.2625,45.923],[-70.417,45.794],[-70.4075,45.7315],[-70.5895,45.652],[-70.687,45.5725],[-70.723,45.471],[-70.6505,45.4275],[-70.6965,45.3885],[-70.772,45.43],[-70.834,45.393],[-70.8355,45.31],[-70.907,45.246],[-70.9515,45.332],[-71.0165,45.343],[-71.1415,45.2525],[-71.2935,45.2925],[-71.395,45.2415],[-71.504,45.0135],[-72.302,45.01],[-73.399,45.0045],[-74.197,45.0005],[-74.713,44.9995],[-74.8685,45.01],[-75.1295,44.925],[-75.27,44.864],[-75.6995,44.5815],[-75.7915,44.4965],[-75.77,44.446],[-76.054,44.2655],[-76.1835,44.223],[-76.3575,44.1315],[-76.3605,44.096],[-76.2745,44.062],[-76.2095,44.0855],[-76.1325,44.046],[-76.146,43.917],[-76.205,43.8745],[-76.2785,43.884],[-76.168,43.6685],[-76.188,43.5865],[-76.2465,43.5385],[-76.334,43.521],[-76.4195,43.534],[-76.4905,43.484],[-76.668,43.4015],[-76.713,43.339],[-76.983,43.2845],[-77.3665,43.298],[-77.538,43.257],[-77.6245,43.2715],[-77.749,43.3445],[-78.1065,43.394],[-78.227,43.38],[-78.38,43.396],[-78.6895,43.3615],[-79.0585,43.278],[-79.0485,43.1705],[-79.065,43.1055],[-78.915,43.0765],[-78.893,43.0295],[-78.9365,42.9795],[-78.8675,42.8455],[-78.916,42.7575],[-79.0315,42.714],[-79.1505,42.581],[-79.3685,42.49],[-79.471,42.407],[-79.752,42.272],[-79.889,42.2295],[-80.019,42.167],[-80.1625,42.1185],[-80.376,42.0235],[-80.8695,41.8935],[-81.026,41.8455],[-81.3485,41.7295],[-81.672,41.522],[-81.743,41.4975],[-81.8775,41.49],[-82.0405,41.511],[-82.251,41.45],[-82.363,41.439],[-82.505,41.3955],[-82.6165,41.4545],[-82.829,41.4705],[-82.9255,41.4325],[-82.959,41.4895],[-82.8845,41.5365],[-83.019,41.5535],[-83.0955,41.6195],[-83.2185,41.646],[-83.315,41.709],[-83.459,41.7215],[-83.4205,41.8105],[-83.267,41.9825],[-83.2215,41.9945],[-83.146,42.233],[-83.1255,42.2685],[-83.0425,42.341],[-82.938,42.366],[-82.89,42.4035],[-82.8635,42.5575],[-82.7735,42.5995],[-82.8145,42.6315],[-82.7055,42.702],[-82.6315,42.6695],[-82.6445,42.5575],[-82.576,42.572],[-82.5115,42.6465],[-82.4715,42.78],[-82.4855,42.8185],[-82.4165,43.0175],[-82.476,43.102],[-82.5265,43.2765],[-82.547,43.451],[-82.5795,43.5285],[-82.637,43.812],[-82.6895,43.9215],[-82.8115,44.026],[-82.9235,44.07],[-83.0335,44.052],[-83.0865,44.014],[-83.267,43.9765],[-83.389,43.8545],[-83.4905,43.703],[-83.538,43.7265],[-83.6045,43.6515],[-83.679,43.608],[-83.9045,43.682],[-83.9435,43.728],[-83.9255,43.8805],[-83.8895,43.9585],[-83.822,44.0045],[-83.696,44.0045],[-83.6785,44.045],[-83.5925,44.0625],[-83.5325,44.266],[-83.3535,44.3295],[-83.3215,44.408],[-83.315,44.624],[-83.2875,44.703],[-83.309,44.833],[-83.3425,44.8925],[-83.4345,44.9535],[-83.46,44.998],[-83.4345,45.065],[-83.305,45.096],[-83.322,45.162],[-83.409,45.238],[-83.3835,45.279],[-83.51,45.3585],[-83.6745,45.387],[-83.7195,45.4225],[-83.844,45.4415],[-83.943,45.501],[-84.096,45.5045],[-84.224,45.6425],[-84.318,45.674],[-84.4585,45.6705],[-84.576,45.7305],[-84.7745,45.8],[-84.823,45.765],[-84.9455,45.737],[-85.0825,45.6315],[-85.104,45.527],[-85.021,45.439],[-85.042,45.3795],[-85.1745,45.377],[-85.3345,45.3155],[-85.3995,45.227],[-85.378,45.101],[-85.424,44.93],[-85.522,44.998],[-85.587,44.827],[-85.6595,44.8545],[-85.607,44.9495],[-85.623,45.0245],[-85.579,45.0615],[-85.6035,45.144],[-85.693,45.1145],[-85.7615,45.0625],[-85.847,44.9495],[-85.937,44.9835],[-86.001,44.9155],[-86.0595,44.9225],[-86.103,44.7475],[-86.226,44.731],[-86.2695,44.6885],[-86.234,44.5855],[-86.2635,44.4955],[-86.2675,44.3745],[-86.4125,44.162],[-86.5185,44.083],[-86.522,44.045],[-86.4525,43.958],[-86.442,43.785],[-86.522,43.699],[-86.543,43.6275],[-86.505,43.5395],[-86.2725,43.1035],[-86.2225,42.9645],[-86.219,42.7095],[-86.273,42.472],[-86.379,42.255],[-86.4925,42.1295],[-86.603,41.94],[-86.6565,41.876],[-86.801,41.777],[-87.0295,41.681],[-87.2015,41.635],[-87.386,41.64],[-87.4935,41.698],[-87.5775,41.7885],[-87.6485,41.9445],[-87.6875,42.085],[-87.7515,42.125],[-87.8225,42.2795],[-87.8035,42.4825],[-87.8105,42.6535],[-87.7805,42.704],[-87.783,42.812],[-87.8385,42.877],[-87.841,42.9585],[-87.8955,43.0405],[-87.872,43.096],[-87.9075,43.267],[-87.872,43.3735],[-87.808,43.466],[-87.7875,43.5815],[-87.7005,43.7095],[-87.732,43.8235],[-87.7245,43.9255],[-87.6375,44.1005],[-87.55,44.1485],[-87.496,44.2205],[-87.55,44.313],[-87.4855,44.526],[-87.3655,44.6925],[-87.328,44.8035],[-87.45,44.886],[-87.5895,44.856],[-87.66,44.813],[-87.767,44.6565],[-87.9045,44.5935],[-87.9225,44.553],[-88.0325,44.5675],[-87.9715,44.7405],[-87.841,44.8935],[-87.823,44.949],[-87.6875,44.9775],[-87.6365,45.007],[-87.5605,45.191],[-87.345,45.4225],[-87.282,45.539],[-87.1735,45.669],[-87.0945,45.7],[-87.0565,45.818],[-86.9815,45.7855],[-86.9835,45.705],[-86.857,45.7315],[-86.7385,45.868],[-86.6775,45.8425],[-86.57,45.8925],[-86.569,45.8025],[-86.6285,45.7845],[-86.7125,45.6735],[-86.6245,45.653],[-86.5245,45.762],[-86.374,45.8065],[-86.298,45.9265],[-86.252,45.9545],[-86.08,45.9735],[-85.9235,45.953],[-85.8975,45.9755],[-85.662,45.985],[-85.5455,46.098],[-85.3395,46.1095],[-85.261,46.075],[-85.1705,46.0695],[-85.021,46.025],[-84.8245,45.8805],[-84.7345,45.857],[-84.73,45.9525],[-84.6565,46.0565],[-84.4535,46.0135],[-84.223,45.9935],[-84.0225,45.964],[-83.903,45.982],[-84.0495,46.0935],[-84.028,46.1495],[-84.2585,46.2125],[-84.2025,46.2505],[-84.2245,46.3555],[-84.106,46.3465],[-84.159,46.4335],[-84.1105,46.5265],[-84.1975,46.5465],[-84.3055,46.5015],[-84.423,46.5115],[-84.4915,46.4575],[-84.57,46.4235],[-84.6565,46.502],[-84.8355,46.4595],[-85.056,46.533],[-85.0135,46.724],[-85.039,46.7725],[-85.2005,46.7755],[-85.522,46.684],[-85.8605,46.7085],[-86.091,46.6755],[-86.1455,46.6905],[-86.283,46.622],[-86.4885,46.5535],[-86.6255,46.444],[-86.76,46.501],[-86.882,46.46],[-86.9705,46.5405],[-87.081,46.5395],[-87.1115,46.5125],[-87.226,46.5025],[-87.348,46.5165],[-87.3925,46.5975],[-87.4595,46.6255],[-87.598,46.7655],[-87.6295,46.8285],[-87.731,46.855],[-87.7965,46.901],[-88.064,46.931],[-88.1985,46.9115],[-88.235,46.944],[-88.3865,46.8545],[-88.483,46.848],[-88.441,46.982],[-88.518,47.062],[-88.5355,47.125],[-88.635,47.151],[-88.626,47.2145],[-88.684,47.228],[-88.8865,47.115],[-88.9685,47.019],[-89.131,47.006],[-89.227,46.936],[-89.3975,46.864],[-89.794,46.83],[-90.0595,46.6805],[-90.362,46.6085],[-90.4355,46.5765],[-90.57,46.607],[-90.73,46.684],[-90.781,46.637],[-90.901,46.602],[-90.863,46.701],[-90.8545,46.799],[-90.7615,46.8975],[-90.8395,46.9645],[-90.966,46.95],[-91.128,46.8595],[-91.225,46.8845],[-91.4145,46.7945],[-91.793,46.706],[-91.9635,46.6905],[-92.059,46.724],[-92.0955,46.804],[-91.8975,46.9115],[-91.7985,46.95],[-91.655,47.0335],[-91.582,47.0965],[-91.511,47.122],[-91.0125,47.493],[-90.949,47.5125],[-90.7915,47.616],[-90.533,47.7115],[-90.0855,47.8115],[-89.743,47.931],[-89.6365,47.999],[-89.582,47.9965],[-89.8035,48.014],[-89.9025,47.986],[-89.9805,48.01],[-90.0735,48.101],[-90.1785,48.1165],[-90.5315,48.0845],[-90.587,48.105],[-90.7015,48.0845],[-90.7865,48.1005],[-90.8405,48.22],[-90.923,48.227],[-91.071,48.171],[-91.2765,48.065],[-91.428,48.0365],[-91.575,48.048],[-91.581,48.081],[-91.6925,48.098],[-91.765,48.1875],[-91.9575,48.2285],[-92.0435,48.3345],[-92.1545,48.35],[-92.303,48.311],[-92.291,48.2495],[-92.3845,48.2325],[-92.4625,48.3295],[-92.4675,48.3945],[-92.527,48.4455],[-92.704,48.445],[-92.6485,48.5365],[-92.884,48.58],[-92.9795,48.6175],[-93.2575,48.6305],[-93.4515,48.5975],[-93.492,48.5425],[-93.757,48.5165],[-93.8095,48.5435],[-93.875,48.636],[-94.232,48.652],[-94.3115,48.714],[-94.4795,48.7005],[-94.593,48.7265],[-94.711,48.8075],[-94.711,48.9145],[-94.811,49.1665],[-94.8275,49.293],[-94.9825,49.356],[-95.1605,49.3695],[-95.1595,49.012],[-95.177,48.9925],[-95.8365,48.9925],[-96.716,48.9925],[-97.375,48.9925],[-98.474,48.9925],[-99.1335,48.9925],[-99.793,48.9925],[-100.6725,48.9925],[-101.3315,48.9925],[-101.991,48.9925],[-102.8705,48.9925],[-103.53,48.9925],[-104.189,48.9925],[-105.0575,48.9925],[-105.9475,48.9925],[-106.607,48.9925],[-107.2665,48.9925],[-108.146,48.9925],[-109.025,48.9925],[-109.4645,48.9925],[-110.5635,48.9925],[-111.443,48.9925],[-112.322,48.9925],[-112.9815,48.9925],[-113.641,48.9925],[-114.5205,48.9925],[-115.6195,48.9925],[-116.4985,48.9925],[-117.378,48.9925],[-118.257,48.9925],[-119.136,48.9925],[-119.576,48.9925],[-120.675,48.9925],[-121.554,48.9925],[-122.753,48.9925]]],[[[-130.279,55],[-131,55],[-130.9325,54.94],[-130.934,54.8245],[-130.8665,54.773],[-130.777,54.8315],[-130.5805,54.8065],[-130.3655,54.9075],[-130.279,55]]],[[[-97.0755,27.8145],[-97.2305,27.651],[-97.3705,27.3485],[-97.39,27.2455],[-97.3515,27.235],[-97.3205,27.3575],[-97.178,27.653],[-97.0755,27.8145]]],[[[-96.88,28.13],[-96.9725,28.01],[-96.938,27.983],[-96.85,28.071],[-96.88,28.13]]],[[[-96.4275,28.3935],[-96.4555,28.336],[-96.515,28.337],[-96.7105,28.2135],[-96.808,28.1875],[-96.781,28.1265],[-96.7025,28.1855],[-96.5225,28.2895],[-96.417,28.329],[-96.4275,28.3935]]],[[[-80.6775,28.579],[-80.74,28.5175],[-80.7195,28.3885],[-80.658,28.4375],[-80.612,28.569],[-80.6775,28.579]]],[[[-94.8145,29.353],[-94.943,29.223],[-95.0815,29.136],[-95.076,29.114],[-94.7245,29.333],[-94.8145,29.353]]],[[[-91.802,29.49],[-91.72,29.5815],[-91.7885,29.5925],[-91.8615,29.637],[-91.9295,29.647],[-92.0125,29.6135],[-92.0205,29.569],[-91.8405,29.484],[-91.802,29.49]]],[[[-86.694,30.408],[-86.8905,30.393],[-86.902,30.3635],[-86.694,30.408]]],[[[-81.4785,30.806],[-81.4415,30.8275],[-81.4195,30.9255],[-81.482,30.9045],[-81.4785,30.806]]],[[[-118.359,32.828],[-118.4835,32.9215],[-118.577,33.0325],[-118.607,33.031],[-118.499,32.8505],[-118.425,32.8025],[-118.359,32.828]]],[[[-118.5155,33.423],[-118.4635,33.3235],[-118.3085,33.3365],[-118.369,33.4085],[-118.5155,33.423]]],[[[-120.044,34.0375],[-120.2175,34.0105],[-120.1755,33.922],[-120.11,33.893],[-119.9995,33.9415],[-120.044,34.0375]]],[[[-119.5295,34.025],[-119.565,34.0555],[-119.633,34.0135],[-119.7595,34.056],[-119.8565,34.0705],[-119.887,34.009],[-119.851,33.9675],[-119.7195,33.959],[-119.6575,33.986],[-119.5595,33.9945],[-119.5295,34.025]]],[[[-75.7155,35.925],[-75.6595,35.836],[-75.6125,35.8635],[-75.661,35.925],[-75.7155,35.925]]],[[[-74.126,40.6335],[-74.192,40.6285],[-74.1925,40.5115],[-74.0535,40.6025],[-74.126,40.6335]]],[[[-71.919,41.065],[-71.958,41.0695],[-72.109,41.0015],[-72.1555,41.055],[-72.2335,41.044],[-72.27,41.0025],[-72.367,40.9945],[-72.457,40.9105],[-72.58,40.933],[-72.5205,40.985],[-72.4335,40.993],[-72.4715,41.056],[-72.606,40.99],[-72.781,40.965],[-73.0485,40.963],[-73.113,40.9735],[-73.2245,40.9085],[-73.4855,40.9455],[-73.5205,40.9175],[-73.72,40.866],[-73.7645,40.81],[-73.861,40.7765],[-73.9085,40.7885],[-74.036,40.639],[-73.988,40.5695],[-73.9265,40.5835],[-73.8295,40.649],[-73.7075,40.583],[-73.561,40.638],[-73.372,40.6625],[-73.2335,40.7145],[-72.947,40.742],[-72.727,40.808],[-72.6055,40.8015],[-72.4065,40.862],[-71.9295,41.038],[-71.919,41.065]]],[[[-70.054,41.3925],[-70.0325,41.3395],[-70.1375,41.247],[-70.001,41.2395],[-69.958,41.2755],[-70.054,41.3925]]],[[[-70.5765,41.428],[-70.605,41.474],[-70.7155,41.4205],[-70.782,41.354],[-70.5075,41.3625],[-70.5765,41.428]]],[[[-122.435,47.4255],[-122.51,47.456],[-122.5105,47.332],[-122.3745,47.383],[-122.435,47.4255]]],[[[-122.497,47.607],[-122.511,47.696],[-122.579,47.6695],[-122.578,47.6015],[-122.497,47.607]]],[[[-122.3595,47.9765],[-122.46,48.0535],[-122.5465,48.017],[-122.5585,48.1215],[-122.5955,48.2055],[-122.665,48.2265],[-122.594,48.308],[-122.6685,48.363],[-122.751,48.25],[-122.744,48.206],[-122.6,48.13],[-122.615,48.075],[-122.5305,47.9675],[-122.4605,47.978],[-122.4415,47.9155],[-122.382,47.908],[-122.3595,47.9765]]],[[[-123.02,48.4995],[-122.9775,48.5315],[-123.129,48.62],[-123.1775,48.599],[-123.1165,48.484],[-123.02,48.4995]]],[[[-122.746,48.6645],[-122.858,48.7085],[-122.9295,48.7085],[-123.0265,48.6365],[-122.862,48.6015],[-122.746,48.6645]]],[[[-68.642,44.26],[-68.6905,44.26],[-68.7165,44.1675],[-68.623,44.1715],[-68.642,44.26]]],[[[-68.245,44.4245],[-68.355,44.4235],[-68.435,44.3],[-68.414,44.2585],[-68.1765,44.3285],[-68.245,44.4245]]],[[[-81.2515,31.5045],[-81.3005,31.4115],[-81.2615,31.388],[-81.1745,31.5215],[-81.2515,31.5045]]],[[[-88.636,48.0345],[-88.5755,48.116],[-88.6325,48.15],[-88.833,48.0605],[-89.1235,47.9645],[-89.2155,47.917],[-89.2155,47.866],[-89.1375,47.835],[-88.9665,47.891],[-88.948,47.938],[-88.636,48.0345]]],[[[-87.715,47.417],[-87.8195,47.484],[-88.0525,47.4845],[-88.2095,47.4535],[-88.431,47.3725],[-88.5265,47.283],[-88.6055,47.239],[-88.619,47.1525],[-88.516,47.136],[-88.424,46.9925],[-88.242,47.188],[-88.0605,47.3035],[-87.949,47.355],[-87.8995,47.4085],[-87.715,47.417]]],[[[-86.604,46.473],[-86.6455,46.5665],[-86.699,46.554],[-86.676,46.475],[-86.604,46.473]]],[[[-85.488,45.6355],[-85.505,45.7525],[-85.558,45.7475],[-85.625,45.615],[-85.573,45.5915],[-85.488,45.6355]]],[[[-86.995,45.224],[-86.983,45.292],[-87.1115,45.265],[-87.139,45.197],[-87.235,45.1755],[-87.2895,45.073],[-87.3685,45.0005],[-87.4065,44.9225],[-87.374,44.845],[-87.2965,44.8205],[-87.2315,44.8785],[-87.184,44.9865],[-87.088,45.1425],[-86.995,45.224]]],[[[-86.854,45.387],[-86.9525,45.423],[-86.9645,45.343],[-86.854,45.387]]],[[[-83.4825,45.994],[-83.562,46.076],[-83.6875,46.1105],[-83.6955,46.0455],[-83.778,46.021],[-83.8325,45.9685],[-83.7115,45.9375],[-83.6575,45.955],[-83.563,45.928],[-83.4825,45.994]]],[[[-84.367,45.7745],[-84.42,45.8265],[-84.5825,45.8135],[-84.488,45.744],[-84.414,45.7335],[-84.367,45.7745]]],[[[-78.9815,42.979],[-78.9125,43.037],[-79.0115,43.0655],[-78.9815,42.979]]]]},"properties":{"ADMIN":"United States of America"}},
{"type":"Feature","geometry":{"type":"MultiPolygon","coordinates":[[[[-89.582,47.9965],[-89.433,48.102],[-89.3315,48.1225],[-89.266,48.214],[-89.27,48.256],[-89.202,48.342],[-89.238,48.3785],[-89.2155,48.445],[-89.149,48.484],[-88.8165,48.57],[-88.866,48.3835],[-88.8025,48.351],[-88.73,48.384],[-88.6875,48.4925],[-88.6395,48.52],[-88.6205,48.625],[-88.561,48.6365],[-88.544,48.784],[-88.442,48.8565],[-88.364,48.8435],[-88.3175,48.753],[-88.339,48.6945],[-88.591,48.4925],[-88.5575,48.4315],[-88.4385,48.567],[-88.4075,48.549],[-88.2915,48.613],[-88.203,48.6135],[-88.1095,48.7115],[-88.118,48.8045],[-88.214,48.8485],[-88.271,48.9895],[-88.177,48.9735],[-88.124,49.0035],[-88.0185,48.9915],[-87.942,48.9475],[-87.79,48.911],[-87.6735,48.9005],[-87.544,48.837],[-87.4645,48.8495],[-87.293,48.774],[-87.0425,48.7935],[-86.8405,48.7615],[-86.725,48.8115],[-86.618,48.788],[-86.5665,48.7395],[-86.4565,48.7745],[-86.33,48.6295],[-86.267,48.5875],[-86.2275,48.4315],[-86.077,48.1635],[-85.859,47.985],[-85.743,47.9525],[-85.533,47.926],[-85.424,47.9275],[-85.279,47.958],[-84.929,47.972],[-84.8435,47.917],[-84.9355,47.851],[-84.9015,47.788],[-84.9945,47.711],[-85.0195,47.6065],[-84.905,47.5125],[-84.7965,47.482],[-84.71,47.4295],[-84.5835,47.305],[-84.727,47.146],[-84.7085,47.1085],[-84.77,47.053],[-84.777,46.9875],[-84.6635,46.9565],[-84.4365,46.941],[-84.36,46.893],[-84.398,46.838],[-84.4775,46.853],[-84.5495,46.8275],[-84.566,46.7405],[-84.4945,46.7505],[-84.434,46.6935],[-84.563,46.601],[-84.589,46.542],[-84.4915,46.4575],[-84.423,46.5115],[-84.3055,46.5015],[-84.1975,46.5465],[-84.1105,46.5265],[-84.159,46.4335],[-84.106,46.3465],[-83.9055,46.333],[-83.8735,46.3085],[-83.7005,46.277],[-83.614,46.287],[-83.244,46.209],[-82.983,46.1765],[-82.7075,46.2005],[-82.6685,46.1695],[-82.4,46.197],[-82.321,46.156],[-82.2325,46.155],[-82.013,46.115],[-81.719,46.108],[-81.6385,46.1265],[-81.546,46.098],[-81.6115,46.03],[-81.504,46.0185],[-81.2615,45.9665],[-81.1635,45.978],[-81.06,45.956],[-80.893,45.954],[-80.68,45.8515],[-80.6425,45.737],[-80.58,45.662],[-80.518,45.63],[-80.506,45.5735],[-80.4235,45.5875],[-80.382,45.5475],[-80.389,45.4635],[-80.3095,45.416],[-80.3,45.3665],[-80.1145,45.411],[-80.033,45.3265],[-80.128,45.2345],[-79.9985,45.162],[-80.0535,45.08],[-79.9275,44.961],[-79.827,44.9435],[-79.7395,44.7545],[-79.8735,44.7695],[-79.942,44.819],[-79.9475,44.869],[-80.108,44.8225],[-80.108,44.76],[-79.9925,44.693],[-80.013,44.531],[-80.1085,44.4755],[-80.2455,44.525],[-80.451,44.566],[-80.598,44.624],[-80.639,44.7185],[-80.763,44.7195],[-80.943,44.6285],[-80.889,44.7515],[-80.935,44.811],[-81.033,44.806],[-81.006,44.9225],[-81.149,44.9155],[-81.2665,45.0215],[-81.2625,45.089],[-81.32,45.149],[-81.302,45.2525],[-81.6075,45.252],[-81.6015,45.1825],[-81.4625,45.0505],[-81.434,44.99],[-81.3485,44.9775],[-81.3615,44.889],[-81.2795,44.813],[-81.2665,44.645],[-81.28,44.6065],[-81.379,44.515],[-81.3995,44.457],[-81.496,44.4185],[-81.594,44.327],[-81.5915,44.28],[-81.6605,44.1585],[-81.7425,44.084],[-81.7115,43.942],[-81.722,43.6845],[-81.6995,43.5155],[-81.7305,43.3825],[-81.88,43.2565],[-82.0055,43.2125],[-82.096,43.119],[-82.1525,43.0895],[-82.4165,43.0175],[-82.4855,42.8185],[-82.4715,42.78],[-82.5115,42.6465],[-82.576,42.572],[-82.6445,42.5575],[-82.5925,42.51],[-82.416,42.497],[-82.4075,42.4025],[-82.439,42.339],[-82.6265,42.311],[-82.7735,42.311],[-82.9475,42.343],[-83.079,42.3035],[-83.1025,42.2435],[-83.1235,42.072],[-82.919,41.989],[-82.8295,41.9895],[-82.7125,42.0355],[-82.6225,42.038],[-82.5485,41.9875],[-82.37,42.1365],[-82.061,42.2615],[-81.9235,42.2635],[-81.859,42.3015],[-81.793,42.4045],[-81.657,42.4825],[-81.54,42.5715],[-81.359,42.6495],[-81.229,42.6695],[-80.9325,42.6665],[-80.511,42.572],[-80.3585,42.5795],[-80.1095,42.5425],[-80.0955,42.5715],[-80.4435,42.5995],[-80.444,42.6375],[-80.2315,42.7775],[-80.1875,42.7925],[-79.875,42.8325],[-79.7175,42.867],[-79.643,42.845],[-79.4955,42.8575],[-79.447,42.8805],[-79.203,42.88],[-79.095,42.85],[-78.9655,42.89],[-78.927,42.946],[-79.042,43.01],[-79.065,43.1055],[-79.0485,43.1705],[-79.0585,43.278],[-79.1745,43.2595],[-79.3305,43.19],[-79.395,43.21],[-79.545,43.2095],[-79.6925,43.2415],[-79.7725,43.2915],[-79.7745,43.3295],[-79.617,43.494],[-79.5895,43.571],[-79.508,43.6],[-79.471,43.648],[-79.3715,43.6445],[-79.0885,43.8265],[-78.9525,43.8655],[-78.8785,43.8605],[-78.6075,43.9155],[-78.5015,43.9015],[-78.2795,43.9585],[-77.9065,43.986],[-77.803,44.019],[-77.6005,44.045],[-77.492,43.952],[-77.36,43.968],[-77.2365,43.8805],[-77.1165,43.865],[-76.908,43.942],[-77.0035,43.9625],[-76.9915,44.013],[-77.121,44.0445],[-77.0665,44.1825],[-77.022,44.1435],[-77.0725,44.093],[-76.9735,44.0765],[-76.8365,44.164],[-76.6595,44.2235],[-76.4525,44.244],[-76.2355,44.332],[-75.9415,44.4015],[-75.8445,44.4875],[-75.7915,44.4965],[-75.6995,44.5815],[-75.27,44.864],[-75.1295,44.925],[-74.8685,45.01],[-74.713,44.9995],[-74.653,45.0425],[-74.5265,45.091],[-74.4935,45.146],[-74.346,45.2205],[-74.1995,45.2725],[-74.1535,45.32],[-74.0135,45.3285],[-73.9615,45.354],[-74.0775,45.4565],[-74.2775,45.503],[-74.19,45.5285],[-74.1475,45.4945],[-74.0435,45.484],[-73.9095,45.5345],[-73.7555,45.6765],[-73.6775,45.708],[-73.4955,45.728],[-73.4205,45.765],[-73.356,45.8415],[-73.29,45.875],[-73.204,45.9835],[-73.1585,46.075],[-73.022,46.1095],[-72.9945,46.211],[-72.8445,46.265],[-72.6025,46.3015],[-72.4625,46.4025],[-72.258,46.471],[-72.228,46.5535],[-72.0555,46.5945],[-71.8805,46.6905],[-71.694,46.6745],[-71.463,46.7345],[-71.354,46.739],[-71.232,46.7985],[-71.191,46.858],[-70.957,47.0205],[-70.7915,47.0725],[-70.715,47.1175],[-70.5975,47.2495],[-70.497,47.4295],[-70.237,47.4955],[-70.1995,47.5955],[-69.932,47.773],[-69.894,47.8515],[-69.795,47.9885],[-69.736,48.1225],[-69.87,48.1565],[-69.925,48.222],[-70.0275,48.253],[-70.163,48.245],[-70.2875,48.3075],[-70.4775,48.3565],[-70.7445,48.3555],[-70.747,48.4275],[-70.435,48.363],[-70.369,48.374],[-70.211,48.315],[-70.1445,48.2735],[-69.985,48.2785],[-69.7985,48.1565],[-69.6545,48.163],[-69.582,48.2255],[-69.4465,48.296],[-69.4045,48.3625],[-69.2895,48.4645],[-69.2295,48.592],[-69.1445,48.6005],[-69.0695,48.756],[-68.991,48.7825],[-68.784,48.911],[-68.6435,48.9175],[-68.6345,49.017],[-68.372,49.1405],[-68.3255,49.0985],[-68.181,49.1245],[-68.1905,49.1675],[-68.1225,49.2715],[-67.9445,49.2945],[-67.814,49.28],[-67.7355,49.315],[-67.3765,49.339],[-67.245,49.459],[-67.231,49.6115],[-67.17,49.678],[-67.1845,49.7395],[-67.1315,49.8315],[-67.045,49.8285],[-66.951,49.9865],[-66.746,50.0535],[-66.666,50.135],[-66.5635,50.157],[-66.543,50.216],[-66.413,50.264],[-66.357,50.2015],[-66.252,50.22],[-66.162,50.196],[-66.0465,50.226],[-65.929,50.293],[-65.8385,50.2605],[-65.737,50.2575],[-65.457,50.3015],[-65.2585,50.3225],[-65.151,50.299],[-64.8885,50.2745],[-64.6295,50.284],[-64.47,50.3225],[-64.2475,50.2705],[-64.145,50.2675],[-63.989,50.307],[-63.809,50.3155],[-63.722,50.3045],[-63.6035,50.254],[-63.5105,50.2675],[-63.442,50.223],[-63.335,50.2505],[-63.2505,50.2405],[-63.1765,50.29],[-62.8525,50.2945],[-62.435,50.2675],[-62.327,50.289],[-62.2125,50.242],[-62.024,50.226],[-61.9615,50.2415],[-61.846,50.22],[-61.718,50.1],[-61.3115,50.1995],[-61.166,50.1855],[-61,50.218],[-61,55],[-78.5365,55],[-78.5785,54.9755],[-78.875,54.9075],[-78.9675,54.852],[-79.4845,54.7565],[-79.6765,54.694],[-79.5295,54.577],[-79.54,54.535],[-79.464,54.31],[-79.3345,54.2485],[-79.356,54.1985],[-79.214,54.1635],[-79.0465,54.1805],[-79.1295,54.1075],[-79.0425,53.947],[-79.08,53.9165],[-79.0135,53.846],[-79.0635,53.757],[-79.0195,53.694],[-79.0565,53.6205],[-78.965,53.609],[-78.9325,53.555],[-79.1145,53.509],[-79.0655,53.448],[-78.9915,53.4535],[-78.943,53.382],[-78.943,53.283],[-78.9015,53.201],[-78.9775,53.07],[-78.927,53.005],[-78.822,52.967],[-78.89,52.922],[-78.783,52.8715],[-78.7575,52.7825],[-78.7855,52.659],[-78.6325,52.5315],[-78.5215,52.481],[-78.5315,52.3955],[-78.4995,52.356],[-78.559,52.289],[-78.5315,52.2],[-78.5915,52.106],[-78.71,52.0565],[-78.747,51.977],[-78.8925,51.947],[-78.8405,51.8425],[-78.924,51.798],[-79.015,51.796],[-78.9295,51.6605],[-78.7925,51.611],[-78.8195,51.568],[-78.794,51.4745],[-78.882,51.4035],[-78.84,51.363],[-78.9035,51.3045],[-79.0065,51.456],[-79.128,51.5425],[-79.266,51.528],[-79.2445,51.631],[-79.346,51.662],[-79.468,51.58],[-79.56,51.5555],[-79.519,51.4835],[-79.701,51.3855],[-79.6795,51.313],[-79.747,51.1955],[-79.7445,51.1235],[-79.9235,51.2065],[-79.986,51.255],[-80.1085,51.296],[-80.197,51.2995],[-80.385,51.3415],[-80.526,51.2895],[-80.69,51.1615],[-80.7285,51.203],[-80.669,51.271],[-80.5845,51.315],[-80.43,51.357],[-80.4405,51.4775],[-80.519,51.535],[-80.595,51.7115],[-80.778,51.853],[-80.921,51.9095],[-80.979,52.002],[-81.0985,52.0545],[-81.1565,52.043],[-81.3905,52.128],[-81.512,52.2395],[-81.747,52.242],[-81.7215,52.277],[-81.5815,52.3165],[-81.5545,52.353],[-81.564,52.456],[-81.711,52.5335],[-81.816,52.6335],[-81.918,52.6805],[-81.988,52.7985],[-82.1095,52.885],[-82.301,52.9675],[-82.2895,53.11],[-82.238,53.2215],[-82.1185,53.2775],[-82.149,53.4265],[-82.192,53.4915],[-82.219,53.6045],[-82.126,53.812],[-82.2425,54.065],[-82.3715,54.1505],[-82.431,54.228],[-82.421,54.384],[-82.3155,54.5775],[-82.2015,54.834],[-82.2535,54.886],[-82.2695,55],[-85.4175,55],[-129.633,55],[-129.8805,54.9555],[-130.022,54.974],[-130.1345,54.887],[-130.2015,54.7285],[-130.3725,54.6645],[-130.3455,54.598],[-130.431,54.568],[-130.445,54.453],[-130.481,54.4185],[-130.458,54.3485],[-130.373,54.332],[-130.272,54.358],[-130.231,54.26],[-130.2775,54.208],[-130.112,54.1595],[-129.8865,54.235],[-129.9505,54.1595],[-130.038,54.154],[-130.0915,54.081],[-130.1045,53.947],[-129.996,53.8515],[-129.8525,53.76],[-129.803,53.7555],[-129.7265,53.6715],[-129.335,53.397],[-129.242,53.4475],[-129.2285,53.6325],[-129.112,53.722],[-128.973,53.7775],[-128.9655,53.8205],[-128.8615,53.83],[-128.7485,53.9205],[-128.6895,53.8935],[-128.6935,53.821],[-128.789,53.781],[-128.7705,53.7215],[-128.812,53.658],[-128.7755,53.5555],[-128.9475,53.486],[-128.8805,53.4475],[-128.8755,53.306],[-128.7005,53.1985],[-128.5465,53.136],[-128.478,52.8685],[-128.433,52.8235],[-128.2755,52.8],[-128.1385,52.844],[-128.1255,52.753],[-128.243,52.559],[-128.226,52.4605],[-128.2605,52.4025],[-128.3285,52.3865],[-128.311,52.2755],[-128.2345,52.3265],[-128.0925,52.5135],[-128.016,52.3465],[-127.933,52.3165],[-127.8605,52.216],[-127.8005,52.2565],[-127.495,52.359],[-127.4525,52.412],[-127.2855,52.459],[-127.225,52.456],[-127.159,52.3555],[-127.0025,52.3395],[-126.9385,52.306],[-126.885,52.1945],[-126.751,52.128],[-126.779,52.0975],[-126.9465,52.213],[-126.9575,52.2685],[-127.043,52.31],[-127.1865,52.3095],[-127.2835,52.2375],[-127.3575,52.229],[-127.477,52.1505],[-127.5825,52.128],[-127.638,52.0835],[-127.685,51.95],[-127.8495,51.92],[-127.892,51.816],[-127.8735,51.6735],[-127.8025,51.604],[-127.7915,51.527],[-127.728,51.46],[-127.6225,51.478],[-127.5455,51.6345],[-127.583,51.712],[-127.3855,51.674],[-127.329,51.7115],[-127.2585,51.686],[-127.0955,51.704],[-126.6995,51.6655],[-126.7095,51.6445],[-127.0435,51.6685],[-127.3155,51.6555],[-127.468,51.6285],[-127.521,51.589],[-127.552,51.471],[-127.6645,51.398],[-127.6805,51.336],[-127.515,51.3165],[-127.7895,51.2335],[-127.777,51.167],[-127.6345,51.0965],[-127.5025,51.12],[-127.531,51.0035],[-127.429,50.943],[-127.131,50.866],[-127.022,50.822],[-126.8585,50.943],[-126.674,50.878],[-126.5755,50.9065],[-126.5475,50.8375],[-126.4885,50.8165],[-126.3885,50.852],[-126.179,50.853],[-126.1965,50.798],[-126.126,50.7485],[-126.1865,50.672],[-126.059,50.6855],[-125.985,50.715],[-125.7435,50.717],[-125.6445,50.7985],[-125.6795,50.8705],[-125.5755,50.907],[-125.631,51.0625],[-125.5775,51.0725],[-125.512,50.961],[-125.5595,50.8655],[-125.6515,50.836],[-125.608,50.781],[-125.699,50.6895],[-125.939,50.652],[-126.0185,50.666],[-126.2215,50.6425],[-126.179,50.5755],[-126.2425,50.501],[-125.9545,50.4755],[-125.8365,50.5275],[-125.7035,50.438],[-125.644,50.4485],[-125.5285,50.555],[-125.518,50.4555],[-125.391,50.4975],[-125.128,50.437],[-125.102,50.499],[-125.0275,50.5585],[-124.9705,50.501],[-125.0575,50.4775],[-125.0615,50.3275],[-124.9625,50.341],[-124.83,50.3175],[-124.7055,50.3225],[-124.64,50.294],[-124.605,50.233],[-124.683,50.0525],[-124.7425,50.028],[-124.732,49.9545],[-124.532,49.8445],[-124.5135,49.7975],[-124.4035,49.7675],[-124.171,49.781],[-124.048,49.841],[-123.9335,49.7835],[-124.02,49.7325],[-124.061,49.631],[-123.964,49.521],[-123.865,49.4735],[-123.781,49.4655],[-123.5545,49.39],[-123.473,49.4345],[-123.4895,49.515],[-123.328,49.582],[-123.2485,49.598],[-123.2455,49.411],[-123.212,49.343],[-123.0395,49.296],[-123.247,49.2745],[-123.1755,49.2235],[-123.212,49.13],[-123.0755,49.1055],[-123.143,49.061],[-123.0905,48.9925],[-123.0355,48.9925],[-123.0485,49.035],[-122.9515,49.083],[-122.753,48.9925],[-121.554,48.9925],[-120.675,48.9925],[-119.576,48.9925],[-119.136,48.9925],[-118.257,48.9925],[-117.378,48.9925],[-116.4985,48.9925],[-115.6195,48.9925],[-114.5205,48.9925],[-113.641,48.9925],[-112.9815,48.9925],[-112.322,48.9925],[-111.443,48.9925],[-110.5635,48.9925],[-109.4645,48.9925],[-109.025,48.9925],[-108.146,48.9925],[-107.2665,48.9925],[-106.607,48.9925],[-105.9475,48.9925],[-105.0575,48.9925],[-104.189,48.9925],[-103.53,48.9925],[-102.8705,48.9925],[-101.991,48.9925],[-101.3315,48.9925],[-100.6725,48.9925],[-99.793,48.9925],[-99.1335,48.9925],[-98.474,48.9925],[-97.375,48.9925],[-96.716,48.9925],[-95.8365,48.9925],[-95.177,48.9925],[-95.1595,49.012],[-95.1605,49.3695],[-94.9825,49.356],[-94.8275,49.293],[-94.811,49.1665],[-94.711,48.9145],[-94.711,48.8075],[-94.593,48.7265],[-94.4795,48.7005],[-94.3115,48.714],[-94.232,48.652],[-93.875,48.636],[-93.8095,48.5435],[-93.757,48.5165],[-93.492,48.5425],[-93.4515,48.5975],[-93.2575,48.6305],[-92.9795,48.6175],[-92.884,48.58],[-92.6485,48.5365],[-92.704,48.445],[-92.527,48.4455],[-92.4675,48.3945],[-92.4625,48.3295],[-92.3845,48.2325],[-92.291,48.2495],[-92.303,48.311],[-92.1545,48.35],[-92.0435,48.3345],[-91.9575,48.2285],[-91.765,48.1875],[-91.6925,48.098],[-91.581,48.081],[-91.575,48.048],[-91.428,48.0365],[-91.2765,48.065],[-91.071,48.171],[-90.923,48.227],[-90.8405,48.22],[-90.7865,48.1005],[-90.7015,48.0845],[-90.587,48.105],[-90.5315,48.0845],[-90.1785,48.1165],[-90.0735,48.101],[-89.9805,48.01],[-89.9025,47.986],[-89.8035,48.014],[-89.582,47.9965]],[[-96.2805,51.241],[-96.42,51.101],[-96.391,51.009],[-96.35,50.776],[-96.376,50.703],[-96.294,50.624],[-96.4245,50.63],[-96.52,50.7315],[-96.5975,50.6615],[-96.582,50.583],[-96.616,50.542],[-96.5665,50.481],[-96.6505,50.4],[-96.77,50.388],[-96.9045,50.419],[-96.9695,50.559],[-96.9845,50.714],[-96.9455,50.829],[-96.977,50.888],[-96.9105,50.9975],[-96.9205,51.094],[-96.86,51.1005],[-96.8285,51.172],[-96.7385,51.248],[-96.6715,51.2615],[-96.612,51.3455],[-96.7735,51.343],[-96.8935,51.212],[-96.9885,51.21],[-96.932,51.343],[-96.762,51.511],[-96.726,51.5825],[-96.779,51.6],[-96.782,51.67],[-96.8255,51.721],[-96.899,51.725],[-96.9715,51.683],[-97.096,51.6595],[-97.1375,51.5905],[-97.12,51.5185],[-97.2035,51.4535],[-97.288,51.4735],[-97.296,51.6445],[-97.226,51.7835],[-97.246,51.8805],[-97.336,52.008],[-97.421,52.0405],[-97.569,51.967],[-97.4795,52.131],[-97.5485,52.1385],[-97.7125,52.0835],[-97.774,52.002],[-97.8055,51.9135],[-97.8775,51.8885],[-98.032,51.946],[-98.06,52.11],[-98.1375,52.1385],[-98.1495,52.239],[-98.218,52.3055],[-98.325,52.3205],[-98.4365,52.38],[-98.47,52.504],[-98.609,52.5785],[-98.662,52.6355],[-98.7885,52.702],[-98.817,52.791],[-98.8915,52.844],[-98.8905,52.9235],[-98.733,52.9785],[-98.522,53.005],[-98.446,53.041],[-98.7815,53.091],[-98.819,53.039],[-98.9255,53.0695],[-99.0425,53.05],[-99.0835,53.1185],[-99.253,53.2085],[-99.206,53.2685],[-99.193,53.3785],[-99.0935,53.4305],[-99.027,53.58],[-99.056,53.6045],[-98.9755,53.7105],[-99.0045,53.7865],[-98.961,53.8565],[-98.833,53.8995],[-98.654,53.851],[-98.377,53.8575],[-98.2765,53.84],[-98.045,53.752],[-97.9895,53.6915],[-97.9045,53.749],[-98.032,53.777],[-98.09,53.838],[-98.2415,53.886],[-98.3185,53.992],[-98.2285,54.1035],[-98.1545,54.2595],[-97.9935,54.414],[-97.923,54.3735],[-97.9405,54.309],[-97.8645,54.256],[-98.149,54.1865],[-98.1555,54.063],[-98.2335,54.016],[-98.0995,53.929],[-98.031,53.9885],[-97.969,53.9845],[-97.9565,53.8745],[-97.8155,53.7215],[-97.836,53.6255],[-97.665,53.4815],[-97.6785,53.427],[-97.6045,53.378],[-97.5895,53.2995],[-97.4185,53.174],[-97.4225,53.067],[-97.33,53.0095],[-97.435,52.9475],[-97.377,52.8995],[-97.395,52.8555],[-97.3205,52.7665],[-97.1975,52.684],[-97.1035,52.45],[-97.032,52.405],[-97.0605,52.34],[-97.0005,52.2755],[-97.089,52.241],[-96.9595,52.07],[-96.8205,51.9585],[-96.863,51.867],[-96.7875,51.864],[-96.6775,51.782],[-96.783,51.7575],[-96.541,51.5425],[-96.5425,51.4795],[-96.4455,51.359],[-96.3715,51.338],[-96.2805,51.241]]],[[[-67.176,45.1785],[-67.0865,45.0975],[-67.021,45.1685],[-66.9435,45.19],[-66.8695,45.144],[-66.9085,45.0985],[-66.746,45.0645],[-66.66,45.0845],[-66.491,45.1555],[-66.429,45.0835],[-66.1895,45.178],[-66.1285,45.279],[-66.197,45.334],[-66.1005,45.354],[-66.0585,45.4225],[-66.002,45.3985],[-66.136,45.3125],[-66.0395,45.285],[-65.9955,45.2305],[-65.9095,45.2105],[-65.7825,45.262],[-65.545,45.3295],[-65.315,45.459],[-65.1845,45.5105],[-64.9945,45.559],[-64.883,45.6335],[-64.7565,45.628],[-64.676,45.7515],[-64.5855,45.826],[-64.4195,45.791],[-64.347,45.8885],[-64.276,45.842],[-64.3805,45.7925],[-64.429,45.71],[-64.649,45.559],[-64.833,45.484],[-64.902,45.43],[-64.9355,45.351],[-64.7175,45.3245],[-64.6725,45.389],[-64.576,45.4155],[-64.459,45.4],[-64.388,45.3675],[-64.3125,45.402],[-64.066,45.413],[-63.9365,45.3985],[-63.891,45.353],[-63.816,45.395],[-63.593,45.395],[-63.5075,45.3745],[-63.461,45.325],[-63.716,45.3265],[-63.8255,45.2795],[-64.115,45.216],[-64.2235,45.1085],[-64.3675,45.1965],[-64.3205,45.283],[-64.3485,45.3195],[-64.5105,45.2285],[-64.714,45.1925],[-64.863,45.1395],[-65.1805,44.993],[-65.2315,44.955],[-65.3975,44.895],[-65.457,44.8545],[-65.786,44.6965],[-65.9425,44.5835],[-65.848,44.5565],[-66.0325,44.437],[-66.1135,44.3435],[-66.142,44.231],[-66.2105,44.1055],[-66.149,44.0025],[-66.17,43.8945],[-66.1215,43.7435],[-65.9635,43.7375],[-65.9095,43.819],[-65.7715,43.669],[-65.778,43.568],[-65.6675,43.5],[-65.566,43.574],[-65.5425,43.528],[-65.4625,43.5275],[-65.346,43.5875],[-65.327,43.6965],[-65.2505,43.6735],[-65.0965,43.736],[-65.0345,43.7125],[-64.8855,43.839],[-64.8125,43.853],[-64.8155,43.954],[-64.7445,43.958],[-64.667,43.998],[-64.649,44.059],[-64.561,44.08],[-64.4255,44.234],[-64.3675,44.264],[-64.3395,44.3325],[-64.354,44.456],[-64.2275,44.537],[-64.128,44.555],[-64.041,44.5225],[-64.057,44.639],[-63.943,44.6205],[-63.9295,44.5115],[-63.8055,44.5145],[-63.716,44.456],[-63.5485,44.473],[-63.5235,44.518],[-63.5875,44.664],[-63.439,44.5965],[-63.4205,44.6485],[-63.2815,44.6435],[-63.2365,44.689],[-63.1205,44.7515],[-63.0245,44.697],[-62.93,44.74],[-62.8425,44.717],[-62.8055,44.785],[-62.6615,44.806],[-62.5515,44.8675],[-62.4475,44.853],[-62.3935,44.9105],[-62.306,44.92],[-62.0315,44.991],[-62.01,45.032],[-61.8825,45.034],[-61.8095,45.101],[-61.6395,45.0875],[-61.6475,45.157],[-61.568,45.147],[-61.389,45.1635],[-61.332,45.2305],[-61.153,45.2375],[-61.071,45.224],[-61,45.293],[-61,45.3335],[-61.137,45.354],[-61.451,45.3495],[-61.388,45.418],[-61.2675,45.4435],[-61.237,45.506],[-61.3235,45.542],[-61.4,45.6325],[-61.4705,45.683],[-61.575,45.6725],[-61.62,45.6145],[-61.795,45.653],[-61.894,45.7035],[-61.9245,45.889],[-62.06,45.808],[-62.2705,45.7035],[-62.371,45.6825],[-62.4705,45.6145],[-62.5575,45.678],[-62.7385,45.7625],[-62.9245,45.7825],[-63.0705,45.7785],[-63.19,45.7365],[-63.4475,45.8215],[-63.439,45.8755],[-63.593,45.875],[-63.6685,45.847],[-63.806,45.8885],[-63.905,45.9805],[-64.084,46.0225],[-64.064,46.062],[-63.9055,46.058],[-63.792,46.0995],[-63.813,46.1405],[-64.0225,46.1855],[-64.1515,46.1665],[-64.2535,46.2345],[-64.514,46.2395],[-64.6275,46.3335],[-64.6135,46.4195],[-64.6685,46.471],[-64.72,46.5765],[-64.7135,46.687],[-64.865,46.783],[-64.906,46.887],[-64.8065,46.9855],[-64.8255,47.089],[-65.063,47.0905],[-65.149,47.0535],[-65.203,47.0945],[-65.3315,47.1005],[-65.1225,47.2025],[-65.043,47.275],[-64.9595,47.2945],[-64.9605,47.345],[-64.906,47.3945],[-64.868,47.4855],[-64.892,47.5615],[-64.7575,47.6865],[-64.685,47.7225],[-64.8265,47.8155],[-64.99,47.7905],[-65.0255,47.8495],[-65.2095,47.8195],[-65.3635,47.762],[-65.4775,47.6835],[-65.629,47.6705],[-65.6895,47.7245],[-65.741,47.8485],[-65.818,47.9075],[-65.971,47.924],[-66.262,48.006],[-66.319,48.011],[-66.386,48.075],[-66.5575,48.038],[-66.5155,48.108],[-66.2705,48.1165],[-66.0955,48.097],[-65.953,48.1955],[-65.784,48.1155],[-65.5035,48.052],[-65.432,48.0035],[-65.2855,48.0125],[-65.181,48.043],[-64.988,48.126],[-64.909,48.177],[-64.7795,48.204],[-64.7045,48.3235],[-64.545,48.3875],[-64.329,48.4195],[-64.32,48.456],[-64.1995,48.5205],[-64.279,48.5615],[-64.2575,48.619],[-64.162,48.6295],[-64.278,48.726],[-64.388,48.7805],[-64.5295,48.8825],[-64.3035,48.8305],[-64.217,48.828],[-64.221,48.8945],[-64.3965,49.012],[-64.6135,49.123],[-64.6885,49.1325],[-64.8225,49.189],[-64.9635,49.2195],[-65.566,49.2665],[-65.684,49.2425],[-65.883,49.2245],[-66.055,49.2245],[-66.2195,49.208],[-66.5265,49.1335],[-66.622,49.1225],[-66.8795,49.0465],[-67.1175,48.963],[-67.2925,48.9245],[-67.425,48.8735],[-67.547,48.8625],[-67.962,48.7015],[-68.0825,48.685],[-68.2055,48.642],[-68.3535,48.556],[-68.4635,48.529],[-68.5235,48.471],[-68.6385,48.432],[-68.726,48.3765],[-68.806,48.3725],[-69.0545,48.2325],[-69.1525,48.1465],[-69.324,48.0305],[-69.4455,47.992],[-69.548,47.8895],[-69.55,47.844],[-69.802,47.6225],[-69.9005,47.5455],[-70.031,47.4695],[-70.076,47.369],[-70.195,47.3155],[-70.388,47.116],[-70.535,47.0105],[-70.727,46.9565],[-70.7655,46.923],[-70.902,46.903],[-70.9735,46.862],[-71.158,46.841],[-71.205,46.787],[-71.3025,46.745],[-71.714,46.632],[-71.8455,46.6685],[-72.0075,46.5715],[-72.19,46.526],[-72.2745,46.4205],[-72.496,46.3605],[-72.5565,46.3055],[-72.6705,46.2475],[-72.731,46.1765],[-72.8435,46.142],[-72.9325,46.1445],[-73.0405,46.0735],[-73.14,46.0585],[-73.2075,45.9705],[-73.2065,45.9155],[-73.2595,45.854],[-73.413,45.7515],[-73.449,45.7045],[-73.4605,45.608],[-73.522,45.54],[-73.5025,45.4635],[-73.5575,45.4145],[-73.6875,45.431],[-73.889,45.337],[-73.9645,45.268],[-74.0485,45.2325],[-74.1455,45.234],[-74.3995,45.145],[-74.4735,45.067],[-74.713,44.9995],[-74.197,45.0005],[-73.399,45.0045],[-72.302,45.01],[-71.504,45.0135],[-71.395,45.2415],[-71.2935,45.2925],[-71.1415,45.2525],[-71.0165,45.343],[-70.9515,45.332],[-70.907,45.246],[-70.8355,45.31],[-70.834,45.393],[-70.772,45.43],[-70.6965,45.3885],[-70.6505,45.4275],[-70.723,45.471],[-70.687,45.5725],[-70.5895,45.652],[-70.4075,45.7315],[-70.417,45.794],[-70.2625,45.923],[-70.317,45.999],[-70.3115,46.072],[-70.244,46.141],[-70.281,46.212],[-70.1885,46.3585],[-70.0745,46.4195],[-70.008,46.704],[-69.8095,46.9015],[-69.2675,47.44],[-69.222,47.4595],[-69.0695,47.432],[-69.04,47.249],[-68.906,47.19],[-68.762,47.237],[-68.644,47.2455],[-68.5395,47.3],[-68.3855,47.3015],[-68.2995,47.368],[-68.197,47.3415],[-67.9625,47.1975],[-67.805,47.0355],[-67.7895,46.229],[-67.7845,45.96],[-67.799,45.8755],[-67.773,45.828],[-67.811,45.7665],[-67.8,45.7],[-67.7175,45.6855],[-67.6605,45.6375],[-67.552,45.6105],[-67.45,45.611],[-67.426,45.5335],[-67.493,45.493],[-67.429,45.387],[-67.475,45.2825],[-67.3565,45.166],[-67.2425,45.2025],[-67.176,45.1785]]],[[[-127.9185,51.522],[-127.9205,51.596],[-128.01,51.7235],[-128.1045,51.682],[-128.1565,51.628],[-128.086,51.487],[-127.943,51.4225],[-127.8715,51.4565],[-127.9185,51.522]]],[[[-128.1385,51.864],[-128.036,51.8435],[-127.9535,51.9875],[-127.999,52.0655],[-128.159,52.035],[-128.222,51.954],[-128.1385,51.864]]],[[[-127.9465,52.1655],[-128.036,52.1655],[-128.0975,52.0975],[-127.94,52.09],[-127.9465,52.1655]]],[[[-128.248,52.0215],[-128.155,52.0945],[-128.1525,52.186],[-128.2365,52.1875],[-128.2965,52.106],[-128.248,52.0215]]],[[[-128.228,52.213],[-128.279,52.237],[-128.4475,52.238],[-128.5225,52.1575],[-128.4225,52.1275],[-128.3035,52.131],[-128.228,52.213]]],[[[-128.0975,52.241],[-128.0715,52.1825],[-127.9075,52.201],[-127.961,52.296],[-128.0555,52.3035],[-128.0975,52.241]]],[[[-127.241,52.4265],[-127.4145,52.3925],[-127.5115,52.313],[-127.6705,52.255],[-127.751,52.25],[-127.82,52.1955],[-127.878,52.0835],[-127.8885,51.9535],[-127.698,52.004],[-127.7055,52.0435],[-127.642,52.138],[-127.454,52.2375],[-127.277,52.2895],[-127.2065,52.3505],[-127.241,52.4265]]],[[[-128.618,52.4535],[-128.673,52.488],[-128.7555,52.4675],[-128.728,52.3225],[-128.6485,52.2895],[-128.613,52.3775],[-128.618,52.4535]]],[[[-128.563,52.6115],[-128.7245,52.5975],[-128.735,52.515],[-128.534,52.436],[-128.472,52.4885],[-128.525,52.598],[-128.563,52.6115]]],[[[-128.3105,52.4295],[-128.283,52.5075],[-128.3185,52.6875],[-128.3715,52.7955],[-128.447,52.741],[-128.436,52.5265],[-128.3985,52.4675],[-128.464,52.4025],[-128.3785,52.378],[-128.3105,52.4295]]],[[[-128.93,52.6145],[-129.102,52.7435],[-129.257,52.828],[-129.292,52.7625],[-129.184,52.6265],[-129.06,52.524],[-128.9265,52.528],[-128.93,52.6145]]],[[[-128.3105,52.7275],[-128.255,52.6175],[-128.2005,52.7515],[-128.3105,52.7275]]],[[[-129.304,53.036],[-129.461,53.1865],[-129.4795,53.112],[-129.395,53.0005],[-129.304,53.036]]],[[[-128.804,52.7005],[-128.7785,52.73],[-128.7485,52.913],[-128.651,52.909],[-128.7485,52.745],[-128.7555,52.604],[-128.6055,52.611],[-128.5325,52.8465],[-128.5385,53.0195],[-128.6345,53.163],[-128.7045,53.1745],[-128.905,53.2935],[-129.078,53.303],[-129.0905,53.0885],[-129.19,53.0235],[-129.177,52.937],[-129.057,52.741],[-128.9275,52.673],[-128.804,52.7005]]],[[[-129.2935,53.108],[-129.134,53.12],[-129.184,53.3135],[-129.324,53.221],[-129.3315,53.132],[-129.2935,53.108]]],[[[-128.9135,53.4065],[-129.0215,53.532],[-129.148,53.3635],[-129.1185,53.3205],[-128.928,53.328],[-128.9135,53.4065]]],[[[-129.743,53.2355],[-129.974,53.458],[-130.2615,53.5805],[-130.496,53.639],[-130.5305,53.56],[-130.4345,53.5165],[-130.3145,53.393],[-130.222,53.3855],[-130.086,53.3125],[-129.9395,53.169],[-129.7485,53.17],[-129.743,53.2355]]],[[[-129.166,53.3855],[-129.0915,53.4505],[-129.094,53.509],[-128.9805,53.5845],[-128.8845,53.576],[-128.842,53.716],[-129.0605,53.6845],[-129.16,53.627],[-129.166,53.3855]]],[[[-130.4065,53.687],[-130.332,53.624],[-130.0915,53.5705],[-130.1385,53.703],[-130.291,53.7555],[-130.4065,53.687]]],[[[-130.253,53.8925],[-130.291,53.838],[-130.204,53.801],[-130.2025,53.7305],[-130.0985,53.708],[-130.0975,53.6615],[-130.0305,53.5815],[-129.933,53.6005],[-129.872,53.536],[-129.897,53.478],[-129.8185,53.4595],[-129.797,53.3785],[-129.6595,53.3095],[-129.5675,53.2155],[-129.483,53.224],[-129.459,53.295],[-129.3365,53.3605],[-129.427,53.435],[-129.675,53.5925],[-129.831,53.7355],[-130.0305,53.848],[-130.196,53.9165],[-130.253,53.8925]]],[[[-130.4475,53.982],[-130.453,53.899],[-130.352,53.838],[-130.2315,53.974],[-130.3925,54.0955],[-130.674,53.989],[-130.5445,53.9105],[-130.4715,53.91],[-130.4475,53.982]]],[[[-130.654,54.1185],[-130.7565,54.2145],[-130.805,54.1735],[-130.654,54.1185]]],[[[-130.743,54.6055],[-130.917,54.63],[-130.962,54.54],[-130.962,54.455],[-130.777,54.5505],[-130.743,54.6055]]],[[[-130.592,54.742],[-130.462,54.712],[-130.4345,54.7695],[-130.51,54.805],[-130.592,54.742]]],[[[-130.431,54.79],[-130.371,54.7815],[-130.2585,54.843],[-130.1775,54.924],[-130.225,55],[-130.421,54.851],[-130.431,54.79]]],[[[-123.369,48.774],[-123.472,48.8285],[-123.57,48.8325],[-123.496,48.7155],[-123.369,48.774]]],[[[-123.654,49.0335],[-123.531,48.942],[-123.3695,48.862],[-123.3345,48.903],[-123.472,48.938],[-123.654,49.0335]]],[[[-126.0835,49.315],[-126.1315,49.397],[-126.2315,49.3785],[-126.2235,49.277],[-126.0895,49.2545],[-126.0835,49.315]]],[[[-123.4515,49.445],[-123.3225,49.486],[-123.357,49.535],[-123.4525,49.508],[-123.4515,49.445]]],[[[-124.1095,49.678],[-124.0475,49.779],[-124.205,49.7055],[-124.1095,49.678]]],[[[-124.6645,49.747],[-124.4725,49.672],[-124.439,49.612],[-124.3785,49.603],[-124.1975,49.521],[-124.173,49.554],[-124.27,49.616],[-124.348,49.704],[-124.562,49.7535],[-124.6645,49.747]]],[[[-126.6585,49.788],[-126.6905,49.857],[-126.7685,49.8835],[-126.9695,49.8335],[-126.8985,49.781],[-126.9125,49.6915],[-126.807,49.6275],[-126.6795,49.592],[-126.6175,49.631],[-126.6585,49.788]]],[[[-125.0275,50.144],[-125.0075,50.0725],[-124.891,50.069],[-124.929,50.1695],[-125.0275,50.144]]],[[[-125.199,50.041],[-125.225,50.1315],[-125.1645,50.1925],[-125.18,50.229],[-125.2905,50.2915],[-125.3495,50.2415],[-125.3235,50.1435],[-125.2305,50.0895],[-125.199,50.041]]],[[[-124.891,50.1925],[-124.8425,50.122],[-124.754,50.1685],[-124.8155,50.2115],[-124.812,50.2695],[-124.917,50.3035],[-124.9645,50.262],[-124.891,50.1925]]],[[[-124.8025,50.2285],[-124.6645,50.191],[-124.69,50.2905],[-124.7485,50.304],[-124.8025,50.2285]]],[[[-125.336,50.3015],[-125.2115,50.318],[-125.136,50.2325],[-125.049,50.219],[-125.1675,50.3845],[-125.288,50.4375],[-125.336,50.3015]]],[[[-125.368,50.461],[-125.478,50.4295],[-125.545,50.378],[-125.4475,50.3535],[-125.3785,50.3755],[-125.368,50.461]]],[[[-126.3365,50.6035],[-126.448,50.519],[-126.3055,50.5345],[-126.3365,50.6035]]],[[[-126.6175,50.6725],[-126.457,50.646],[-126.4345,50.669],[-126.288,50.6545],[-126.186,50.7415],[-126.2725,50.83],[-126.398,50.8085],[-126.6175,50.6725]]],[[[-123.321,48.496],[-123.39,48.6205],[-123.541,48.6365],[-123.5655,48.781],[-123.594,48.837],[-123.78,48.986],[-123.757,49.042],[-123.8135,49.1185],[-123.931,49.1435],[-123.955,49.229],[-124.0715,49.2465],[-124.159,49.3105],[-124.36,49.3565],[-124.545,49.377],[-124.7235,49.465],[-124.7945,49.4725],[-124.9095,49.6215],[-124.882,49.725],[-125.1785,49.925],[-125.223,50.018],[-125.302,50.1065],[-125.35,50.125],[-125.436,50.3135],[-125.589,50.3705],[-125.7405,50.3565],[-125.8375,50.3875],[-125.9575,50.395],[-126.1175,50.4555],[-126.3645,50.487],[-126.46,50.475],[-126.7655,50.5445],[-127.1985,50.6215],[-127.4035,50.708],[-127.4735,50.699],[-127.505,50.7735],[-127.8825,50.867],[-128.077,50.8705],[-128.407,50.7805],[-128.3785,50.689],[-128.32,50.61],[-128.248,50.5965],[-128.218,50.53],[-128.06,50.4525],[-127.8375,50.49],[-127.5935,50.5585],[-127.591,50.4855],[-127.7445,50.487],[-127.9155,50.4665],[-127.968,50.342],[-127.878,50.3425],[-127.7755,50.233],[-127.897,50.143],[-127.7845,50.085],[-127.65,50.178],[-127.614,50.119],[-127.488,50.1305],[-127.4675,50.0895],[-127.3625,50.0325],[-127.2835,50.0625],[-127.2705,50.145],[-127.1645,50.071],[-127.229,49.9465],[-127.142,49.8665],[-126.945,49.8635],[-126.767,49.9125],[-126.6495,49.898],[-126.605,49.732],[-126.4795,49.712],[-126.4525,49.6365],[-126.5625,49.5875],[-126.5725,49.4145],[-126.5105,49.378],[-126.405,49.4215],[-126.288,49.3625],[-126.2615,49.4005],[-126.055,49.4455],[-126.0765,49.3835],[-126.0145,49.3225],[-126.028,49.274],[-125.956,49.233],[-125.837,49.273],[-125.6985,49.181],[-125.747,49.1095],[-125.736,49.053],[-125.62,48.969],[-125.4895,48.9185],[-125.3665,48.9875],[-125.2215,48.955],[-125.147,48.9985],[-125.086,48.979],[-124.9675,48.988],[-125.007,48.9],[-125.089,48.87],[-125.185,48.801],[-125.094,48.73],[-124.816,48.647],[-124.6655,48.573],[-124.389,48.518],[-124.1315,48.4335],[-123.891,48.367],[-123.7805,48.363],[-123.654,48.3145],[-123.5545,48.328],[-123.4375,48.4445],[-123.357,48.4005],[-123.287,48.424],[-123.321,48.496]]],[[[-79.95,53.352],[-80.043,53.366],[-80.086,53.3305],[-80.018,53.2735],[-79.9235,53.2755],[-79.95,53.352]]],[[[-66.8615,44.727],[-66.839,44.6505],[-66.721,44.663],[-66.7915,44.799],[-66.8615,44.727]]],[[[-73.995,45.32],[-74.121,45.309],[-74.1395,45.251],[-74.003,45.2685],[-73.995,45.32]]],[[[-61,45.4625],[-61,45.581],[-61.1115,45.549],[-61,45.4625]]],[[[-73.8575,45.5495],[-73.7315,45.557],[-73.5855,45.7005],[-73.759,45.6525],[-73.8575,45.5495]]],[[[-73.4995,45.71],[-73.6205,45.6385],[-73.668,45.5755],[-73.78,45.5245],[-73.8435,45.5225],[-73.9625,45.449],[-73.925,45.43],[-73.795,45.467],[-73.619,45.4425],[-73.5415,45.4825],[-73.5405,45.548],[-73.469,45.7055],[-73.4995,45.71]]],[[[-70.8435,47.033],[-70.8855,47.0265],[-71.085,46.9055],[-71.031,46.863],[-70.862,46.946],[-70.8435,47.033]]],[[[-61,45.6115],[-61,45.724],[-61.1335,45.699],[-61.103,45.779],[-61,45.8215],[-61,46.636],[-61.095,46.454],[-61.178,46.3855],[-61.289,46.2425],[-61.459,46.1455],[-61.475,46.0735],[-61.541,46.0405],[-61.5225,45.933],[-61.489,45.8885],[-61.4555,45.71],[-61.335,45.566],[-61.2155,45.6005],[-61.1315,45.56],[-61,45.6115]]],[[[-62.004,46.464],[-62.185,46.487],[-62.2645,46.474],[-62.517,46.476],[-62.674,46.4645],[-62.953,46.424],[-63.1945,46.431],[-63.238,46.4075],[-63.3325,46.499],[-63.639,46.567],[-63.711,46.5585],[-63.7295,46.4435],[-63.8135,46.456],[-63.881,46.5225],[-63.8335,46.6125],[-63.939,46.6955],[-64.0935,46.78],[-63.975,46.894],[-63.998,46.971],[-64.0525,47.0215],[-64.2315,46.9035],[-64.2725,46.825],[-64.3695,46.759],[-64.417,46.683],[-64.383,46.628],[-64.2305,46.6355],[-64.062,46.57],[-64.108,46.5445],[-64.1345,46.4155],[-63.987,46.3995],[-63.9345,46.423],[-63.806,46.3745],[-63.785,46.32],[-63.628,46.224],[-63.4505,46.196],[-63.2335,46.1455],[-63.1065,46.21],[-62.9975,46.1795],[-62.9175,46.1015],[-62.9315,46.0425],[-62.8465,45.978],[-62.7775,45.9645],[-62.545,45.972],[-62.4855,45.99],[-62.5275,46.0575],[-62.456,46.0805],[-62.464,46.135],[-62.5415,46.128],[-62.587,46.1775],[-62.5765,46.239],[-62.4375,46.2165],[-62.307,46.3445],[-62.1655,46.3585],[-62.0315,46.415],[-62.004,46.464]]],[[[-61.671,47.5465],[-61.8395,47.4365],[-61.9415,47.4025],[-61.863,47.3555],[-61.791,47.4645],[-61.671,47.5465]]],[[[-64.5045,47.89],[-64.6585,47.8755],[-64.6965,47.821],[-64.5935,47.7655],[-64.509,47.8445],[-64.5045,47.89]]],[[[-64.319,49.791],[-64.178,49.741],[-63.925,49.675],[-63.764,49.602],[-63.6415,49.5135],[-63.587,49.39],[-63.2775,49.315],[-63.0935,49.233],[-62.682,49.1485],[-62.5065,49.1385],[-62.248,49.068],[-61.882,49.0835],[-61.8115,49.069],[-61.661,49.151],[-61.8825,49.3545],[-62.018,49.3885],[-62.2045,49.414],[-62.264,49.4655],[-62.386,49.4905],[-62.534,49.6045],[-62.6875,49.653],[-62.893,49.6975],[-62.962,49.7405],[-63.124,49.784],[-63.3745,49.8295],[-63.6055,49.85],[-63.9445,49.896],[-64.133,49.95],[-64.4515,49.9095],[-64.5105,49.868],[-64.4245,49.8085],[-64.319,49.791]]],[[[-79.395,52.0835],[-79.4945,52.0595],[-79.656,51.9875],[-79.6215,51.939],[-79.414,51.9385],[-79.3365,51.9635],[-79.3205,52.0335],[-79.395,52.0835]]],[[[-80.7595,52.919],[-80.879,53.032],[-81.123,53.202],[-81.4245,53.229],[-81.615,53.214],[-81.7805,53.18],[-81.883,53.18],[-81.944,53.1435],[-82.0625,53.023],[-81.9515,52.9745],[-81.469,52.8615],[-81.2865,52.844],[-81.027,52.7525],[-80.7845,52.723],[-80.6695,52.742],[-80.7595,52.919]]],[[[-79.286,54.9135],[-79.4695,54.8895],[-79.402,54.852],[-79.286,54.9135]]],[[[-125.8615,49.2375],[-125.9235,49.197],[-125.88,49.146],[-125.8015,49.144],[-125.786,49.2095],[-125.8615,49.2375]]],[[[-127.779,50.9015],[-127.8175,50.8685],[-127.656,50.838],[-127.7135,50.913],[-127.779,50.9015]]],[[[-130.609,53.797],[-130.438,53.757],[-130.42,53.7835],[-130.5695,53.8365],[-130.609,53.797]]],[[[-88.087,48.8265],[-88.0685,48.712],[-87.991,48.753],[-87.818,48.759],[-87.773,48.796],[-87.7725,48.8595],[-87.966,48.8675],[-88.087,48.8265]]],[[[-87.67,48.7475],[-87.6055,48.76],[-87.6875,48.842],[-87.7385,48.753],[-87.67,48.7475]]],[[[-85.6105,47.739],[-85.61,47.773],[-85.734,47.808],[-85.8585,47.8035],[-85.938,47.727],[-85.7335,47.718],[-85.6105,47.739]]],[[[-97.8985,52.3335],[-97.9185,52.4535],[-97.959,52.5425],[-98.0195,52.5165],[-98.0555,52.4325],[-97.9695,52.317],[-97.8985,52.3335]]],[[[-96.6025,51.186],[-96.694,51.2055],[-96.7685,51.086],[-96.692,51.0415],[-96.6025,51.186]]],[[[-83.267,45.9605],[-83.3525,46.002],[-83.417,45.989],[-83.48,45.927],[-83.376,45.863],[-83.2815,45.909],[-83.267,45.9605]]],[[[-81.6795,45.909],[-81.7535,45.8485],[-81.91,45.906],[-81.8945,45.953],[-81.9535,45.988],[-82.0885,45.944],[-82.14,45.8555],[-82.2845,45.931],[-82.3095,45.99],[-82.49,45.9525],[-82.592,45.889],[-82.5065,45.847],[-82.523,45.8055],[-82.66,45.865],[-82.76,45.847],[-82.837,45.931],[-82.81,45.9925],[-82.9515,45.9645],[-83.1185,45.953],[-83.226,45.9295],[-83.225,45.887],[-83.082,45.868],[-82.9515,45.8135],[-82.7655,45.788],[-82.684,45.7945],[-82.532,45.75],[-82.4525,45.705],[-82.339,45.695],[-82.174,45.608],[-82.016,45.5685],[-81.8415,45.6875],[-81.847,45.6315],[-81.9305,45.5685],[-81.805,45.5455],[-81.605,45.752],[-81.6055,45.806],[-81.6795,45.909]]],[[[-81.921,46.0095],[-81.794,46.0015],[-81.8035,46.058],[-81.941,46.053],[-81.921,46.0095]]],[[[-76.4085,44.135],[-76.351,44.189],[-76.4595,44.206],[-76.4995,44.1665],[-76.4085,44.135]]],[[[-76.6405,44.1755],[-76.66,44.2005],[-76.7945,44.1625],[-76.703,44.1245],[-76.6405,44.1755]]],[[[-80.2215,45.311],[-80.18,45.2445],[-80.097,45.291],[-80.1835,45.334],[-80.2215,45.311]]],[[[-83.815,46.143],[-83.7825,46.223],[-83.843,46.269],[-83.986,46.3105],[-84.109,46.2925],[-84.069,46.211],[-83.9255,46.077],[-83.87,46.1625],[-83.815,46.143]]]]},"properties":{"ADMIN":"Canada"}},
{"type":"Feature","geometry":{"type":"MultiPolygon","coordinates":[[[[-97.1395,25.966],[-97.253,25.9635],[-97.355,25.913],[-97.3455,25.852],[-97.4255,25.855],[-97.4485,25.8925],[-97.5205,25.913],[-97.6795,26.0345],[-97.802,26.0635],[-97.9415,26.057],[-98.2225,26.0755],[-98.3005,26.1115],[-98.3695,26.194],[-98.5815,26.2625],[-98.6405,26.242],[-98.74,26.3035],[-98.796,26.3685],[-98.893,26.368],[-98.963,26.3995],[-99.0855,26.4075],[-99.115,26.5255],[-99.165,26.5405],[-99.181,26.63],[-99.2485,26.827],[-99.377,26.954],[-99.3995,27.0125],[-99.4615,27.057],[-99.432,27.2075],[-99.4975,27.339],[-99.473,27.4265],[-99.5095,27.5],[-99.507,27.574],[-99.6,27.6465],[-99.7005,27.659],[-99.7405,27.722],[-99.8635,27.8045],[-99.879,27.902],[-100.0005,28.0205],[-100.075,28.1545],[-100.1975,28.207],[-100.2845,28.2965],[-100.3515,28.4965],[-100.397,28.5925],[-100.494,28.7085],[-100.519,28.805],[-100.6245,28.9245],[-100.669,29.116],[-100.7625,29.174],[-100.816,29.271],[-101.016,29.39],[-101.038,29.46],[-101.1635,29.5015],[-101.2265,29.5545],[-101.219,29.6105],[-101.3645,29.6765],[-101.4095,29.766],[-101.554,29.7965],[-101.632,29.7755],[-101.972,29.818],[-102.1095,29.802],[-102.302,29.8895],[-102.3745,29.848],[-102.406,29.7775],[-102.5155,29.7845],[-102.6835,29.7435],[-102.7795,29.5925],[-102.841,29.4385],[-102.8375,29.3665],[-102.883,29.344],[-102.897,29.2205],[-102.9885,29.177],[-103.016,29.127],[-103.1045,29.058],[-103.148,28.985],[-103.3015,29.0025],[-103.4785,29.082],[-103.5415,29.149],[-103.673,29.1735],[-103.7775,29.2355],[-103.794,29.2775],[-103.928,29.293],[-104.0575,29.339],[-104.1945,29.449],[-104.267,29.5265],[-104.349,29.5375],[-104.444,29.589],[-104.531,29.668],[-104.5705,29.7875],[-104.6195,29.833],[-104.6805,29.9425],[-104.699,30.0315],[-104.6815,30.193],[-104.7495,30.2645],[-104.8525,30.439],[-104.8865,30.552],[-105.0085,30.677],[-105.087,30.71],[-105.1335,30.758],[-105.2295,30.81],[-105.364,30.8505],[-105.4155,30.9025],[-105.556,31.0025],[-105.591,31.0715],[-105.768,31.18],[-105.862,31.2885],[-106.0045,31.397],[-106.1645,31.448],[-106.209,31.4775],[-106.2865,31.58],[-106.3585,31.7175],[-106.429,31.7585],[-106.517,31.774],[-107.2835,31.7755],[-108.215,31.778],[-108.215,31.3275],[-108.9835,31.3275],[-109.582,31.3275],[-110.5215,31.327],[-111.0065,31.327],[-111.067,31.3335],[-111.506,31.475],[-112.3245,31.728],[-113.143,31.981],[-113.9615,32.234],[-114.822,32.5],[-114.8025,32.5945],[-114.7245,32.713],[-115.2795,32.671],[-115.794,32.632],[-116.5295,32.5765],[-117.125,32.5315],[-117.1185,32.4545],[-117.025,32.277],[-116.9485,32.247],[-116.887,32.132],[-116.8755,32.0345],[-116.8425,31.9865],[-116.77,31.978],[-116.755,31.9095],[-116.6195,31.8575],[-116.6195,31.7715],[-116.6685,31.697],[-116.648,31.659],[-116.6755,31.5525],[-116.53,31.4405],[-116.454,31.3385],[-116.3415,31.2195],[-116.3095,31.1485],[-116.3355,30.9565],[-116.2495,30.957],[-116.176,30.86],[-116.068,30.813],[-116.037,30.73],[-116.031,30.627],[-116.0495,30.4795],[-116.0045,30.359],[-115.933,30.4],[-115.8375,30.3465],[-115.7985,30.2405],[-115.7835,30.0925],[-115.811,29.968],[-115.729,29.935],[-115.686,29.8305],[-115.6975,29.756],[-115.5935,29.692],[-115.4985,29.6115],[-115.452,29.62],[-115.3715,29.557],[-115.2855,29.53],[-115.187,29.4285],[-115.104,29.419],[-114.972,29.378],[-114.7855,29.194],[-114.744,29.1875],[-114.722,29.1175],[-114.6315,29.0945],[-114.53,28.9255],[-114.4765,28.929],[-114.4025,28.86],[-114.348,28.764],[-114.2755,28.696],[-114.272,28.659],[-114.166,28.647],[-114.16,28.566],[-114.1105,28.562],[-114.0425,28.4585],[-114.125,28.2555],[-114.0575,28.2065],[-114.113,28.1205],[-114.0995,28.055],[-114.0395,28.0275],[-114.0945,27.9575],[-114.151,28.0045],[-114.1825,27.931],[-114.1345,27.877],[-114.173,27.827],[-114.141,27.731],[-114.1045,27.7075],[-113.994,27.75],[-113.9185,27.7195],[-113.9535,27.6555],[-114.0425,27.6795],[-114.103,27.621],[-114.151,27.6695],[-114.2825,27.736],[-114.312,27.7795],[-114.2905,27.8335],[-114.3255,27.8745],[-114.433,27.8005],[-114.499,27.774],[-114.6045,27.7745],[-114.9235,27.8365],[-115.053,27.822],[-115.0015,27.716],[-114.8865,27.695],[-114.849,27.6405],[-114.7815,27.603],[-114.734,27.5215],[-114.5965,27.477],[-114.5065,27.406],[-114.4845,27.3245],[-114.4875,27.238],[-114.395,27.183],[-114.2905,27.1465],[-114.2365,27.1535],[-114.1145,27.1055],[-114.005,26.9775],[-113.96,26.998],[-113.8165,26.949],[-113.725,26.8],[-113.637,26.7255],[-113.543,26.719],[-113.504,26.7935],[-113.364,26.795],[-113.286,26.7495],[-113.264,26.8115],[-113.204,26.8535],[-113.1925,26.945],[-113.126,26.938],[-113.1375,26.8575],[-113.2125,26.7925],[-113.143,26.7575],[-113.057,26.65],[-113.0605,26.599],[-112.7285,26.37],[-112.689,26.3225],[-112.613,26.3165],[-112.4985,26.235],[-112.4425,26.2605],[-112.3435,26.178],[-112.293,26.0495],[-112.2385,26.041],[-112.1985,25.995],[-112.131,25.8165],[-112.076,25.7135],[-112.063,25.6255],[-112.078,25.2585],[-112.1305,25.172],[-112.1425,25.086],[-112.1035,24.9405],[-112.124,24.874],[-112.088,24.7735],[-112.0115,24.7395],[-111.9665,24.7785],[-111.849,24.6535],[-111.815,24.57],[-111.813,24.506],[-111.679,24.5865],[-111.6195,24.473],[-111.5225,24.4045],[-111.4445,24.3245],[-111.2275,24.2175],[-111.0395,24.104],[-110.816,23.9085],[-110.6475,23.734],[-110.5775,23.6815],[-110.4045,23.6085],[-110.3075,23.541],[-110.1675,23.321],[-110.0985,23.0175],[-110.06,22.951],[-109.9545,22.872],[-109.8955,22.874],[-109.7315,22.9875],[-109.713,23.031],[-109.5315,23.108],[-109.463,23.195],[-109.4255,23.297],[-109.4265,23.4585],[-109.4685,23.504],[-109.4765,23.56],[-109.68,23.648],[-109.7115,23.749],[-109.6985,23.7985],[-109.839,23.952],[-109.8035,24.022],[-109.8285,24.063],[-109.9315,24.0295],[-109.9875,24.0465],[-110.018,24.1695],[-110.173,24.253],[-110.2325,24.343],[-110.3325,24.329],[-110.3365,24.256],[-110.301,24.217],[-110.3505,24.1145],[-110.417,24.1085],[-110.402,24.1755],[-110.5625,24.2125],[-110.61,24.2535],[-110.682,24.3605],[-110.687,24.466],[-110.7385,24.5545],[-110.7235,24.681],[-110.694,24.7],[-110.657,24.807],[-110.758,25.012],[-110.814,25.033],[-110.9045,25.143],[-111.0265,25.4585],[-111.0195,25.5155],[-111.114,25.5255],[-111.1915,25.615],[-111.225,25.7245],[-111.307,25.779],[-111.3605,25.964],[-111.3185,26.0735],[-111.3975,26.252],[-111.3935,26.33],[-111.4615,26.4],[-111.468,26.4665],[-111.442,26.5175],[-111.549,26.5485],[-111.569,26.576],[-111.56,26.6955],[-111.648,26.7465],[-111.745,26.844],[-111.818,26.896],[-111.8515,26.8805],[-111.794,26.69],[-111.677,26.582],[-111.736,26.5395],[-111.905,26.7345],[-111.8615,26.784],[-111.8705,26.828],[-111.952,26.892],[-112.017,26.9785],[-111.97,27.068],[-112.011,27.117],[-112.155,27.162],[-112.213,27.2105],[-112.1955,27.25],[-112.287,27.366],[-112.333,27.5165],[-112.373,27.564],[-112.485,27.62],[-112.598,27.6545],[-112.7035,27.755],[-112.7195,27.819],[-112.773,27.864],[-112.7605,27.998],[-112.7995,28.0175],[-112.812,28.1205],[-112.794,28.1905],[-112.872,28.2835],[-112.8495,28.3825],[-112.9025,28.4755],[-113.0015,28.4555],[-113.103,28.5045],[-113.1315,28.6045],[-113.194,28.744],[-113.196,28.792],[-113.2605,28.84],[-113.3545,28.8005],[-113.379,28.9],[-113.4785,28.946],[-113.525,28.8915],[-113.5615,29.0235],[-113.536,29.0515],[-113.6565,29.2185],[-113.623,29.2525],[-113.771,29.408],[-113.8325,29.435],[-113.9815,29.568],[-114.0465,29.5965],[-114.271,29.772],[-114.3395,29.7445],[-114.392,29.783],[-114.4275,29.9075],[-114.533,29.968],[-114.5805,30.0725],[-114.6605,30.1835],[-114.6295,30.425],[-114.6495,30.5545],[-114.6985,30.637],[-114.687,30.745],[-114.7205,30.941],[-114.8325,31.0065],[-114.8135,31.05],[-114.864,31.0895],[-114.8885,31.163],[-114.875,31.3285],[-114.8525,31.3895],[-114.853,31.5265],[-114.7805,31.656],[-114.828,31.79],[-114.87,31.84],[-114.8425,31.8615],[-114.7935,31.8165],[-114.747,31.81],[-114.677,31.764],[-114.5845,31.761],[-114.4945,31.6775],[-114.3275,31.5945],[-114.288,31.5525],[-114.159,31.4945],[-114.029,31.4915],[-113.963,31.563],[-113.8755,31.5965],[-113.7745,31.5635],[-113.6595,31.4975],[-113.6095,31.353],[-113.549,31.2955],[-113.117,31.2175],[-113.0485,31.1565],[-113.056,31.0305],[-113.1,30.979],[-113.1,30.907],[-113.129,30.8125],[-113.08,30.6705],[-112.9865,30.5325],[-112.8705,30.4285],[-112.8485,30.2885],[-112.753,30.186],[-112.759,30.059],[-112.7305,30.0135],[-112.7515,29.9245],[-112.6865,29.908],[-112.536,29.688],[-112.506,29.617],[-112.432,29.561],[-112.378,29.4855],[-112.42,29.376],[-112.357,29.319],[-112.2635,29.33],[-112.2115,29.253],[-112.227,29.1885],[-112.165,29.11],[-112.184,29.084],[-112.1505,28.963],[-112.1055,28.9575],[-112.0305,28.8615],[-111.9675,28.8415],[-111.8945,28.7805],[-111.9205,28.72],[-111.7605,28.584],[-111.7085,28.46],[-111.4735,28.381],[-111.439,28.3085],[-111.2505,28.052],[-111.172,27.99],[-111.059,27.937],[-110.9995,27.964],[-110.863,27.8765],[-110.808,27.928],[-110.671,27.8985],[-110.5865,27.837],[-110.589,27.7225],[-110.6265,27.6085],[-110.555,27.385],[-110.4995,27.3935],[-110.4255,27.302],[-110.4035,27.2455],[-110.3365,27.172],[-110.2875,27.1485],[-110.091,27.1025],[-109.982,27.115],[-109.917,27.06],[-109.911,26.952],[-109.8565,26.801],[-109.7685,26.7065],[-109.6945,26.678],[-109.55,26.728],[-109.4415,26.7145],[-109.4285,26.672],[-109.314,26.5685],[-109.2555,26.498],[-109.2255,26.3345],[-109.2315,26.2625],[-109.268,26.18],[-109.3425,26.135],[-109.4335,26.0215],[-109.419,25.896],[-109.4405,25.7935],[-109.288,25.7165],[-109.3005,25.659],[-109.2245,25.669],[-109.171,25.6485],[-109.1135,25.5845],[-109.0415,25.6045],[-108.9895,25.663],[-108.901,25.7005],[-108.9065,25.639],[-108.9725,25.58],[-109.0705,25.5805],[-109.116,25.5365],[-109.0345,25.465],[-109.002,25.5],[-108.888,25.4895],[-108.8895,25.5635],[-108.7935,25.5365],[-108.73,25.406],[-108.657,25.392],[-108.554,25.308],[-108.451,25.2695],[-108.396,25.214],[-108.3175,25.2285],[-108.3335,25.161],[-108.218,25.173],[-108.173,25.1135],[-108.107,25.117],[-108.0035,25.0315],[-108.1055,25.027],[-108.128,24.984],[-108.1865,24.9865],[-108.1555,24.883],[-108.036,24.785],[-107.995,24.6485],[-107.8205,24.595],[-107.739,24.5075],[-107.6765,24.5015],[-107.624,24.4585],[-107.519,24.5115],[-107.4785,24.4],[-107.543,24.3465],[-107.4045,24.2525],[-107.378,24.207],[-107.1695,24.0765],[-107.036,23.981],[-106.902,23.8465],[-106.861,23.755],[-106.8135,23.6995],[-106.793,23.6325],[-106.7505,23.619],[-106.612,23.469],[-106.523,23.4075],[-106.43,23.2305],[-106.2775,23.0835],[-106.2205,23.052],[-106.032,22.83],[-105.9425,22.7815],[-105.8,22.6385],[-105.7325,22.504],[-105.655,22.2565],[-105.6575,22.0475],[-105.6325,21.9555],[-105.5495,21.83],[-105.414,21.601],[-105.2635,21.5135],[-105.2,21.493],[-105.185,21.443],[-105.243,21.342],[-105.216,21.2045],[-105.233,21.183],[-105.2345,21.061],[-105.3095,21.0305],[-105.358,20.9575],[-105.404,20.929],[-105.514,20.7705],[-105.411,20.734],[-105.3615,20.763],[-105.31,20.727],[-105.284,20.67],[-105.2345,20.636],[-105.2435,20.5835],[-105.3285,20.5135],[-105.5755,20.4875],[-105.6985,20.407],[-105.6555,20.313],[-105.553,20.2015],[-105.5255,20.032],[-105.4285,19.8895],[-105.3515,19.8045],[-105.251,19.666],[-105.152,19.584],[-105.0875,19.561],[-105.07,19.448],[-105.017,19.3685],[-104.8805,19.279],[-104.8155,19.2995],[-104.807,19.229],[-104.7335,19.2285],[-104.636,19.1595],[-104.4515,19.1045],[-104.3545,19.112],[-104.304,19.0815],[-104.3315,19.0225],[-104.266,19],[-95.961,19],[-95.977,19.0585],[-96.041,19.0655],[-96.0885,19.1155],[-96.132,19.236],[-96.1575,19.225],[-96.2785,19.3145],[-96.3205,19.439],[-96.3155,19.482],[-96.36,19.537],[-96.405,19.742],[-96.456,19.869],[-96.51,19.93],[-96.676,20.158],[-96.815,20.2905],[-96.9255,20.4105],[-96.9405,20.449],[-97.0345,20.5145],[-97.1505,20.647],[-97.1985,20.739],[-97.197,20.81],[-97.338,21.055],[-97.3975,21.205],[-97.497,21.4005],[-97.4895,21.481],[-97.5775,21.501],[-97.6575,21.6365],[-97.7085,21.8275],[-97.7195,21.952],[-97.6475,21.8845],[-97.625,21.7945],[-97.487,21.6365],[-97.379,21.5545],[-97.3745,21.5045],[-97.472,21.438],[-97.4315,21.3425],[-97.398,21.3415],[-97.348,21.418],[-97.316,21.561],[-97.3425,21.603],[-97.508,21.723],[-97.6105,21.836],[-97.7605,22.096],[-97.7745,22.2535],[-97.809,22.3405],[-97.82,22.4335],[-97.8895,22.6255],[-97.836,22.761],[-97.795,22.8085],[-97.7425,22.972],[-97.7685,23.26],[-97.758,23.4405],[-97.722,23.7395],[-97.7165,24.008],[-97.6515,24.516],[-97.459,25.1795],[-97.3195,25.39],[-97.2615,25.4995],[-97.165,25.7235],[-97.1675,25.8285],[-97.1395,25.966]]],[[[-91.2,19],[-87.6095,19],[-87.549,19.133],[-87.4955,19.3275],[-87.567,19.317],[-87.639,19.221],[-87.688,19.242],[-87.6555,19.373],[-87.5715,19.428],[-87.526,19.4065],[-87.433,19.492],[-87.423,19.558],[-87.5155,19.548],[-87.5645,19.568],[-87.6665,19.5525],[-87.7315,19.6005],[-87.7345,19.684],[-87.6285,19.7085],[-87.6005,19.7715],[-87.497,19.8295],[-87.4715,19.8845],[-87.4715,20.069],[-87.444,20.191],[-87.379,20.2665],[-87.354,20.327],[-87.235,20.4925],[-87.1805,20.547],[-87.0675,20.619],[-86.943,20.7625],[-86.8755,20.855],[-86.8235,21.02],[-86.7415,21.164],[-86.815,21.205],[-86.828,21.4335],[-86.925,21.446],[-86.998,21.566],[-87.0435,21.602],[-87.134,21.6195],[-87.3245,21.541],[-87.2565,21.528],[-87.153,21.5685],[-87.13,21.5195],[-87.166,21.4725],[-87.238,21.443],[-87.474,21.467],[-87.502,21.4995],[-87.6185,21.5205],[-87.778,21.5105],[-87.77,21.5525],[-87.858,21.5645],[-87.962,21.6],[-88.1295,21.616],[-88.2825,21.5565],[-88.448,21.575],[-88.6055,21.534],[-88.7025,21.4585],[-88.879,21.413],[-89.123,21.3635],[-89.459,21.325],[-89.598,21.302],[-89.786,21.2845],[-89.9215,21.2405],[-89.982,21.199],[-90.0995,21.164],[-90.3325,21.0325],[-90.36,21.0005],[-90.449,20.742],[-90.49,20.534],[-90.4745,20.4085],[-90.4885,20.312],[-90.4975,20.0675],[-90.467,20.0135],[-90.478,19.922],[-90.517,19.8815],[-90.6645,19.782],[-90.7095,19.6875],[-90.73,19.376],[-90.803,19.283],[-90.8565,19.2585],[-90.9355,19.163],[-91.0795,19.0875],[-91.2,19]]],[[[-106.5125,21.597],[-106.5345,21.6575],[-106.642,21.6965],[-106.631,21.601],[-106.545,21.562],[-106.5125,21.597]]],[[[-109.8355,24.2245],[-109.9375,24.325],[-109.9005,24.199],[-109.8625,24.147],[-109.7985,24.155],[-109.8355,24.2245]]],[[[-111.7535,24.447],[-111.818,24.4675],[-111.8645,24.5205],[-111.9715,24.5185],[-111.7105,24.3185],[-111.6925,24.374],[-111.7535,24.447]]],[[[-110.325,24.516],[-110.3865,24.587],[-110.4155,24.5695],[-110.3845,24.4735],[-110.3265,24.4005],[-110.288,24.4695],[-110.325,24.516]]],[[[-110.711,25.095],[-110.7135,25.029],[-110.6545,24.946],[-110.574,24.8875],[-110.593,25.0345],[-110.6685,25.053],[-110.711,25.095]]],[[[-112.1035,24.617],[-112.1155,24.6895],[-112.2135,24.8475],[-112.191,24.89],[-112.2065,25.0175],[-112.275,24.8395],[-112.146,24.732],[-112.1665,24.671],[-112.1035,24.617]]],[[[-111.081,25.9985],[-111.071,26.0535],[-111.176,26.0435],[-111.1695,25.9875],[-111.211,25.929],[-111.181,25.9025],[-111.081,25.9985]]],[[[-115.195,28.3415],[-115.2625,28.299],[-115.24,28.2335],[-115.334,28.125],[-115.2065,28.038],[-115.1555,28.1705],[-115.1625,28.2615],[-115.195,28.3415]]],[[[-112.2745,28.7685],[-112.1955,29.0215],[-112.2725,29.1375],[-112.2815,29.2255],[-112.4385,29.202],[-112.4805,29.155],[-112.5005,29.0755],[-112.486,28.9715],[-112.526,28.909],[-112.583,28.8755],[-112.382,28.774],[-112.2745,28.7685]]],[[[-113.138,29.065],[-113.1745,29.129],[-113.183,29.2895],[-113.2555,29.2855],[-113.3705,29.31],[-113.35,29.384],[-113.395,29.4595],[-113.477,29.532],[-113.549,29.533],[-113.589,29.4095],[-113.354,29.1705],[-113.3005,29.145],[-113.2295,29.0595],[-113.115,28.9845],[-113.138,29.065]]],[[[-114.786,31.803],[-114.798,31.7565],[-114.7155,31.695],[-114.6695,31.721],[-114.755,31.798],[-114.786,31.803]]],[[[-86.749,20.592],[-86.8465,20.549],[-86.937,20.547],[-87.008,20.436],[-87.019,20.3325],[-86.9955,20.261],[-86.9265,20.3135],[-86.844,20.4375],[-86.797,20.4775],[-86.749,20.592]]],[[[-118.2515,29.0895],[-118.2965,29.186],[-118.357,29.1495],[-118.3555,29.067],[-118.3045,28.998],[-118.2835,28.8925],[-118.226,28.915],[-118.2205,29.015],[-118.2515,29.0895]]],[[[-89.664,22.371],[-89.61,22.461],[-89.655,22.472],[-89.698,22.4175],[-89.664,22.371]]]]},"properties":{"ADMIN":"Mexico"}},
{"type":"Feature","geometry":{"type":"MultiPolygon","coordinates":[[[[-72.9995,21.4515],[-72.9145,21.485],[-72.9915,21.562],[-73.076,21.507],[-73.052,21.448],[-72.9995,21.4515]]],[[[-73.139,22.3635],[-73.0735,22.342],[-72.9885,22.37],[-72.88,22.358],[-72.797,22.2935],[-72.755,22.3495],[-72.893,22.4045],[-72.9635,22.3975],[-73.063,22.4445],[-73.1145,22.4385],[-73.139,22.3635]]],[[[-73.647,21.0615],[-73.703,21.02],[-73.676,20.935],[-73.601,20.9465],[-73.4925,20.9245],[-73.399,20.936],[-73.347,20.964],[-73.2255,20.9525],[-73.13,20.9935],[-73.0975,21.0815],[-73.034,21.1565],[-73.0055,21.2915],[-73.053,21.3295],[-73.161,21.17],[-73.255,21.135],[-73.344,21.1655],[-73.398,21.225],[-73.4335,21.1935],[-73.5145,21.187],[-73.553,21.13],[-73.6335,21.0995],[-73.647,21.0615]]],[[[-74.284,22.672],[-74.3765,22.5845],[-74.3545,22.5635],[-74.284,22.672]]],[[[-73.9955,22.6575],[-73.9845,22.5955],[-73.9135,22.5945],[-73.871,22.5355],[-73.9075,22.4795],[-73.987,22.4575],[-74.0135,22.406],[-74.079,22.355],[-74.014,22.33],[-73.9285,22.43],[-73.8655,22.48],[-73.8485,22.5375],[-73.8585,22.657],[-73.845,22.72],[-73.9545,22.72],[-73.9955,22.6575]]],[[[-74.287,22.7335],[-74.2225,22.6955],[-74.0905,22.6575],[-74.016,22.72],[-74.167,22.747],[-74.2285,22.816],[-74.3105,22.843],[-74.352,22.8225],[-74.287,22.7335]]],[[[-75.798,23.5385],[-75.8565,23.5675],[-75.982,23.6825],[-76.0295,23.6555],[-75.9875,23.601],[-75.8735,23.5285],[-75.798,23.5385]]],[[[-74.859,22.9805],[-74.845,23],[-74.9465,23.0935],[-75.0315,23.1235],[-75.077,23.1715],[-75.094,23.3055],[-75.1825,23.4465],[-75.195,23.514],[-75.25,23.49],[-75.197,23.41],[-75.1315,23.356],[-75.113,23.2815],[-75.132,23.186],[-75.075,23.1275],[-74.9905,23.0785],[-74.9245,23.0115],[-74.859,22.9805]]],[[[-74.9,23.7065],[-74.891,23.6645],[-74.7935,23.6715],[-74.8125,23.7195],[-74.9,23.7065]]],[[[-74.4685,24.022],[-74.427,24.083],[-74.458,24.1415],[-74.5295,24.1005],[-74.5295,24.011],[-74.4685,24.022]]],[[[-77.525,23.933],[-77.5455,24.0045],[-77.5495,24.126],[-77.6075,24.218],[-77.648,24.138],[-77.705,24.0945],[-77.74,24.1645],[-77.6405,24.2375],[-77.675,24.303],[-77.8395,24.2065],[-77.854,24.166],[-77.942,24.097],[-77.8795,24.074],[-77.8335,24.022],[-77.813,23.8765],[-77.643,23.755],[-77.566,23.7405],[-77.5175,23.864],[-77.525,23.933]]],[[[-75.3145,24.2175],[-75.4005,24.3235],[-75.476,24.3705],[-75.572,24.5225],[-75.6125,24.5625],[-75.6265,24.645],[-75.709,24.7],[-75.7565,24.6605],[-75.6525,24.5885],[-75.6475,24.529],[-75.5715,24.489],[-75.534,24.389],[-75.4805,24.3095],[-75.406,24.2405],[-75.4635,24.1855],[-75.425,24.15],[-75.336,24.1585],[-75.3145,24.2175]]],[[[-77.48,24.9915],[-77.3795,25.0015],[-77.2745,25.046],[-77.326,25.0795],[-77.456,25.077],[-77.527,25.0545],[-77.5455,25.002],[-77.48,24.9915]]],[[[-78.3535,24.659],[-78.443,24.6245],[-78.3515,24.5305],[-78.2265,24.4655],[-78.18,24.465],[-78.134,24.404],[-78.08,24.3795],[-78.0635,24.316],[-78.013,24.314],[-77.9085,24.351],[-77.804,24.449],[-77.7185,24.5],[-77.7535,24.602],[-77.737,24.7],[-77.829,24.778],[-77.8735,24.8385],[-77.934,24.976],[-77.9865,25.013],[-77.977,25.1385],[-78.045,25.183],[-78.0905,25.1595],[-78.1495,25.1995],[-78.2145,25.1845],[-78.1695,25.073],[-78.1575,25],[-78.208,24.862],[-78.292,24.7755],[-78.3025,24.7205],[-78.222,24.666],[-78.2285,24.5695],[-78.297,24.644],[-78.3535,24.659]]],[[[-76.1615,25.1655],[-76.284,25.262],[-76.336,25.327],[-76.461,25.3545],[-76.6245,25.4625],[-76.73,25.5635],[-76.7695,25.424],[-76.713,25.447],[-76.591,25.4225],[-76.531,25.3705],[-76.3465,25.3035],[-76.2635,25.1935],[-76.165,25.13],[-76.1545,25.0055],[-76.211,24.901],[-76.137,24.902],[-76.158,24.962],[-76.1305,24.995],[-76.113,25.115],[-76.1615,25.1655]]],[[[-78.59,26.536],[-78.54,26.565],[-78.2935,26.6215],[-78.2375,26.6215],[-77.903,26.6815],[-77.9715,26.7295],[-78.0555,26.726],[-78.287,26.6855],[-78.438,26.7],[-78.6075,26.756],[-78.576,26.695],[-78.638,26.6095],[-78.7145,26.5705],[-78.806,26.578],[-78.8345,26.5535],[-78.727,26.4955],[-78.656,26.498],[-78.59,26.536]]],[[[-77.8125,26.907],[-77.7545,26.8795],[-77.5175,26.852],[-77.4445,26.755],[-77.427,26.695],[-77.35,26.669],[-77.312,26.5945],[-77.1605,26.564],[-77.196,26.463],[-77.23,26.4475],[-77.2185,26.3555],[-77.2505,26.313],[-77.23,26.2585],[-77.2565,26.204],[-77.2235,26.146],[-77.348,26.0705],[-77.388,26.0055],[-77.315,25.991],[-77.2265,25.885],[-77.1905,25.9165],[-77.192,26.069],[-77.165,26.2455],[-77.0845,26.306],[-77.015,26.3155],[-77.059,26.423],[-77.059,26.5295],[-77.183,26.6005],[-77.27,26.625],[-77.328,26.709],[-77.5115,26.8695],[-77.607,26.9205],[-77.63,26.904],[-77.7745,26.927],[-77.8125,26.907]]]]},"properties":{"ADMIN":"The Bahamas"}},
{"type":"Feature","geometry":{"type":"MultiPolygon","coordinates":[[[[-71.803,21.788],[-71.741,21.795],[-71.631,21.7745],[-71.679,21.842],[-71.8095,21.84],[-71.803,21.788]]],[[[-72.022,21.9045],[-71.9035,21.8665],[-71.911,21.9485],[-72.0085,21.959],[-72.022,21.9045]]]]},"properties":{"ADMIN":"Turks and Caicos Islands"}},
{"type":"Feature","geometry":{"type":"Polygon","coordinates":[[[-81.136,19.355],[-81.212,19.348],[-81.2865,19.3685],[-81.3035,19.309],[-81.2335,19.289],[-81.135,19.2905],[-81.136,19.355]]]},"properties":{"ADMIN":"Cayman Islands"}},
{"type":"Feature","geometry":{"type":"Polygon","coordinates":[[[-64.676,32.3885],[-64.7365,32.344],[-64.755,32.293],[-64.6985,32.3265],[-64.708,32.3515],[-64.676,32.3885]]]},"properties":{"ADMIN":"Bermuda"}}
]}