{"type":"FeatureCollection", "features": [
{"type":"Feature","geometry":{"type":"Polygon","coordinates":[[[-71.7575,19.71],[-71.969,19.7325],[-72.048,19.712],[-72.1105,19.616],[-72.1105,19.566],[-72.046,19.436],[-71.979,19.336],[-71.8875,19.285],[-71.7495,19.2795],[-71.7765,19.3275],[-71.704,19.4145],[-71.715,19.5375],[-71.746,19.649],[-71.7575,19.71]]]},"properties":{"name":"Nord-Est","admin":"Haiti"}},
{"type":"Feature","geometry":{"type":"Polygon","coordinates":[[[-71.746,19.649],[-71.6375,19.6075],[-71.5325,19.6195],[-71.413,19.5445],[-71.279,19.5525],[-71.184,19.5365],[-71.1725,19.6285],[-71.134,19.752],[-71.195,19.7715],[-71.222,19.8345],[-71.357,19.8515],[-71.5045,19.9105],[-71.6485,19.8965],[-71.659,19.862],[-71.7445,19.817],[-71.7575,19.71],[-71.746,19.649]]]},"properties":{"name":"Monte Cristi","admin":"Dominican Republic"}},
{"type":"Feature","geometry":{"type":"Polygon","coordinates":[[[-71.7495,19.2795],[-71.6515,19.218],[-71.574,19.284],[-71.4885,19.299],[-71.4485,19.466],[-71.413,19.5445],[-71.5325,19.6195],[-71.6375,19.6075],[-71.746,19.649],[-71.715,19.5375],[-71.704,19.4145],[-71.7765,19.3275],[-71.7495,19.2795]]]},"properties":{"name":"Dajabón","admin":"Dominican Republic"}},
{"type":"Feature","geometry":{"type":"Polygon","coordinates":[[[-71.7495,19.2795],[-71.8875,19.285],[-71.979,19.336],[-72.12,19.26],[-72.2,19.302],[-72.246,19.241],[-72.2515,19.1685],[-72.225,19.068],[-72.237,19],[-71.78,19],[-71.6435,19.1525],[-71.6515,19.218],[-71.7495,19.2795]]]},"properties":{"name":"Centre","admin":"Haiti"}},
{"type":"Feature","geometry":{"type":"Polygon","coordinates":[[[-71.78,19],[-71.586,19],[-71.519,19.018],[-71.471,19.1285],[-71.406,19.105],[-71.3365,19.13],[-71.3275,19.191],[-71.416,19.2345],[-71.4885,19.299],[-71.574,19.284],[-71.6515,19.218],[-71.6435,19.1525],[-71.78,19]]]},"properties":{"name":"La Estrelleta","admin":"Dominican Republic"}},
{"type":"Feature","geometry":{"type":"Polygon","coordinates":[[[-75.095,19.897],[-75.137,19.9715],[-75.1645,19.9135],[-75.095,19.897]]]},"properties":{"name":"Guantanamo Bay USNB","admin":"US Naval Base Guantanamo Bay"}},
{"type":"Feature","geometry":{"type":"Polygon","coordinates":[[[-75.095,19.897],[-74.978,19.923],[-74.9475,19.976],[-74.888,19.984],[-74.813,20.0375],[-74.713,20.052],[-74.5805,20.0475],[-74.393,20.081],[-74.2675,20.0685],[-74.2305,20.1305],[-74.142,20.1825],[-74.1395,20.2425],[-74.2135,20.311],[-74.3105,20.294],[-74.401,20.3075],[-74.495,20.355],[-74.605,20.4855],[-74.715,20.556],[-74.7795,20.516],[-74.783,20.445],[-74.845,20.408],[-74.969,20.472],[-75.0485,20.4335],[-75.105,20.484],[-75.1895,20.4715],[-75.2405,20.397],[-75.3305,20.438],[-75.3755,20.423],[-75.479,20.34],[-75.4805,20.238],[-75.4335,20.0945],[-75.4885,20.0245],[-75.382,19.8825],[-75.233,19.9],[-75.16,19.9705],[-75.137,19.9715],[-75.095,19.897]]]},"properties":{"name":"Guantánamo","admin":"Cuba"}},
{"type":"Feature","geometry":{"type":"MultiPolygon","coordinates":[[[[-122.753,48.9925],[-122.7725,48.8865],[-122.6495,48.7635],[-122.53,48.7685],[-122.484,48.635],[-122.4405,48.5805],[-122.4945,48.5295],[-122.5005,48.4505],[-122.633,48.5165],[-122.6835,48.43],[-122.5845,48.438],[-122.534,48.3745],[-122.392,48.31],[-122.436,48.2345],[-122.3755,48.213],[-122.3625,48.1225],[-122.2075,48.0145],[-122.3205,47.942],[-122.406,47.778],[-122.381,47.72],[-122.4135,47.6415],[-122.367,47.442],[-122.3235,47.3725],[-122.4095,47.325],[-122.4485,47.2685],[-122.537,47.2785],[-122.5715,47.2095],[-122.7225,47.0895],[-122.798,47.1575],[-122.901,47.1305],[-122.965,47.181],[-122.9205,47.278],[-122.846,47.316],[-122.7985,47.205],[-122.7235,47.2385],[-122.6865,47.301],[-122.586,47.3365],[-122.508,47.5205],[-122.592,47.597],[-122.6285,47.693],[-122.4685,47.7565],[-122.528,47.9055],[-122.5885,47.9045],[-122.734,47.7425],[-122.7635,47.669],[-122.949,47.597],[-122.839,47.782],[-122.7365,47.7945],[-122.668,47.871],[-122.678,47.9355],[-122.792,48.083],[-122.795,48.141],[-122.999,48.0915],[-123.112,48.149],[-123.247,48.1155],[-123.5845,48.1355],[-123.7005,48.165],[-123.971,48.1655],[-124.05,48.1775],[-124.2275,48.2585],[-124.399,48.2935],[-124.575,48.3705],[-124.6965,48.391],[-124.6615,48.3195],[-124.6895,48.2135],[-124.7345,48.1705],[-124.6895,48.1],[-124.638,47.908],[-124.4835,47.813],[-124.423,47.742],[-124.351,47.547],[-124.318,47.3575],[-124.2115,47.2265],[-124.172,47.042],[-124.0275,47.028],[-124.013,46.9835],[-123.8815,46.9415],[-124.047,46.891],[-124.1015,46.8085],[-124.0935,46.743],[-123.913,46.728],[-123.9225,46.658],[-123.8965,46.5445],[-123.936,46.4725],[-123.898,46.4415],[-123.958,46.378],[-124.0145,46.385],[-124.018,46.5685],[-124.0625,46.596],[-124.064,46.3565],[-123.925,46.2515],[-123.693,46.305],[-123.603,46.26],[-123.479,46.276],[-123.298,46.1515],[-123.18,46.179],[-123.112,46.1865],[-122.91,46.108],[-122.8065,45.978],[-122.739,45.663],[-122.673,45.6255],[-122.5395,45.622],[-122.426,45.588],[-122.261,45.5665],[-121.971,45.6425],[-121.7925,45.7215],[-121.7175,45.71],[-121.57,45.7295],[-121.272,45.709],[-121.133,45.624],[-121.044,45.653],[-120.9,45.642],[-120.6685,45.7035],[-120.621,45.731],[-120.47,45.71],[-120.23,45.737],[-120.127,45.789],[-119.934,45.838],[-119.6625,45.872],[-119.5915,45.921],[-119.3415,45.946],[-119.0935,45.949],[-119.0025,45.9995],[-117.9165,46.0005],[-116.879,46.0015],[-116.9605,46.105],[-116.909,46.1835],[-116.942,46.2595],[-117.037,46.3635],[-117.0415,46.6035],[-117.0415,47.4205],[-117.043,48.055],[-117.035,48.359],[-117.038,48.9925],[-118.257,48.9925],[-119.576,48.9925],[-120.675,48.9925],[-121.554,48.9925],[-122.753,48.9925]]],[[[-122.435,47.4255],[-122.51,47.456],[-122.5105,47.332],[-122.3745,47.383],[-122.435,47.4255]]],[[[-122.3595,47.9765],[-122.46,48.0535],[-122.5465,48.017],[-122.5955,48.2055],[-122.665,48.2265],[-122.594,48.308],[-122.6685,48.363],[-122.751,48.25],[-122.744,48.206],[-122.6,48.13],[-122.615,48.075],[-122.5305,47.9675],[-122.3595,47.9765]]],[[[-123.02,48.4995],[-122.9775,48.5315],[-123.129,48.62],[-123.1775,48.599],[-123.1165,48.484],[-123.02,48.4995]]],[[[-122.746,48.6645],[-122.858,48.7085],[-122.9295,48.7085],[-123.0265,48.6365],[-122.862,48.6015],[-122.746,48.6645]]]]},"properties":{"name":"Washington","admin":"United States of America"}},
{"type":"Feature","geometry":{"type":"MultiPolygon","coordinates":[[[[-117.038,48.9925],[-116.048,48.9925],[-115.1795,48.9925],[-114.064,48.9925],[-114.0485,49.049],[-114.1475,49.094],[-114.154,49.148],[-114.2255,49.186],[-114.3765,49.2045],[-114.47,49.3335],[-114.5925,49.418],[-114.5635,49.539],[-114.7385,49.581],[-114.684,49.631],[-114.625,49.78],[-114.6825,49.892],[-114.644,49.9825],[-114.667,50.0715],[-114.7195,50.1165],[-114.775,50.354],[-114.856,50.4075],[-114.9995,50.563],[-115.096,50.589],[-115.188,50.5475],[-115.3125,50.636],[-115.3435,50.7305],[-115.528,50.7925],[-115.6205,50.97],[-115.816,51.084],[-115.9035,51.0875],[-116.018,51.1425],[-116.0275,51.2195],[-116.234,51.303],[-116.3,51.379],[-116.296,51.4505],[-116.388,51.495],[-116.484,51.6075],[-116.5765,51.644],[-116.596,51.709],[-116.685,51.8095],[-116.752,51.798],[-116.8535,51.7065],[-116.9375,51.72],[-117.0475,51.915],[-117.2715,52.049],[-117.3065,52.167],[-117.376,52.134],[-117.493,52.1495],[-117.591,52.1305],[-117.7535,52.2005],[-117.822,52.2795],[-117.742,52.33],[-117.7585,52.405],[-117.891,52.4255],[-117.992,52.4845],[-118.0635,52.399],[-118.2115,52.3665],[-118.2585,52.431],[-118.244,52.493],[-118.3525,52.6285],[-118.306,52.6775],[-118.417,52.826],[-118.5155,52.9],[-118.605,52.8775],[-118.6735,52.966],[-118.6635,53.0155],[-118.85,53.1835],[-119.01,53.2235],[-119.029,53.1345],[-119.278,53.208],[-119.354,53.2835],[-119.381,53.356],[-119.606,53.378],[-119.7565,53.4145],[-119.8275,53.508],[-119.905,53.522],[-119.9055,53.6175],[-119.7535,53.605],[-119.8075,53.7045],[-119.9145,53.716],[-119.903,53.7675],[-120.001,53.823],[-120,54.456],[-120,55],[-129.633,55],[-129.8805,54.9555],[-130.022,54.974],[-130.1345,54.887],[-130.2015,54.7285],[-130.3725,54.6645],[-130.3455,54.598],[-130.431,54.568],[-130.458,54.3485],[-130.373,54.332],[-130.272,54.358],[-130.231,54.26],[-130.2775,54.208],[-130.112,54.1595],[-130.0915,54.081],[-130.1045,53.947],[-129.996,53.8515],[-129.8525,53.76],[-129.335,53.397],[-129.242,53.4475],[-129.2285,53.6325],[-129.112,53.722],[-128.8615,53.83],[-128.7485,53.9205],[-128.6895,53.8935],[-128.6935,53.821],[-128.789,53.781],[-128.7705,53.7215],[-128.812,53.658],[-128.7755,53.5555],[-128.9475,53.486],[-128.8805,53.4475],[-128.8755,53.306],[-128.7005,53.1985],[-128.5465,53.136],[-128.478,52.8685],[-128.433,52.8235],[-128.2755,52.8],[-128.1385,52.844],[-128.1255,52.753],[-128.243,52.559],[-128.226,52.4605],[-128.3285,52.3865],[-128.2345,52.3265],[-128.0925,52.5135],[-128.016,52.3465],[-127.933,52.3165],[-127.8605,52.216],[-127.8005,52.2565],[-127.495,52.359],[-127.4525,52.412],[-127.225,52.456],[-127.159,52.3555],[-127.0025,52.3395],[-126.9385,52.306],[-126.885,52.1945],[-126.751,52.128],[-126.779,52.0975],[-126.9465,52.213],[-126.9575,52.2685],[-127.043,52.31],[-127.1865,52.3095],[-127.2835,52.2375],[-127.3575,52.229],[-127.477,52.1505],[-127.5825,52.128],[-127.638,52.0835],[-127.685,51.95],[-127.8495,51.92],[-127.892,51.816],[-127.8735,51.6735],[-127.8025,51.604],[-127.7915,51.527],[-127.728,51.46],[-127.6225,51.478],[-127.5455,51.6345],[-127.583,51.712],[-127.3855,51.674],[-127.0955,51.704],[-126.6995,51.6655],[-126.7095,51.6445],[-127.0435,51.6685],[-127.3155,51.6555],[-127.468,51.6285],[-127.521,51.589],[-127.552,51.471],[-127.6645,51.398],[-127.6805,51.336],[-127.515,51.3165],[-127.7895,51.2335],[-127.777,51.167],[-127.6345,51.0965],[-127.5025,51.12],[-127.531,51.0035],[-127.429,50.943],[-127.131,50.866],[-127.022,50.822],[-126.8585,50.943],[-126.674,50.878],[-126.5755,50.9065],[-126.4885,50.8165],[-126.3885,50.852],[-126.179,50.853],[-126.1965,50.798],[-126.126,50.7485],[-126.1865,50.672],[-125.985,50.715],[-125.7435,50.717],[-125.6445,50.7985],[-125.6795,50.8705],[-125.5755,50.907],[-125.631,51.0625],[-125.5775,51.0725],[-125.512,50.961],[-125.5595,50.8655],[-125.6515,50.836],[-125.608,50.781],[-125.699,50.6895],[-125.939,50.652],[-126.0185,50.666],[-126.2215,50.6425],[-126.179,50.5755],[-126.2425,50.501],[-125.9545,50.4755],[-125.8365,50.5275],[-125.7035,50.438],[-125.644,50.4485],[-125.5285,50.555],[-125.518,50.4555],[-125.391,50.4975],[-125.128,50.437],[-125.0275,50.5585],[-124.9705,50.501],[-125.0575,50.4775],[-125.0615,50.3275],[-124.9625,50.341],[-124.83,50.3175],[-124.7055,50.3225],[-124.605,50.233],[-124.683,50.0525],[-124.7425,50.028],[-124.732,49.9545],[-124.532,49.8445],[-124.5135,49.7975],[-124.4035,49.7675],[-124.171,49.781],[-124.048,49.841],[-123.9335,49.7835],[-124.02,49.7325],[-124.061,49.631],[-123.964,49.521],[-123.865,49.4735],[-123.781,49.4655],[-123.5545,49.39],[-123.473,49.4345],[-123.4895,49.515],[-123.2485,49.598],[-123.2455,49.411],[-123.212,49.343],[-123.0395,49.296],[-123.247,49.2745],[-123.1755,49.2235],[-123.212,49.13],[-123.0755,49.1055],[-123.143,49.061],[-123.0905,48.9925],[-123.0355,48.9925],[-123.0485,49.035],[-122.9515,49.083],[-122.753,48.9925],[-121.554,48.9925],[-120.675,48.9925],[-119.576,48.9925],[-118.257,48.9925],[-117.038,48.9925]]],[[[-127.9185,51.522],[-127.9205,51.596],[-128.01,51.7235],[-128.1565,51.628],[-128.086,51.487],[-127.943,51.4225],[-127.8715,51.4565],[-127.9185,51.522]]],[[[-128.1385,51.864],[-128.036,51.8435],[-127.9535,51.9875],[-127.999,52.0655],[-128.159,52.035],[-128.222,51.954],[-128.1385,51.864]]],[[[-127.9465,52.1655],[-128.036,52.1655],[-128.0975,52.0975],[-127.94,52.09],[-127.9465,52.1655]]],[[[-128.248,52.0215],[-128.155,52.0945],[-128.1525,52.186],[-128.2365,52.1875],[-128.2965,52.106],[-128.248,52.0215]]],[[[-128.228,52.213],[-128.279,52.237],[-128.4475,52.238],[-128.5225,52.1575],[-128.4225,52.1275],[-128.3035,52.131],[-128.228,52.213]]],[[[-128.0975,52.241],[-128.0715,52.1825],[-127.9075,52.201],[-127.961,52.296],[-128.0555,52.3035],[-128.0975,52.241]]],[[[-127.241,52.4265],[-127.4145,52.3925],[-127.5115,52.313],[-127.6705,52.255],[-127.751,52.25],[-127.82,52.1955],[-127.878,52.0835],[-127.8885,51.9535],[-127.698,52.004],[-127.642,52.138],[-127.454,52.2375],[-127.277,52.2895],[-127.2065,52.3505],[-127.241,52.4265]]],[[[-128.618,52.4535],[-128.7555,52.4675],[-128.728,52.3225],[-128.6485,52.2895],[-128.618,52.4535]]],[[[-128.563,52.6115],[-128.7245,52.5975],[-128.735,52.515],[-128.534,52.436],[-128.472,52.4885],[-128.563,52.6115]]],[[[-128.3105,52.4295],[-128.283,52.5075],[-128.3185,52.6875],[-128.3715,52.7955],[-128.447,52.741],[-128.436,52.5265],[-128.3985,52.4675],[-128.464,52.4025],[-128.3785,52.378],[-128.3105,52.4295]]],[[[-128.93,52.6145],[-129.102,52.7435],[-129.257,52.828],[-129.292,52.7625],[-129.184,52.6265],[-129.06,52.524],[-128.9265,52.528],[-128.93,52.6145]]],[[[-129.304,53.036],[-129.461,53.1865],[-129.4795,53.112],[-129.395,53.0005],[-129.304,53.036]]],[[[-128.804,52.7005],[-128.7785,52.73],[-128.7485,52.913],[-128.651,52.909],[-128.7485,52.745],[-128.7555,52.604],[-128.6055,52.611],[-128.5325,52.8465],[-128.5385,53.0195],[-128.6345,53.163],[-128.7045,53.1745],[-128.905,53.2935],[-129.078,53.303],[-129.0905,53.0885],[-129.19,53.0235],[-129.177,52.937],[-129.057,52.741],[-128.9275,52.673],[-128.804,52.7005]]],[[[-129.2935,53.108],[-129.134,53.12],[-129.184,53.3135],[-129.324,53.221],[-129.2935,53.108]]],[[[-128.9135,53.4065],[-129.0215,53.532],[-129.148,53.3635],[-129.1185,53.3205],[-128.928,53.328],[-128.9135,53.4065]]],[[[-129.743,53.2355],[-129.974,53.458],[-130.2615,53.5805],[-130.496,53.639],[-130.5305,53.56],[-130.4345,53.5165],[-130.3145,53.393],[-130.222,53.3855],[-130.086,53.3125],[-129.9395,53.169],[-129.7485,53.17],[-129.743,53.2355]]],[[[-129.166,53.3855],[-129.0915,53.4505],[-129.094,53.509],[-128.9805,53.5845],[-128.8845,53.576],[-128.842,53.716],[-129.0605,53.6845],[-129.16,53.627],[-129.166,53.3855]]],[[[-130.4065,53.687],[-130.332,53.624],[-130.0915,53.5705],[-130.1385,53.703],[-130.291,53.7555],[-130.4065,53.687]]],[[[-130.253,53.8925],[-130.291,53.838],[-130.204,53.801],[-130.2025,53.7305],[-130.0985,53.708],[-130.0305,53.5815],[-129.933,53.6005],[-129.8185,53.4595],[-129.797,53.3785],[-129.6595,53.3095],[-129.5675,53.2155],[-129.483,53.224],[-129.459,53.295],[-129.3365,53.3605],[-129.427,53.435],[-129.675,53.5925],[-129.831,53.7355],[-130.0305,53.848],[-130.196,53.9165],[-130.253,53.8925]]],[[[-130.4475,53.982],[-130.453,53.899],[-130.352,53.838],[-130.2315,53.974],[-130.3925,54.0955],[-130.674,53.989],[-130.5445,53.9105],[-130.4715,53.91],[-130.4475,53.982]]],[[[-130.654,54.1185],[-130.7565,54.2145],[-130.805,54.1735],[-130.654,54.1185]]],[[[-130.743,54.6055],[-130.917,54.63],[-130.962,54.54],[-130.962,54.455],[-130.777,54.5505],[-130.743,54.6055]]],[[[-130.592,54.742],[-130.462,54.712],[-130.4345,54.7695],[-130.51,54.805],[-130.592,54.742]]],[[[-130.431,54.79],[-130.371,54.7815],[-130.2585,54.843],[-130.1775,54.924],[-130.225,55],[-130.421,54.851],[-130.431,54.79]]],[[[-123.369,48.774],[-123.472,48.8285],[-123.57,48.8325],[-123.496,48.7155],[-123.369,48.774]]],[[[-123.654,49.0335],[-123.531,48.942],[-123.3695,48.862],[-123.3345,48.903],[-123.472,48.938],[-123.654,49.0335]]],[[[-126.0835,49.315],[-126.1315,49.397],[-126.2315,49.3785],[-126.2235,49.277],[-126.0895,49.2545],[-126.0835,49.315]]],[[[-123.4515,49.445],[-123.3225,49.486],[-123.357,49.535],[-123.4525,49.508],[-123.4515,49.445]]],[[[-124.6645,49.747],[-124.4725,49.672],[-124.3785,49.603],[-124.1975,49.521],[-124.173,49.554],[-124.27,49.616],[-124.348,49.704],[-124.562,49.7535],[-124.6645,49.747]]],[[[-126.6585,49.788],[-126.6905,49.857],[-126.7685,49.8835],[-126.9695,49.8335],[-126.8985,49.781],[-126.9125,49.6915],[-126.807,49.6275],[-126.6795,49.592],[-126.6175,49.631],[-126.6585,49.788]]],[[[-125.0275,50.144],[-125.0075,50.0725],[-124.891,50.069],[-124.929,50.1695],[-125.0275,50.144]]],[[[-125.199,50.041],[-125.225,50.1315],[-125.18,50.229],[-125.2905,50.2915],[-125.3495,50.2415],[-125.3235,50.1435],[-125.199,50.041]]],[[[-124.891,50.1925],[-124.8425,50.122],[-124.754,50.1685],[-124.8155,50.2115],[-124.812,50.2695],[-124.917,50.3035],[-124.9645,50.262],[-124.891,50.1925]]],[[[-124.8025,50.2285],[-124.6645,50.191],[-124.69,50.2905],[-124.7485,50.304],[-124.8025,50.2285]]],[[[-125.336,50.3015],[-125.2115,50.318],[-125.136,50.2325],[-125.049,50.219],[-125.1675,50.3845],[-125.288,50.4375],[-125.336,50.3015]]],[[[-125.368,50.461],[-125.478,50.4295],[-125.545,50.378],[-125.4475,50.3535],[-125.3785,50.3755],[-125.368,50.461]]],[[[-126.6175,50.6725],[-126.457,50.646],[-126.288,50.6545],[-126.186,50.7415],[-126.2725,50.83],[-126.398,50.8085],[-126.6175,50.6725]]],[[[-123.321,48.496],[-123.39,48.6205],[-123.541,48.6365],[-123.594,48.837],[-123.78,48.986],[-123.757,49.042],[-123.8135,49.1185],[-123.931,49.1435],[-123.955,49.229],[-124.0715,49.2465],[-124.159,49.3105],[-124.36,49.3565],[-124.545,49.377],[-124.7235,49.465],[-124.7945,49.4725],[-124.9095,49.6215],[-124.882,49.725],[-125.1785,49.925],[-125.223,50.018],[-125.35,50.125],[-125.436,50.3135],[-125.589,50.3705],[-125.7405,50.3565],[-125.9575,50.395],[-126.1175,50.4555],[-126.3645,50.487],[-126.46,50.475],[-126.7655,50.5445],[-127.1985,50.6215],[-127.4035,50.708],[-127.4735,50.699],[-127.505,50.7735],[-127.8825,50.867],[-128.077,50.8705],[-128.407,50.7805],[-128.3785,50.689],[-128.32,50.61],[-128.248,50.5965],[-128.218,50.53],[-128.06,50.4525],[-127.8375,50.49],[-127.5935,50.5585],[-127.591,50.4855],[-127.7445,50.487],[-127.9155,50.4665],[-127.968,50.342],[-127.878,50.3425],[-127.7755,50.233],[-127.897,50.143],[-127.7845,50.085],[-127.65,50.178],[-127.614,50.119],[-127.488,50.1305],[-127.3625,50.0325],[-127.2835,50.0625],[-127.2705,50.145],[-127.1645,50.071],[-127.229,49.9465],[-127.142,49.8665],[-126.945,49.8635],[-126.767,49.9125],[-126.6495,49.898],[-126.605,49.732],[-126.4795,49.712],[-126.4525,49.6365],[-126.5625,49.5875],[-126.5725,49.4145],[-126.5105,49.378],[-126.405,49.4215],[-126.2615,49.4005],[-126.055,49.4455],[-126.0765,49.3835],[-126.0145,49.3225],[-126.028,49.274],[-125.956,49.233],[-125.837,49.273],[-125.6985,49.181],[-125.747,49.1095],[-125.736,49.053],[-125.62,48.969],[-125.4895,48.9185],[-125.3665,48.9875],[-125.2215,48.955],[-125.147,48.9985],[-124.9675,48.988],[-125.007,48.9],[-125.185,48.801],[-125.094,48.73],[-124.816,48.647],[-124.6655,48.573],[-124.389,48.518],[-124.1315,48.4335],[-123.891,48.367],[-123.7805,48.363],[-123.654,48.3145],[-123.5545,48.328],[-123.4375,48.4445],[-123.357,48.4005],[-123.287,48.424],[-123.321,48.496]]],[[[-125.8615,49.2375],[-125.9235,49.197],[-125.88,49.146],[-125.8015,49.144],[-125.786,49.2095],[-125.8615,49.2375]]]]},"properties":{"name":"British Columbia","admin":"Canada"}},
{"type":"Feature","geometry":{"type":"Polygon","coordinates":[[[-117.038,48.9925],[-117.035,48.359],[-117.043,48.055],[-117.0415,47.4205],[-117.0415,46.6035],[-117.037,46.3635],[-116.942,46.2595],[-116.909,46.1835],[-116.9605,46.105],[-116.879,46.0015],[-116.8385,45.91],[-116.7595,45.838],[-116.688,45.8265],[-116.53,45.7515],[-116.4635,45.6425],[-116.463,45.582],[-116.539,45.471],[-116.649,45.3475],[-116.656,45.2845],[-116.7175,45.1515],[-116.8235,45.036],[-116.833,44.92],[-116.9175,44.8025],[-117.0105,44.75],[-117.1125,44.573],[-117.204,44.4825],[-117.2155,44.395],[-117.195,44.2975],[-116.986,44.272],[-116.897,44.186],[-116.9685,44.0835],[-116.934,44.0285],[-116.971,43.8935],[-117.0315,43.8285],[-117.02,43.785],[-117.0185,42.928],[-117.0165,41.9995],[-116.645,41.9995],[-115.7155,42],[-114.972,42],[-114.0425,42],[-113.4815,42],[-112.3595,42],[-111.4245,42],[-111.05,42],[-111.0505,42.7805],[-111.051,43.405],[-111.051,43.8735],[-111.0515,44.498],[-111.1115,44.5155],[-111.21,44.5945],[-111.308,44.7325],[-111.354,44.7525],[-111.4515,44.722],[-111.4945,44.644],[-111.503,44.5475],[-111.682,44.566],[-111.7995,44.5285],[-111.87,44.5625],[-112.0815,44.5385],[-112.2335,44.5685],[-112.3225,44.5405],[-112.36,44.4715],[-112.6805,44.5055],[-112.757,44.486],[-112.8275,44.4255],[-112.923,44.42],[-112.9955,44.465],[-112.996,44.537],[-113.068,44.614],[-113.045,44.652],[-113.1055,44.7415],[-113.1835,44.8045],[-113.324,44.792],[-113.413,44.8475],[-113.4815,44.9335],[-113.43,45.001],[-113.513,45.1245],[-113.7115,45.305],[-113.754,45.4105],[-113.7895,45.584],[-113.9575,45.6925],[-114.1145,45.5705],[-114.2155,45.545],[-114.3295,45.4835],[-114.4505,45.559],[-114.545,45.5765],[-114.4935,45.705],[-114.55,45.7835],[-114.495,45.8445],[-114.389,45.896],[-114.411,45.988],[-114.483,46.056],[-114.4515,46.109],[-114.4975,46.149],[-114.433,46.1915],[-114.4545,46.27],[-114.4095,46.342],[-114.3405,46.531],[-114.3235,46.634],[-114.36,46.678],[-114.567,46.6445],[-114.6225,46.72],[-114.9055,46.842],[-114.917,46.9175],[-115.274,47.192],[-115.3415,47.2685],[-115.51,47.3125],[-115.586,47.3885],[-115.7175,47.4365],[-115.643,47.486],[-115.733,47.5605],[-115.6765,47.6045],[-115.719,47.7],[-115.8255,47.7815],[-115.855,47.844],[-115.937,47.8945],[-116.049,48.0035],[-116.0485,48.523],[-116.048,48.9925],[-117.038,48.9925]]]},"properties":{"name":"Idaho","admin":"United States of America"}},
{"type":"Feature","geometry":{"type":"Polygon","coordinates":[[[-116.048,48.9925],[-116.0485,48.523],[-116.049,48.0035],[-115.937,47.8945],[-115.855,47.844],[-115.8255,47.7815],[-115.719,47.7],[-115.6765,47.6045],[-115.733,47.5605],[-115.643,47.486],[-115.7175,47.4365],[-115.586,47.3885],[-115.51,47.3125],[-115.3415,47.2685],[-115.274,47.192],[-114.917,46.9175],[-114.9055,46.842],[-114.6225,46.72],[-114.567,46.6445],[-114.36,46.678],[-114.3235,46.634],[-114.3405,46.531],[-114.4095,46.342],[-114.4545,46.27],[-114.433,46.1915],[-114.4975,46.149],[-114.4515,46.109],[-114.483,46.056],[-114.411,45.988],[-114.389,45.896],[-114.495,45.8445],[-114.55,45.7835],[-114.4935,45.705],[-114.545,45.5765],[-114.4505,45.559],[-114.3295,45.4835],[-114.2155,45.545],[-114.1145,45.5705],[-113.9575,45.6925],[-113.7895,45.584],[-113.754,45.4105],[-113.7115,45.305],[-113.513,45.1245],[-113.43,45.001],[-113.4815,44.9335],[-113.413,44.8475],[-113.324,44.792],[-113.1835,44.8045],[-113.1055,44.7415],[-113.045,44.652],[-113.068,44.614],[-112.996,44.537],[-112.9955,44.465],[-112.923,44.42],[-112.8275,44.4255],[-112.757,44.486],[-112.6805,44.5055],[-112.36,44.4715],[-112.3225,44.5405],[-112.2335,44.5685],[-112.0815,44.5385],[-111.87,44.5625],[-111.7995,44.5285],[-111.682,44.566],[-111.503,44.5475],[-111.4945,44.644],[-111.4515,44.722],[-111.354,44.7525],[-111.308,44.7325],[-111.21,44.5945],[-111.1115,44.5155],[-111.0515,44.498],[-111.051,45],[-109.912,45],[-108.7155,45],[-107.845,45],[-107.1925,45],[-106.322,45],[-105.778,45],[-104.7985,45],[-104.0565,45],[-104.0395,45],[-104.045,45.942],[-104.0465,46.6335],[-104.0465,47.134],[-104.0465,47.968],[-104.0465,48.6355],[-104.0475,48.9925],[-104.629,48.9925],[-105.508,48.9925],[-106.607,48.9925],[-107.2665,48.9925],[-108.146,48.9925],[-109.025,48.9925],[-109.9995,48.9925],[-110.5635,48.9925],[-111.443,48.9925],[-112.322,48.9925],[-112.9815,48.9925],[-114.064,48.9925],[-115.1795,48.9925],[-116.048,48.9925]]]},"properties":{"name":"Montana","admin":"United States of America"}},
{"type":"Feature","geometry":{"type":"Polygon","coordinates":[[[-109.9995,48.9925],[-110,49.6875],[-110,50.375],[-110,50.719],[-110,51.4065],[-110,51.75],[-110,52.4375],[-110,53.125],[-110,53.8125],[-110,54.5],[-110,55],[-120,55],[-120,54.456],[-120.001,53.823],[-119.903,53.7675],[-119.9145,53.716],[-119.8075,53.7045],[-119.7535,53.605],[-119.9055,53.6175],[-119.905,53.522],[-119.8275,53.508],[-119.7565,53.4145],[-119.606,53.378],[-119.381,53.356],[-119.354,53.2835],[-119.278,53.208],[-119.029,53.1345],[-119.01,53.2235],[-118.85,53.1835],[-118.6635,53.0155],[-118.6735,52.966],[-118.605,52.8775],[-118.5155,52.9],[-118.417,52.826],[-118.306,52.6775],[-118.3525,52.6285],[-118.244,52.493],[-118.2585,52.431],[-118.2115,52.3665],[-118.0635,52.399],[-117.992,52.4845],[-117.891,52.4255],[-117.7585,52.405],[-117.742,52.33],[-117.822,52.2795],[-117.7535,52.2005],[-117.591,52.1305],[-117.493,52.1495],[-117.376,52.134],[-117.3065,52.167],[-117.2715,52.049],[-117.0475,51.915],[-116.9375,51.72],[-116.8535,51.7065],[-116.752,51.798],[-116.685,51.8095],[-116.596,51.709],[-116.5765,51.644],[-116.484,51.6075],[-116.388,51.495],[-116.296,51.4505],[-116.3,51.379],[-116.234,51.303],[-116.0275,51.2195],[-116.018,51.1425],[-115.9035,51.0875],[-115.816,51.084],[-115.6205,50.97],[-115.528,50.7925],[-115.3435,50.7305],[-115.3125,50.636],[-115.188,50.5475],[-115.096,50.589],[-114.9995,50.563],[-114.856,50.4075],[-114.775,50.354],[-114.7195,50.1165],[-114.667,50.0715],[-114.644,49.9825],[-114.6825,49.892],[-114.625,49.78],[-114.684,49.631],[-114.7385,49.581],[-114.5635,49.539],[-114.5925,49.418],[-114.47,49.3335],[-114.3765,49.2045],[-114.2255,49.186],[-114.154,49.148],[-114.1475,49.094],[-114.0485,49.049],[-114.064,48.9925],[-112.9815,48.9925],[-112.322,48.9925],[-111.443,48.9925],[-110.5635,48.9925],[-109.9995,48.9925]]]},"properties":{"name":"Alberta","admin":"Canada"}},
{"type":"Feature","geometry":{"type":"Polygon","coordinates":[[[-104.0475,48.9925],[-102.8705,48.9925],[-101.991,48.9925],[-101.3645,48.9925],[-101.4215,49.6025],[-101.5015,50.46],[-101.581,51.317],[-101.621,51.7455],[-101.681,52.388],[-101.761,53.2455],[-101.821,53.888],[-101.881,54.531],[-101.925,55],[-110,55],[-110,54.5],[-110,53.8125],[-110,53.125],[-110,52.4375],[-110,51.75],[-110,51.4065],[-110,50.719],[-110,50.375],[-110,49.6875],[-109.9995,48.9925],[-109.025,48.9925],[-108.146,48.9925],[-107.2665,48.9925],[-106.607,48.9925],[-105.508,48.9925],[-104.629,48.9925],[-104.0475,48.9925]]]},"properties":{"name":"Saskatchewan","admin":"Canada"}},
{"type":"Feature","geometry":{"type":"Polygon","coordinates":[[[-104.0475,48.9925],[-104.0465,48.6355],[-104.0465,47.968],[-104.0465,47.134],[-104.0465,46.6335],[-104.045,45.942],[-103.545,45.942],[-102.6135,45.942],[-102.1475,45.942],[-101.2155,45.942],[-100.7495,45.942],[-99.818,45.942],[-99.119,45.942],[-98.187,45.942],[-97.488,45.942],[-96.5565,45.942],[-96.576,46.0165],[-96.5565,46.103],[-96.598,46.238],[-96.6015,46.324],[-96.7085,46.4335],[-96.753,46.597],[-96.7945,46.6425],[-96.787,46.872],[-96.828,47.0025],[-96.828,47.167],[-96.85,47.259],[-96.853,47.4885],[-96.8945,47.679],[-96.992,47.815],[-97,47.924],[-97.035,47.952],[-97.1295,48.1705],[-97.115,48.281],[-97.144,48.3765],[-97.123,48.4285],[-97.157,48.534],[-97.101,48.6505],[-97.229,48.9685],[-97.226,48.9925],[-98.0345,48.9925],[-98.694,48.9925],[-99.793,48.9925],[-100.6725,48.9925],[-101.3645,48.9925],[-101.991,48.9925],[-102.8705,48.9925],[-104.0475,48.9925]]]},"properties":{"name":"North Dakota","admin":"United States of America"}},
{"type":"Feature","geometry":{"type":"MultiPolygon","coordinates":[[[[-97.226,48.9925],[-96.716,48.9925],[-95.8365,48.9925],[-95.177,48.9925],[-95.1595,49.012],[-95.1605,49.3695],[-95.154,49.769],[-95.154,50.2905],[-95.154,50.892],[-95.154,51.5865],[-95.1535,52.373],[-95.154,52.8215],[-94.446,53.2505],[-93.74,53.67],[-93.62,53.747],[-92.938,54.2405],[-92.2965,54.6915],[-91.8485,55],[-101.925,55],[-101.881,54.531],[-101.821,53.888],[-101.761,53.2455],[-101.681,52.388],[-101.621,51.7455],[-101.581,51.317],[-101.5015,50.46],[-101.4215,49.6025],[-101.3645,48.9925],[-100.6725,48.9925],[-99.793,48.9925],[-98.694,48.9925],[-98.0345,48.9925],[-97.226,48.9925]],[[-96.2805,51.241],[-96.42,51.101],[-96.35,50.776],[-96.376,50.703],[-96.294,50.624],[-96.4245,50.63],[-96.52,50.7315],[-96.5975,50.6615],[-96.582,50.583],[-96.616,50.542],[-96.5665,50.481],[-96.6505,50.4],[-96.77,50.388],[-96.9045,50.419],[-96.9695,50.559],[-96.9845,50.714],[-96.9455,50.829],[-96.977,50.888],[-96.9105,50.9975],[-96.9205,51.094],[-96.86,51.1005],[-96.8285,51.172],[-96.7385,51.248],[-96.6715,51.2615],[-96.612,51.3455],[-96.7735,51.343],[-96.8935,51.212],[-96.9885,51.21],[-96.932,51.343],[-96.762,51.511],[-96.8255,51.721],[-97.096,51.6595],[-97.1375,51.5905],[-97.12,51.5185],[-97.2035,51.4535],[-97.288,51.4735],[-97.296,51.6445],[-97.226,51.7835],[-97.246,51.8805],[-97.336,52.008],[-97.421,52.0405],[-97.569,51.967],[-97.4795,52.131],[-97.5485,52.1385],[-97.7125,52.0835],[-97.8055,51.9135],[-97.8775,51.8885],[-98.032,51.946],[-98.06,52.11],[-98.1375,52.1385],[-98.1495,52.239],[-98.218,52.3055],[-98.325,52.3205],[-98.4365,52.38],[-98.47,52.504],[-98.609,52.5785],[-98.662,52.6355],[-98.7885,52.702],[-98.817,52.791],[-98.8915,52.844],[-98.8905,52.9235],[-98.733,52.9785],[-98.522,53.005],[-98.446,53.041],[-98.7815,53.091],[-98.819,53.039],[-98.9255,53.0695],[-99.0425,53.05],[-99.0835,53.1185],[-99.253,53.2085],[-99.206,53.2685],[-99.193,53.3785],[-99.0935,53.4305],[-99.027,53.58],[-99.056,53.6045],[-98.9755,53.7105],[-99.0045,53.7865],[-98.961,53.8565],[-98.833,53.8995],[-98.654,53.851],[-98.377,53.8575],[-98.2765,53.84],[-98.045,53.752],[-97.9895,53.6915],[-97.9045,53.749],[-98.032,53.777],[-98.09,53.838],[-98.2415,53.886],[-98.3185,53.992],[-98.2285,54.1035],[-98.1545,54.2595],[-97.9935,54.414],[-97.923,54.3735],[-97.9405,54.309],[-97.8645,54.256],[-98.149,54.1865],[-98.1555,54.063],[-98.2335,54.016],[-98.0995,53.929],[-97.969,53.9845],[-97.9565,53.8745],[-97.8155,53.7215],[-97.836,53.6255],[-97.665,53.4815],[-97.6785,53.427],[-97.6045,53.378],[-97.5895,53.2995],[-97.4185,53.174],[-97.4225,53.067],[-97.33,53.0095],[-97.435,52.9475],[-97.395,52.8555],[-97.3205,52.7665],[-97.1975,52.684],[-97.1035,52.45],[-97.032,52.405],[-97.0605,52.34],[-97.0005,52.2755],[-97.089,52.241],[-96.9595,52.07],[-96.8205,51.9585],[-96.863,51.867],[-96.7875,51.864],[-96.6775,51.782],[-96.783,51.7575],[-96.541,51.5425],[-96.5425,51.4795],[-96.4455,51.359],[-96.3715,51.338],[-96.2805,51.241]]],[[[-96.6025,51.186],[-96.694,51.2055],[-96.7685,51.086],[-96.692,51.0415],[-96.6025,51.186]]],[[[-97.8985,52.3335],[-97.9185,52.4535],[-98.0195,52.5165],[-98.0555,52.4325],[-97.9695,52.317],[-97.8985,52.3335]]]]},"properties":{"name":"Manitoba","admin":"Canada"}},
{"type":"Feature","geometry":{"type":"Polygon","coordinates":[[[-97.226,48.9925],[-97.229,48.9685],[-97.101,48.6505],[-97.157,48.534],[-97.123,48.4285],[-97.144,48.3765],[-97.115,48.281],[-97.1295,48.1705],[-97.035,47.952],[-97,47.924],[-96.992,47.815],[-96.8945,47.679],[-96.853,47.4885],[-96.85,47.259],[-96.828,47.167],[-96.828,47.0025],[-96.787,46.872],[-96.7945,46.6425],[-96.753,46.597],[-96.7085,46.4335],[-96.6015,46.324],[-96.598,46.238],[-96.5565,46.103],[-96.576,46.0165],[-96.5565,45.942],[-96.638,45.7635],[-96.8465,45.643],[-96.863,45.601],[-96.7665,45.512],[-96.688,45.409],[-96.5665,45.3935],[-96.4535,45.2965],[-96.4535,44.379],[-96.4535,43.5],[-95.803,43.5],[-94.8275,43.5005],[-93.852,43.5005],[-92.876,43.5005],[-91.9005,43.501],[-91.25,43.501],[-91.249,43.769],[-91.295,43.919],[-91.361,43.945],[-91.426,44.0225],[-91.541,44.0655],[-91.6625,44.0735],[-91.837,44.182],[-91.95,44.3355],[-92.1025,44.437],[-92.2725,44.466],[-92.394,44.5795],[-92.5845,44.608],[-92.82,44.758],[-92.7785,44.82],[-92.7585,44.9255],[-92.8025,45.078],[-92.7555,45.1065],[-92.773,45.1875],[-92.751,45.2995],[-92.7085,45.3325],[-92.6675,45.4455],[-92.751,45.559],[-92.883,45.576],[-92.882,45.716],[-92.7955,45.7755],[-92.704,45.913],[-92.3635,46.0275],[-92.2925,46.0835],[-92.2915,46.6595],[-92.2075,46.674],[-92.111,46.768],[-92.0955,46.804],[-91.8975,46.9115],[-91.7985,46.95],[-91.511,47.122],[-91.0125,47.493],[-90.949,47.5125],[-90.7915,47.616],[-90.533,47.7115],[-90.0855,47.8115],[-89.743,47.931],[-89.6365,47.999],[-89.582,47.9965],[-89.8035,48.014],[-89.9025,47.986],[-89.9805,48.01],[-90.0735,48.101],[-90.1785,48.1165],[-90.5315,48.0845],[-90.587,48.105],[-90.7015,48.0845],[-90.7865,48.1005],[-90.8405,48.22],[-90.923,48.227],[-91.071,48.171],[-91.2765,48.065],[-91.428,48.0365],[-91.575,48.048],[-91.6925,48.098],[-91.765,48.1875],[-91.9575,48.2285],[-92.0435,48.3345],[-92.1545,48.35],[-92.303,48.311],[-92.291,48.2495],[-92.3845,48.2325],[-92.4625,48.3295],[-92.4675,48.3945],[-92.527,48.4455],[-92.704,48.445],[-92.6485,48.5365],[-92.884,48.58],[-92.9795,48.6175],[-93.2575,48.6305],[-93.4515,48.5975],[-93.492,48.5425],[-93.757,48.5165],[-93.8095,48.5435],[-93.875,48.636],[-94.232,48.652],[-94.3115,48.714],[-94.4795,48.7005],[-94.593,48.7265],[-94.711,48.8075],[-94.711,48.9145],[-94.811,49.1665],[-94.8275,49.293],[-94.9825,49.356],[-95.1605,49.3695],[-95.1595,49.012],[-95.177,48.9925],[-95.8365,48.9925],[-96.716,48.9925],[-97.226,48.9925]]]},"properties":{"name":"Minnesota","admin":"United States of America"}},
{"type":"Feature","geometry":{"type":"MultiPolygon","coordinates":[[[[-89.582,47.9965],[-89.433,48.102],[-89.3315,48.1225],[-89.266,48.214],[-89.27,48.256],[-89.202,48.342],[-89.2155,48.445],[-89.149,48.484],[-88.8165,48.57],[-88.866,48.3835],[-88.8025,48.351],[-88.73,48.384],[-88.6875,48.4925],[-88.6395,48.52],[-88.6205,48.625],[-88.561,48.6365],[-88.544,48.784],[-88.442,48.8565],[-88.364,48.8435],[-88.3175,48.753],[-88.339,48.6945],[-88.591,48.4925],[-88.5575,48.4315],[-88.4385,48.567],[-88.2915,48.613],[-88.203,48.6135],[-88.1095,48.7115],[-88.118,48.8045],[-88.214,48.8485],[-88.271,48.9895],[-88.177,48.9735],[-88.124,49.0035],[-88.0185,48.9915],[-87.942,48.9475],[-87.6735,48.9005],[-87.544,48.837],[-87.4645,48.8495],[-87.293,48.774],[-87.0425,48.7935],[-86.8405,48.7615],[-86.725,48.8115],[-86.618,48.788],[-86.5665,48.7395],[-86.4565,48.7745],[-86.33,48.6295],[-86.267,48.5875],[-86.2275,48.4315],[-86.077,48.1635],[-85.859,47.985],[-85.743,47.9525],[-85.533,47.926],[-85.424,47.9275],[-85.279,47.958],[-84.929,47.972],[-84.8435,47.917],[-84.9355,47.851],[-84.9015,47.788],[-84.9945,47.711],[-85.0195,47.6065],[-84.905,47.5125],[-84.7965,47.482],[-84.71,47.4295],[-84.5835,47.305],[-84.727,47.146],[-84.777,46.9875],[-84.6635,46.9565],[-84.4365,46.941],[-84.36,46.893],[-84.398,46.838],[-84.5495,46.8275],[-84.434,46.6935],[-84.563,46.601],[-84.589,46.542],[-84.4915,46.4575],[-84.423,46.5115],[-84.3055,46.5015],[-84.1975,46.5465],[-84.1105,46.5265],[-84.159,46.4335],[-84.106,46.3465],[-83.9055,46.333],[-83.8735,46.3085],[-83.7005,46.277],[-83.614,46.287],[-83.244,46.209],[-82.983,46.1765],[-82.7075,46.2005],[-82.6685,46.1695],[-82.4,46.197],[-82.321,46.156],[-82.2325,46.155],[-82.013,46.115],[-81.719,46.108],[-81.6385,46.1265],[-81.546,46.098],[-81.6115,46.03],[-81.2615,45.9665],[-81.1635,45.978],[-81.06,45.956],[-80.893,45.954],[-80.68,45.8515],[-80.6425,45.737],[-80.518,45.63],[-80.382,45.5475],[-80.389,45.4635],[-80.3095,45.416],[-80.3,45.3665],[-80.1145,45.411],[-80.033,45.3265],[-80.128,45.2345],[-79.9985,45.162],[-80.0535,45.08],[-79.9275,44.961],[-79.827,44.9435],[-79.7395,44.7545],[-79.8735,44.7695],[-79.942,44.819],[-79.9475,44.869],[-80.108,44.8225],[-80.108,44.76],[-79.9925,44.693],[-80.013,44.531],[-80.1085,44.4755],[-80.2455,44.525],[-80.451,44.566],[-80.598,44.624],[-80.639,44.7185],[-80.763,44.7195],[-80.943,44.6285],[-80.889,44.7515],[-80.935,44.811],[-81.033,44.806],[-81.006,44.9225],[-81.149,44.9155],[-81.2665,45.0215],[-81.2625,45.089],[-81.32,45.149],[-81.302,45.2525],[-81.6075,45.252],[-81.6015,45.1825],[-81.4625,45.0505],[-81.434,44.99],[-81.3485,44.9775],[-81.3615,44.889],[-81.2795,44.813],[-81.2665,44.645],[-81.379,44.515],[-81.3995,44.457],[-81.496,44.4185],[-81.594,44.327],[-81.5915,44.28],[-81.6605,44.1585],[-81.7425,44.084],[-81.7115,43.942],[-81.722,43.6845],[-81.6995,43.5155],[-81.7305,43.3825],[-81.88,43.2565],[-82.0055,43.2125],[-82.1525,43.0895],[-82.4165,43.0175],[-82.4855,42.8185],[-82.4715,42.78],[-82.5115,42.6465],[-82.576,42.572],[-82.6445,42.5575],[-82.5925,42.51],[-82.416,42.497],[-82.4075,42.4025],[-82.439,42.339],[-82.6265,42.311],[-82.7735,42.311],[-82.9475,42.343],[-83.079,42.3035],[-83.1025,42.2435],[-83.1235,42.072],[-82.919,41.989],[-82.8295,41.9895],[-82.7125,42.0355],[-82.6225,42.038],[-82.5485,41.9875],[-82.37,42.1365],[-82.061,42.2615],[-81.9235,42.2635],[-81.859,42.3015],[-81.793,42.4045],[-81.657,42.4825],[-81.54,42.5715],[-81.359,42.6495],[-81.229,42.6695],[-80.9325,42.6665],[-80.511,42.572],[-80.3585,42.5795],[-80.1095,42.5425],[-80.0955,42.5715],[-80.4435,42.5995],[-80.444,42.6375],[-80.2315,42.7775],[-80.1875,42.7925],[-79.875,42.8325],[-79.7175,42.867],[-79.643,42.845],[-79.4955,42.8575],[-79.447,42.8805],[-79.203,42.88],[-79.095,42.85],[-78.9655,42.89],[-78.927,42.946],[-79.042,43.01],[-79.065,43.1055],[-79.0585,43.278],[-79.1745,43.2595],[-79.3305,43.19],[-79.395,43.21],[-79.545,43.2095],[-79.6925,43.2415],[-79.7745,43.3295],[-79.617,43.494],[-79.5895,43.571],[-79.471,43.648],[-79.3715,43.6445],[-79.0885,43.8265],[-78.9525,43.8655],[-78.8785,43.8605],[-78.6075,43.9155],[-78.5015,43.9015],[-78.2795,43.9585],[-77.9065,43.986],[-77.803,44.019],[-77.6005,44.045],[-77.492,43.952],[-77.36,43.968],[-77.2365,43.8805],[-77.1165,43.865],[-76.908,43.942],[-77.0035,43.9625],[-76.9915,44.013],[-77.121,44.0445],[-77.0665,44.1825],[-76.9735,44.0765],[-76.8365,44.164],[-76.6595,44.2235],[-76.4525,44.244],[-76.2355,44.332],[-75.9415,44.4015],[-75.8445,44.4875],[-75.7915,44.4965],[-75.6995,44.5815],[-75.27,44.864],[-75.1295,44.925],[-74.8685,45.01],[-74.713,44.9995],[-74.5265,45.091],[-74.4935,45.146],[-74.346,45.2205],[-74.478,45.317],[-74.3935,45.5725],[-74.5455,45.609],[-74.6435,45.656],[-74.775,45.6325],[-74.9375,45.6375],[-75.053,45.596],[-75.2835,45.5765],[-75.3605,45.5435],[-75.707,45.4555],[-75.7755,45.394],[-75.882,45.3995],[-76.049,45.5155],[-76.223,45.52],[-76.3435,45.4735],[-76.433,45.522],[-76.6475,45.581],[-76.707,45.708],[-76.7545,45.741],[-76.7975,45.8755],[-76.9295,45.8685],[-76.9635,45.7885],[-77.1385,45.84],[-77.2825,45.9475],[-77.2895,46.0005],[-77.469,46.115],[-77.6585,46.184],[-78.111,46.2625],[-78.3205,46.266],[-78.4225,46.2935],[-78.694,46.3365],[-78.754,46.4015],[-78.891,46.47],[-78.964,46.533],[-79.014,46.6385],[-79.096,46.7045],[-79.1635,46.824],[-79.292,46.929],[-79.4315,47.087],[-79.4455,47.2745],[-79.554,47.3915],[-79.5805,47.452],[-79.5165,47.5655],[-79.521,47.8195],[-79.521,48.436],[-79.521,49.337],[-79.521,50.238],[-79.521,50.943],[-79.706,51.0645],[-79.7445,51.1235],[-79.9235,51.2065],[-79.986,51.255],[-80.1085,51.296],[-80.385,51.3415],[-80.526,51.2895],[-80.69,51.1615],[-80.7285,51.203],[-80.5845,51.315],[-80.43,51.357],[-80.4405,51.4775],[-80.519,51.535],[-80.595,51.7115],[-80.778,51.853],[-80.921,51.9095],[-80.979,52.002],[-81.0985,52.0545],[-81.1565,52.043],[-81.3905,52.128],[-81.512,52.2395],[-81.747,52.242],[-81.7215,52.277],[-81.5815,52.3165],[-81.564,52.456],[-81.711,52.5335],[-81.816,52.6335],[-81.918,52.6805],[-81.988,52.7985],[-82.1095,52.885],[-82.301,52.9675],[-82.2895,53.11],[-82.238,53.2215],[-82.1185,53.2775],[-82.149,53.4265],[-82.219,53.6045],[-82.126,53.812],[-82.2425,54.065],[-82.3715,54.1505],[-82.431,54.228],[-82.421,54.384],[-82.3155,54.5775],[-82.2015,54.834],[-82.2535,54.886],[-82.2695,55],[-85.4175,55],[-91.8485,55],[-92.2965,54.6915],[-92.938,54.2405],[-93.62,53.747],[-93.74,53.67],[-94.446,53.2505],[-95.154,52.8215],[-95.1535,52.373],[-95.154,51.5865],[-95.154,50.892],[-95.154,50.2905],[-95.154,49.769],[-95.1605,49.3695],[-94.9825,49.356],[-94.8275,49.293],[-94.811,49.1665],[-94.711,48.9145],[-94.711,48.8075],[-94.593,48.7265],[-94.4795,48.7005],[-94.3115,48.714],[-94.232,48.652],[-93.875,48.636],[-93.8095,48.5435],[-93.757,48.5165],[-93.492,48.5425],[-93.4515,48.5975],[-93.2575,48.6305],[-92.9795,48.6175],[-92.884,48.58],[-92.6485,48.5365],[-92.704,48.445],[-92.527,48.4455],[-92.4675,48.3945],[-92.4625,48.3295],[-92.3845,48.2325],[-92.291,48.2495],[-92.303,48.311],[-92.1545,48.35],[-92.0435,48.3345],[-91.9575,48.2285],[-91.765,48.1875],[-91.6925,48.098],[-91.575,48.048],[-91.428,48.0365],[-91.2765,48.065],[-91.071,48.171],[-90.923,48.227],[-90.8405,48.22],[-90.7865,48.1005],[-90.7015,48.0845],[-90.587,48.105],[-90.5315,48.0845],[-90.1785,48.1165],[-90.0735,48.101],[-89.9805,48.01],[-89.9025,47.986],[-89.8035,48.014],[-89.582,47.9965]]],[[[-79.521,50.9655],[-79.521,51.4665],[-79.605,51.448],[-79.701,51.3855],[-79.6795,51.313],[-79.747,51.1955],[-79.67,51.0585],[-79.521,50.9655]]],[[[-88.087,48.8265],[-88.0685,48.712],[-87.991,48.753],[-87.818,48.759],[-87.7725,48.8595],[-87.966,48.8675],[-88.087,48.8265]]],[[[-85.6105,47.739],[-85.61,47.773],[-85.734,47.808],[-85.8585,47.8035],[-85.938,47.727],[-85.7335,47.718],[-85.6105,47.739]]],[[[-81.921,46.0095],[-81.794,46.0015],[-81.8035,46.058],[-81.941,46.053],[-81.921,46.0095]]],[[[-83.267,45.9605],[-83.3525,46.002],[-83.417,45.989],[-83.48,45.927],[-83.376,45.863],[-83.2815,45.909],[-83.267,45.9605]]],[[[-81.6795,45.909],[-81.7535,45.8485],[-81.91,45.906],[-81.9535,45.988],[-82.0885,45.944],[-82.14,45.8555],[-82.2845,45.931],[-82.3095,45.99],[-82.49,45.9525],[-82.592,45.889],[-82.5065,45.847],[-82.523,45.8055],[-82.66,45.865],[-82.76,45.847],[-82.837,45.931],[-82.81,45.9925],[-82.9515,45.9645],[-83.226,45.9295],[-83.225,45.887],[-83.082,45.868],[-82.9515,45.8135],[-82.7655,45.788],[-82.684,45.7945],[-82.532,45.75],[-82.4525,45.705],[-82.339,45.695],[-82.174,45.608],[-82.016,45.5685],[-81.805,45.5455],[-81.605,45.752],[-81.6055,45.806],[-81.6795,45.909]]],[[[-83.815,46.143],[-83.7825,46.223],[-83.843,46.269],[-83.986,46.3105],[-84.109,46.2925],[-84.069,46.211],[-83.9255,46.077],[-83.87,46.1625],[-83.815,46.143]]]]},"properties":{"name":"Ontario","admin":"Canada"}},
{"type":"Feature","geometry":{"type":"MultiPolygon","coordinates":[[[[-82.4165,43.0175],[-82.476,43.102],[-82.5265,43.2765],[-82.547,43.451],[-82.5795,43.5285],[-82.637,43.812],[-82.6895,43.9215],[-82.8115,44.026],[-82.9235,44.07],[-83.0335,44.052],[-83.0865,44.014],[-83.267,43.9765],[-83.389,43.8545],[-83.4905,43.703],[-83.538,43.7265],[-83.679,43.608],[-83.9045,43.682],[-83.9435,43.728],[-83.9255,43.8805],[-83.8895,43.9585],[-83.822,44.0045],[-83.696,44.0045],[-83.5925,44.0625],[-83.5325,44.266],[-83.3535,44.3295],[-83.3215,44.408],[-83.315,44.624],[-83.2875,44.703],[-83.309,44.833],[-83.3425,44.8925],[-83.46,44.998],[-83.4345,45.065],[-83.305,45.096],[-83.322,45.162],[-83.409,45.238],[-83.3835,45.279],[-83.51,45.3585],[-83.6745,45.387],[-83.7195,45.4225],[-83.844,45.4415],[-83.943,45.501],[-84.096,45.5045],[-84.224,45.6425],[-84.318,45.674],[-84.4585,45.6705],[-84.576,45.7305],[-84.7745,45.8],[-84.9455,45.737],[-85.0825,45.6315],[-85.104,45.527],[-85.021,45.439],[-85.042,45.3795],[-85.1745,45.377],[-85.3345,45.3155],[-85.3995,45.227],[-85.378,45.101],[-85.424,44.93],[-85.522,44.998],[-85.587,44.827],[-85.6595,44.8545],[-85.607,44.9495],[-85.623,45.0245],[-85.579,45.0615],[-85.6035,45.144],[-85.7615,45.0625],[-85.847,44.9495],[-85.937,44.9835],[-86.001,44.9155],[-86.0595,44.9225],[-86.103,44.7475],[-86.226,44.731],[-86.2695,44.6885],[-86.234,44.5855],[-86.2635,44.4955],[-86.2675,44.3745],[-86.4125,44.162],[-86.5185,44.083],[-86.522,44.045],[-86.4525,43.958],[-86.442,43.785],[-86.522,43.699],[-86.543,43.6275],[-86.505,43.5395],[-86.2725,43.1035],[-86.2225,42.9645],[-86.219,42.7095],[-86.273,42.472],[-86.379,42.255],[-86.4925,42.1295],[-86.603,41.94],[-86.721,41.8245],[-86.843,41.7595],[-85.8825,41.759],[-84.806,41.7585],[-84.806,41.697],[-84.303,41.7075],[-83.465,41.733],[-83.4205,41.8105],[-83.267,41.9825],[-83.2215,41.9945],[-83.146,42.233],[-83.1255,42.2685],[-83.0425,42.341],[-82.89,42.4035],[-82.8635,42.5575],[-82.8145,42.6315],[-82.7055,42.702],[-82.6315,42.6695],[-82.6445,42.5575],[-82.576,42.572],[-82.5115,42.6465],[-82.4715,42.78],[-82.4855,42.8185],[-82.4165,43.0175]]],[[[-84.4915,46.4575],[-84.57,46.4235],[-84.6565,46.502],[-84.8355,46.4595],[-85.056,46.533],[-85.0135,46.724],[-85.039,46.7725],[-85.2005,46.7755],[-85.522,46.684],[-85.8605,46.7085],[-86.091,46.6755],[-86.1455,46.6905],[-86.283,46.622],[-86.4885,46.5535],[-86.6255,46.444],[-86.76,46.501],[-86.882,46.46],[-86.9705,46.5405],[-87.081,46.5395],[-87.226,46.5025],[-87.348,46.5165],[-87.3925,46.5975],[-87.4595,46.6255],[-87.598,46.7655],[-87.6295,46.8285],[-87.7965,46.901],[-88.064,46.931],[-88.1985,46.9115],[-88.235,46.944],[-88.3865,46.8545],[-88.483,46.848],[-88.441,46.982],[-88.518,47.062],[-88.5355,47.125],[-88.635,47.151],[-88.684,47.228],[-88.8865,47.115],[-88.9685,47.019],[-89.131,47.006],[-89.227,46.936],[-89.3975,46.864],[-89.794,46.83],[-90.0175,46.6975],[-90.4095,46.589],[-90.3925,46.548],[-90.2305,46.5085],[-90.1185,46.3405],[-89.119,46.148],[-88.8375,46.0355],[-88.642,46.008],[-88.5375,46.026],[-88.336,45.9775],[-88.1875,45.9595],[-88.115,45.9245],[-88.0725,45.7875],[-87.9095,45.7605],[-87.8025,45.687],[-87.7915,45.5955],[-87.812,45.4845],[-87.882,45.3775],[-87.655,45.3615],[-87.7265,45.244],[-87.7265,45.183],[-87.5995,45.105],[-87.5605,45.191],[-87.345,45.4225],[-87.282,45.539],[-87.1735,45.669],[-87.0945,45.7],[-87.0565,45.818],[-86.9815,45.7855],[-86.9835,45.705],[-86.857,45.7315],[-86.7385,45.868],[-86.6775,45.8425],[-86.57,45.8925],[-86.569,45.8025],[-86.6285,45.7845],[-86.7125,45.6735],[-86.6245,45.653],[-86.5245,45.762],[-86.374,45.8065],[-86.298,45.9265],[-86.252,45.9545],[-86.08,45.9735],[-85.9235,45.953],[-85.8975,45.9755],[-85.662,45.985],[-85.5455,46.098],[-85.3395,46.1095],[-85.021,46.025],[-84.8245,45.8805],[-84.7345,45.857],[-84.73,45.9525],[-84.6565,46.0565],[-84.4535,46.0135],[-84.0225,45.964],[-83.903,45.982],[-84.0495,46.0935],[-84.028,46.1495],[-84.2585,46.2125],[-84.2025,46.2505],[-84.2245,46.3555],[-84.106,46.3465],[-84.159,46.4335],[-84.1105,46.5265],[-84.1975,46.5465],[-84.3055,46.5015],[-84.423,46.5115],[-84.4915,46.4575]]],[[[-88.636,48.0345],[-88.5755,48.116],[-88.6325,48.15],[-88.833,48.0605],[-89.1235,47.9645],[-89.2155,47.917],[-89.2155,47.866],[-89.1375,47.835],[-88.9665,47.891],[-88.948,47.938],[-88.636,48.0345]]],[[[-86.604,46.473],[-86.6455,46.5665],[-86.699,46.554],[-86.676,46.475],[-86.604,46.473]]],[[[-87.715,47.417],[-87.8195,47.484],[-88.0525,47.4845],[-88.2095,47.4535],[-88.431,47.3725],[-88.6055,47.239],[-88.619,47.1525],[-88.516,47.136],[-88.424,46.9925],[-88.242,47.188],[-88.0605,47.3035],[-87.949,47.355],[-87.8995,47.4085],[-87.715,47.417]]],[[[-85.488,45.6355],[-85.505,45.7525],[-85.558,45.7475],[-85.625,45.615],[-85.573,45.5915],[-85.488,45.6355]]],[[[-83.4825,45.994],[-83.562,46.076],[-83.6875,46.1105],[-83.6955,46.0455],[-83.778,46.021],[-83.8325,45.9685],[-83.7115,45.9375],[-83.563,45.928],[-83.4825,45.994]]],[[[-84.367,45.7745],[-84.42,45.8265],[-84.5825,45.8135],[-84.488,45.744],[-84.367,45.7745]]]]},"properties":{"name":"Michigan","admin":"United States of America"}},
{"type":"Feature","geometry":{"type":"Polygon","coordinates":[[[-80.52,41.9845],[-81.026,41.8455],[-81.3485,41.7295],[-81.672,41.522],[-81.743,41.4975],[-81.8775,41.49],[-82.0405,41.511],[-82.251,41.45],[-82.363,41.439],[-82.505,41.3955],[-82.6165,41.4545],[-82.829,41.4705],[-82.9255,41.4325],[-82.959,41.4895],[-83.0955,41.6195],[-83.2185,41.646],[-83.315,41.709],[-83.465,41.733],[-84.303,41.7075],[-84.806,41.697],[-84.8005,41.2935],[-84.809,40.4805],[-84.814,39.992],[-84.8235,39.0975],[-84.721,39.143],[-84.637,39.0775],[-84.444,39.102],[-84.408,39.057],[-84.322,39.0295],[-84.1955,38.8105],[-84.084,38.778],[-83.9725,38.7895],[-83.866,38.762],[-83.7145,38.6385],[-83.6505,38.636],[-83.605,38.6895],[-83.5345,38.7075],[-83.3685,38.66],[-83.305,38.6015],[-83.1335,38.628],[-83.031,38.716],[-82.8865,38.745],[-82.8265,38.5865],[-82.698,38.5355],[-82.5895,38.4195],[-82.509,38.409],[-82.3315,38.4435],[-82.263,38.5975],[-82.1925,38.5955],[-82.1875,38.7155],[-82.2085,38.786],[-82.0585,39.003],[-82.003,39.0215],[-81.8485,38.9135],[-81.7835,38.9325],[-81.746,39.1935],[-81.6825,39.271],[-81.5695,39.2875],[-81.5545,39.344],[-81.479,39.4005],[-81.3885,39.362],[-81.227,39.3985],[-81.126,39.4535],[-81.0555,39.53],[-80.875,39.629],[-80.841,39.7905],[-80.7585,39.9295],[-80.739,40.061],[-80.657,40.2555],[-80.6005,40.3235],[-80.627,40.4095],[-80.6015,40.4715],[-80.677,40.589],[-80.52,40.647],[-80.52,41.171],[-80.52,41.9845]]]},"properties":{"name":"Ohio","admin":"United States of America"}},
{"type":"Feature","geometry":{"type":"Polygon","coordinates":[[[-79.763,42.2685],[-79.889,42.2295],[-80.376,42.0235],[-80.52,41.9845],[-80.52,41.171],[-80.52,40.647],[-80.5195,39.7215],[-79.4775,39.722],[-78.439,39.7215],[-77.862,39.7215],[-77.1695,39.7215],[-76.3615,39.7215],[-75.7885,39.7215],[-75.731,39.7825],[-75.6015,39.838],[-75.4245,39.8065],[-75.3915,39.8395],[-75.148,39.9025],[-75.1195,39.974],[-75.0235,40.0165],[-74.838,40.115],[-74.77,40.13],[-74.7395,40.185],[-74.8955,40.3235],[-75.0645,40.454],[-75.089,40.5585],[-75.182,40.5705],[-75.1885,40.7585],[-75.1055,40.7955],[-75.061,40.8915],[-75.1395,40.982],[-75.027,41.047],[-74.8865,41.181],[-74.8445,41.273],[-74.699,41.3565],[-74.749,41.4345],[-74.8865,41.4485],[-74.998,41.514],[-75.064,41.6155],[-75.056,41.775],[-75.079,41.828],[-75.1775,41.8795],[-75.249,41.8825],[-75.263,41.948],[-75.339,41.9975],[-75.7815,41.9975],[-76.5975,41.998],[-77.142,41.9985],[-78.094,41.999],[-78.9105,41.9995],[-79.763,42],[-79.763,42.2685]]]},"properties":{"name":"Pennsylvania","admin":"United States of America"}},
{"type":"Feature","geometry":{"type":"MultiPolygon","coordinates":[[[[-79.065,43.1055],[-78.915,43.0765],[-78.893,43.0295],[-78.9365,42.9795],[-78.8675,42.8455],[-78.916,42.7575],[-79.0315,42.714],[-79.1505,42.581],[-79.3685,42.49],[-79.471,42.407],[-79.763,42.2685],[-79.763,42],[-78.9105,41.9995],[-78.094,41.999],[-77.142,41.9985],[-76.5975,41.998],[-75.7815,41.9975],[-75.339,41.9975],[-75.263,41.948],[-75.249,41.8825],[-75.1775,41.8795],[-75.079,41.828],[-75.056,41.775],[-75.064,41.6155],[-74.998,41.514],[-74.8865,41.4485],[-74.749,41.4345],[-74.699,41.3565],[-73.907,40.991],[-73.918,41.1635],[-73.8755,41.1535],[-73.872,41.0335],[-73.927,40.805],[-73.82,40.839],[-73.7645,40.91],[-73.643,41.001],[-73.723,41.1035],[-73.484,41.218],[-73.5445,41.295],[-73.4805,42.0545],[-73.507,42.079],[-73.2655,42.7455],[-73.2665,42.8635],[-73.247,43.552],[-73.3015,43.624],[-73.4205,43.6485],[-73.3685,43.7475],[-73.41,44.006],[-73.4385,44.053],[-73.3735,44.2105],[-73.33,44.235],[-73.3325,44.364],[-73.2945,44.4695],[-73.3665,44.574],[-73.376,44.6525],[-73.338,44.801],[-73.3755,44.844],[-73.3375,44.9555],[-73.3515,45.0045],[-73.9975,45.0015],[-74.713,44.9995],[-74.8685,45.01],[-75.1295,44.925],[-75.27,44.864],[-75.6995,44.5815],[-75.7915,44.4965],[-75.77,44.446],[-76.054,44.2655],[-76.1835,44.223],[-76.3575,44.1315],[-76.2745,44.062],[-76.2095,44.0855],[-76.1325,44.046],[-76.146,43.917],[-76.205,43.8745],[-76.2785,43.884],[-76.168,43.6685],[-76.188,43.5865],[-76.2465,43.5385],[-76.4195,43.534],[-76.4905,43.484],[-76.668,43.4015],[-76.713,43.339],[-76.983,43.2845],[-77.3665,43.298],[-77.538,43.257],[-77.6245,43.2715],[-77.749,43.3445],[-78.1065,43.394],[-78.227,43.38],[-78.38,43.396],[-78.6895,43.3615],[-79.0585,43.278],[-79.065,43.1055]]],[[[-74.126,40.6335],[-74.192,40.6285],[-74.1925,40.5115],[-74.0535,40.6025],[-74.126,40.6335]]],[[[-71.919,41.065],[-71.958,41.0695],[-72.109,41.0015],[-72.1555,41.055],[-72.27,41.0025],[-72.367,40.9945],[-72.457,40.9105],[-72.58,40.933],[-72.5205,40.985],[-72.4335,40.993],[-72.4715,41.056],[-72.606,40.99],[-72.781,40.965],[-73.0485,40.963],[-73.113,40.9735],[-73.2245,40.9085],[-73.4855,40.9455],[-73.5205,40.9175],[-73.72,40.866],[-73.7645,40.81],[-73.9085,40.7885],[-74.036,40.639],[-73.988,40.5695],[-73.8295,40.649],[-73.7075,40.583],[-73.561,40.638],[-73.372,40.6625],[-73.2335,40.7145],[-72.947,40.742],[-72.727,40.808],[-72.6055,40.8015],[-72.4065,40.862],[-71.9295,41.038],[-71.919,41.065]]],[[[-78.9815,42.979],[-78.9125,43.037],[-79.0115,43.0655],[-78.9815,42.979]]]]},"properties":{"name":"New York","admin":"United States of America"}},
{"type":"Feature","geometry":{"type":"MultiPolygon","coordinates":[[[[-79.521,50.943],[-79.521,50.238],[-79.521,49.337],[-79.521,48.436],[-79.521,47.8195],[-79.5165,47.5655],[-79.5805,47.452],[-79.554,47.3915],[-79.4455,47.2745],[-79.4315,47.087],[-79.292,46.929],[-79.1635,46.824],[-79.096,46.7045],[-79.014,46.6385],[-78.964,46.533],[-78.891,46.47],[-78.754,46.4015],[-78.694,46.3365],[-78.4225,46.2935],[-78.3205,46.266],[-78.111,46.2625],[-77.6585,46.184],[-77.469,46.115],[-77.2895,46.0005],[-77.2825,45.9475],[-77.1385,45.84],[-76.9635,45.7885],[-76.9295,45.8685],[-76.7975,45.8755],[-76.7545,45.741],[-76.707,45.708],[-76.6475,45.581],[-76.433,45.522],[-76.3435,45.4735],[-76.223,45.52],[-76.049,45.5155],[-75.882,45.3995],[-75.7755,45.394],[-75.707,45.4555],[-75.3605,45.5435],[-75.2835,45.5765],[-75.053,45.596],[-74.9375,45.6375],[-74.775,45.6325],[-74.6435,45.656],[-74.5455,45.609],[-74.3935,45.5725],[-74.478,45.317],[-74.346,45.2205],[-74.1995,45.2725],[-74.1535,45.32],[-74.0135,45.3285],[-73.9615,45.354],[-74.0775,45.4565],[-73.9095,45.5345],[-73.7555,45.6765],[-73.6775,45.708],[-73.4955,45.728],[-73.4205,45.765],[-73.29,45.875],[-73.204,45.9835],[-73.1585,46.075],[-73.022,46.1095],[-72.9945,46.211],[-72.8445,46.265],[-72.6025,46.3015],[-72.4625,46.4025],[-72.258,46.471],[-72.228,46.5535],[-72.0555,46.5945],[-71.8805,46.6905],[-71.694,46.6745],[-71.463,46.7345],[-71.354,46.739],[-71.232,46.7985],[-71.191,46.858],[-70.957,47.0205],[-70.7915,47.0725],[-70.715,47.1175],[-70.5975,47.2495],[-70.497,47.4295],[-70.237,47.4955],[-70.1995,47.5955],[-69.932,47.773],[-69.795,47.9885],[-69.736,48.1225],[-69.87,48.1565],[-69.925,48.222],[-70.0275,48.253],[-70.163,48.245],[-70.2875,48.3075],[-70.4775,48.3565],[-70.7445,48.3555],[-70.747,48.4275],[-70.435,48.363],[-70.369,48.374],[-70.1445,48.2735],[-69.985,48.2785],[-69.7985,48.1565],[-69.6545,48.163],[-69.582,48.2255],[-69.4465,48.296],[-69.4045,48.3625],[-69.2895,48.4645],[-69.2295,48.592],[-69.1445,48.6005],[-69.0695,48.756],[-68.991,48.7825],[-68.784,48.911],[-68.6435,48.9175],[-68.6345,49.017],[-68.372,49.1405],[-68.3255,49.0985],[-68.181,49.1245],[-68.1905,49.1675],[-68.1225,49.2715],[-67.9445,49.2945],[-67.814,49.28],[-67.7355,49.315],[-67.3765,49.339],[-67.245,49.459],[-67.231,49.6115],[-67.17,49.678],[-67.1845,49.7395],[-67.1315,49.8315],[-67.045,49.8285],[-66.951,49.9865],[-66.746,50.0535],[-66.666,50.135],[-66.5635,50.157],[-66.543,50.216],[-66.413,50.264],[-66.357,50.2015],[-66.252,50.22],[-66.162,50.196],[-66.0465,50.226],[-65.929,50.293],[-65.737,50.2575],[-65.2585,50.3225],[-65.151,50.299],[-64.8885,50.2745],[-64.6295,50.284],[-64.47,50.3225],[-64.2475,50.2705],[-64.145,50.2675],[-63.989,50.307],[-63.722,50.3045],[-63.6035,50.254],[-63.5105,50.2675],[-63.442,50.223],[-63.335,50.2505],[-63.2505,50.2405],[-63.1765,50.29],[-62.8525,50.2945],[-62.435,50.2675],[-62.327,50.289],[-62.2125,50.242],[-61.846,50.22],[-61.718,50.1],[-61.3115,50.1995],[-61.166,50.1855],[-61,50.218],[-61,52],[-61.9825,52],[-62.7945,52],[-63.7385,52],[-63.6705,52.0355],[-63.7145,52.2285],[-63.783,52.291],[-63.7735,52.335],[-63.9725,52.3535],[-64.081,52.4735],[-63.954,52.58],[-63.8125,52.62],[-63.379,52.651],[-63.4105,52.6975],[-63.605,52.7855],[-63.7185,52.7785],[-64.1075,52.72],[-64.166,52.6755],[-64.19,52.5725],[-64.1415,52.49],[-64.128,52.3865],[-64.207,52.304],[-64.2105,52.2215],[-64.1555,52.132],[-64.252,52.115],[-64.2725,52.039],[-64.2345,51.9805],[-64.362,51.967],[-64.3345,51.819],[-64.2795,51.74],[-64.3445,51.6675],[-64.5305,51.592],[-64.6885,51.723],[-64.857,51.7745],[-64.957,51.723],[-65.0325,51.7605],[-65.184,51.7745],[-65.2765,51.867],[-65.3935,51.898],[-65.359,51.95],[-65.459,52.0255],[-65.6825,52.0255],[-65.7305,52.0875],[-65.8235,52.108],[-65.992,52.06],[-66.0885,52.091],[-66.078,52.17],[-66.3015,52.287],[-66.264,52.156],[-66.374,52.1425],[-66.4805,52.335],[-66.35,52.359],[-66.408,52.5895],[-66.3325,52.7375],[-66.4015,52.844],[-66.288,52.8475],[-66.2915,52.9025],[-66.3635,53.002],[-66.4255,53.0365],[-66.5495,52.9405],[-66.625,52.937],[-66.656,52.796],[-66.7695,52.765],[-66.759,52.7065],[-66.8655,52.6615],[-66.948,52.7375],[-67.041,52.775],[-67.0615,52.875],[-67.165,52.82],[-67.3025,52.868],[-67.385,53.1055],[-67.299,53.157],[-67.1685,53.1535],[-66.9825,53.1055],[-66.962,53.2945],[-67.01,53.353],[-66.89,53.415],[-67.031,53.5145],[-67.323,53.5665],[-67.399,53.635],[-67.4125,53.6935],[-67.574,53.766],[-67.5225,53.838],[-67.595,53.8585],[-67.6155,53.924],[-67.808,54.034],[-67.7425,54.1545],[-67.6395,54.189],[-67.691,54.3055],[-67.746,54.3435],[-67.7495,54.426],[-67.509,54.488],[-67.4985,54.5945],[-67.268,54.4845],[-67.261,54.5705],[-67.1545,54.6155],[-67.086,54.732],[-67.2645,54.8355],[-67.4245,55],[-78.5365,55],[-78.5785,54.9755],[-78.875,54.9075],[-78.9675,54.852],[-79.4845,54.7565],[-79.6765,54.694],[-79.5295,54.577],[-79.54,54.535],[-79.464,54.31],[-79.3345,54.2485],[-79.356,54.1985],[-79.214,54.1635],[-79.1295,54.1075],[-79.0425,53.947],[-79.08,53.9165],[-79.0135,53.846],[-79.0635,53.757],[-79.0195,53.694],[-79.0565,53.6205],[-78.965,53.609],[-78.9325,53.555],[-79.1145,53.509],[-79.0655,53.448],[-78.9915,53.4535],[-78.943,53.382],[-78.943,53.283],[-78.9015,53.201],[-78.9775,53.07],[-78.927,53.005],[-78.822,52.967],[-78.89,52.922],[-78.783,52.8715],[-78.7575,52.7825],[-78.7855,52.659],[-78.6325,52.5315],[-78.5215,52.481],[-78.4995,52.356],[-78.559,52.289],[-78.5315,52.2],[-78.5915,52.106],[-78.71,52.0565],[-78.747,51.977],[-78.8925,51.947],[-78.8405,51.8425],[-78.924,51.798],[-79.015,51.796],[-78.9295,51.6605],[-78.7925,51.611],[-78.8195,51.568],[-78.794,51.4745],[-78.882,51.4035],[-78.84,51.363],[-78.9035,51.3045],[-79.0065,51.456],[-79.128,51.5425],[-79.266,51.528],[-79.2445,51.631],[-79.346,51.662],[-79.468,51.58],[-79.56,51.5555],[-79.521,51.4665],[-79.521,50.9655],[-79.521,50.943]]],[[[-73.3515,45.0045],[-72.302,45.01],[-71.506,45.0135],[-71.395,45.2415],[-71.2935,45.2925],[-71.1415,45.2525],[-71.085,45.3045],[-70.9515,45.332],[-70.907,45.246],[-70.8355,45.31],[-70.834,45.393],[-70.772,45.43],[-70.6965,45.3885],[-70.6505,45.4275],[-70.723,45.471],[-70.687,45.5725],[-70.5895,45.652],[-70.4075,45.7315],[-70.417,45.794],[-70.2625,45.923],[-70.317,45.999],[-70.3115,46.072],[-70.244,46.141],[-70.281,46.212],[-70.1885,46.3585],[-70.0745,46.4195],[-70.008,46.704],[-69.2675,47.44],[-69.222,47.4595],[-69.054,47.4185],[-69.0635,47.291],[-68.7645,47.3625],[-68.5525,47.437],[-68.387,47.5585],[-68.378,47.9285],[-68.1135,47.9285],[-68.1135,47.9975],[-67.613,47.9975],[-67.606,47.938],[-67.497,47.912],[-67.351,47.8495],[-67.32,47.896],[-67.203,47.8855],[-67.073,47.9265],[-66.9615,47.8945],[-66.9385,47.968],[-66.843,47.997],[-66.543,48.0585],[-66.5155,48.108],[-66.2705,48.1165],[-66.0955,48.097],[-65.953,48.1955],[-65.784,48.1155],[-65.5035,48.052],[-65.432,48.0035],[-65.2855,48.0125],[-64.988,48.126],[-64.909,48.177],[-64.7795,48.204],[-64.7045,48.3235],[-64.545,48.3875],[-64.329,48.4195],[-64.32,48.456],[-64.1995,48.5205],[-64.279,48.5615],[-64.2575,48.619],[-64.162,48.6295],[-64.278,48.726],[-64.388,48.7805],[-64.5295,48.8825],[-64.3035,48.8305],[-64.217,48.828],[-64.221,48.8945],[-64.3965,49.012],[-64.6135,49.123],[-64.9635,49.2195],[-65.566,49.2665],[-65.883,49.2245],[-66.2195,49.208],[-66.5265,49.1335],[-66.622,49.1225],[-66.8795,49.0465],[-67.1175,48.963],[-67.2925,48.9245],[-67.425,48.8735],[-67.547,48.8625],[-67.962,48.7015],[-68.0825,48.685],[-68.2055,48.642],[-68.3535,48.556],[-68.4635,48.529],[-68.5235,48.471],[-68.6385,48.432],[-68.726,48.3765],[-68.806,48.3725],[-69.0545,48.2325],[-69.1525,48.1465],[-69.324,48.0305],[-69.4455,47.992],[-69.548,47.8895],[-69.55,47.844],[-69.802,47.6225],[-70.031,47.4695],[-70.076,47.369],[-70.195,47.3155],[-70.388,47.116],[-70.535,47.0105],[-70.727,46.9565],[-70.7655,46.923],[-70.902,46.903],[-70.9735,46.862],[-71.158,46.841],[-71.205,46.787],[-71.3025,46.745],[-71.714,46.632],[-71.8455,46.6685],[-72.0075,46.5715],[-72.19,46.526],[-72.2745,46.4205],[-72.496,46.3605],[-72.6705,46.2475],[-72.731,46.1765],[-72.8435,46.142],[-72.9325,46.1445],[-73.0405,46.0735],[-73.14,46.0585],[-73.2075,45.9705],[-73.2595,45.854],[-73.413,45.7515],[-73.449,45.7045],[-73.4605,45.608],[-73.522,45.54],[-73.5025,45.4635],[-73.5575,45.4145],[-73.6875,45.431],[-73.889,45.337],[-73.9645,45.268],[-74.0485,45.2325],[-74.1455,45.234],[-74.3995,45.145],[-74.4735,45.067],[-74.713,44.9995],[-73.9975,45.0015],[-73.3515,45.0045]]],[[[-63.578,55],[-66.257,55],[-66.0595,54.919],[-65.9495,54.926],[-65.8485,54.897],[-65.819,54.8165],[-65.698,54.723],[-65.4455,54.7455],[-65.4815,54.8165],[-65.296,54.8255],[-65.221,54.851],[-65.103,54.957],[-64.9405,54.9295],[-64.8475,54.8495],[-64.7585,54.8165],[-64.7675,54.738],[-64.5765,54.7275],[-64.458,54.7945],[-64.314,54.7655],[-64.181,54.711],[-64.1135,54.631],[-63.8985,54.6015],[-63.729,54.647],[-63.904,54.782],[-63.824,54.8295],[-63.815,54.9405],[-63.6055,54.902],[-63.578,55]]],[[[-66.6685,55],[-67.2775,55],[-67.016,54.885],[-66.936,54.799],[-66.737,54.734],[-66.7045,54.784],[-66.607,54.804],[-66.729,54.9385],[-66.6685,55]]],[[[-73.995,45.32],[-74.121,45.309],[-74.1395,45.251],[-74.003,45.2685],[-73.995,45.32]]],[[[-73.8575,45.5495],[-73.7315,45.557],[-73.5855,45.7005],[-73.759,45.6525],[-73.8575,45.5495]]],[[[-73.4995,45.71],[-73.6205,45.6385],[-73.668,45.5755],[-73.78,45.5245],[-73.795,45.467],[-73.619,45.4425],[-73.5415,45.4825],[-73.5405,45.548],[-73.469,45.7055],[-73.4995,45.71]]],[[[-70.8435,47.033],[-70.8855,47.0265],[-71.085,46.9055],[-71.031,46.863],[-70.862,46.946],[-70.8435,47.033]]],[[[-61.671,47.5465],[-61.8395,47.4365],[-61.9415,47.4025],[-61.863,47.3555],[-61.791,47.4645],[-61.671,47.5465]]],[[[-64.319,49.791],[-64.178,49.741],[-63.925,49.675],[-63.764,49.602],[-63.6415,49.5135],[-63.587,49.39],[-63.2775,49.315],[-63.0935,49.233],[-62.682,49.1485],[-62.5065,49.1385],[-62.248,49.068],[-61.882,49.0835],[-61.8115,49.069],[-61.661,49.151],[-61.8825,49.3545],[-62.2045,49.414],[-62.264,49.4655],[-62.386,49.4905],[-62.534,49.6045],[-62.6875,49.653],[-62.893,49.6975],[-62.962,49.7405],[-63.124,49.784],[-63.3745,49.8295],[-63.6055,49.85],[-63.9445,49.896],[-64.133,49.95],[-64.4515,49.9095],[-64.5105,49.868],[-64.4245,49.8085],[-64.319,49.791]]]]},"properties":{"name":"Québec","admin":"Canada"}},
{"type":"Feature","geometry":{"type":"Polygon","coordinates":[[[-73.3515,45.0045],[-73.3375,44.9555],[-73.3755,44.844],[-73.338,44.801],[-73.376,44.6525],[-73.3665,44.574],[-73.2945,44.4695],[-73.3325,44.364],[-73.33,44.235],[-73.3735,44.2105],[-73.4385,44.053],[-73.41,44.006],[-73.3685,43.7475],[-73.4205,43.6485],[-73.3015,43.624],[-73.247,43.552],[-73.2665,42.8635],[-73.2655,42.7455],[-72.467,42.7295],[-72.5355,42.812],[-72.5555,42.878],[-72.522,42.9755],[-72.4805,42.989],[-72.4495,43.108],[-72.4335,43.263],[-72.4035,43.3],[-72.398,43.5315],[-72.325,43.6335],[-72.3065,43.72],[-72.2135,43.7845],[-72.181,43.885],[-72.1005,43.9735],[-72.118,44.001],[-72.049,44.143],[-72.0425,44.2815],[-71.9835,44.339],[-71.8405,44.357],[-71.678,44.446],[-71.5985,44.515],[-71.55,44.5965],[-71.635,44.7405],[-71.606,44.8015],[-71.5145,44.895],[-71.506,45.0135],[-72.302,45.01],[-73.3515,45.0045]]]},"properties":{"name":"Vermont","admin":"United States of America"}},
{"type":"Feature","geometry":{"type":"Polygon","coordinates":[[[-71.506,45.0135],[-71.5145,44.895],[-71.606,44.8015],[-71.635,44.7405],[-71.55,44.5965],[-71.5985,44.515],[-71.678,44.446],[-71.8405,44.357],[-71.9835,44.339],[-72.0425,44.2815],[-72.049,44.143],[-72.118,44.001],[-72.1005,43.9735],[-72.181,43.885],[-72.2135,43.7845],[-72.3065,43.72],[-72.325,43.6335],[-72.398,43.5315],[-72.4035,43.3],[-72.4335,43.263],[-72.4495,43.108],[-72.4805,42.989],[-72.522,42.9755],[-72.5555,42.878],[-72.5355,42.812],[-72.467,42.7295],[-71.3065,42.701],[-71.196,42.752],[-71.1515,42.8095],[-71.0835,42.817],[-70.9255,42.8865],[-70.8145,42.8775],[-70.7285,43.0115],[-70.744,43.084],[-70.825,43.1615],[-70.817,43.24],[-70.9725,43.383],[-70.958,43.562],[-70.999,44.1275],[-71.05,44.823],[-71.085,45.3045],[-71.1415,45.2525],[-71.2935,45.2925],[-71.395,45.2415],[-71.506,45.0135]]]},"properties":{"name":"New Hampshire","admin":"United States of America"}},
{"type":"Feature","geometry":{"type":"MultiPolygon","coordinates":[[[[-71.085,45.3045],[-71.05,44.823],[-70.999,44.1275],[-70.958,43.562],[-70.9725,43.383],[-70.817,43.24],[-70.825,43.1615],[-70.744,43.084],[-70.66,43.094],[-70.569,43.229],[-70.5815,43.275],[-70.5195,43.3395],[-70.3825,43.3935],[-70.3565,43.527],[-70.205,43.561],[-70.239,43.7],[-70.109,43.8065],[-69.986,43.863],[-69.858,43.7545],[-69.7875,43.7375],[-69.7075,43.827],[-69.759,43.8865],[-69.657,44.009],[-69.6495,43.8975],[-69.5675,43.9415],[-69.479,43.8805],[-69.4305,43.993],[-69.37,44.0215],[-69.2635,43.93],[-69.1915,43.952],[-69.119,44.041],[-69.0885,44.1365],[-68.999,44.295],[-68.9445,44.349],[-68.9865,44.421],[-68.8275,44.479],[-68.8005,44.4455],[-68.821,44.3145],[-68.756,44.3345],[-68.6335,44.2965],[-68.526,44.295],[-68.563,44.4005],[-68.27,44.486],[-68.1115,44.48],[-68.0975,44.3855],[-68.0195,44.3765],[-67.8995,44.422],[-67.8525,44.4825],[-67.875,44.542],[-67.8065,44.5755],[-67.714,44.501],[-67.6835,44.548],[-67.575,44.5535],[-67.539,44.646],[-67.4045,44.6055],[-67.327,44.6575],[-67.2245,44.644],[-66.9775,44.8155],[-67.0625,44.9315],[-67.052,44.9835],[-67.1045,45.038],[-67.176,45.1785],[-67.2425,45.2025],[-67.3565,45.166],[-67.475,45.2825],[-67.429,45.387],[-67.493,45.493],[-67.426,45.5335],[-67.45,45.611],[-67.6605,45.6375],[-67.7175,45.6855],[-67.8,45.7],[-67.811,45.7665],[-67.773,45.828],[-67.799,45.8755],[-67.7845,45.96],[-67.7895,46.229],[-67.805,47.0355],[-67.9625,47.1975],[-68.197,47.3415],[-68.2995,47.368],[-68.3855,47.3015],[-68.5395,47.3],[-68.644,47.2455],[-68.762,47.237],[-68.906,47.19],[-69.04,47.249],[-69.0635,47.291],[-69.054,47.4185],[-69.222,47.4595],[-69.2675,47.44],[-70.008,46.704],[-70.0745,46.4195],[-70.1885,46.3585],[-70.281,46.212],[-70.244,46.141],[-70.3115,46.072],[-70.317,45.999],[-70.2625,45.923],[-70.417,45.794],[-70.4075,45.7315],[-70.5895,45.652],[-70.687,45.5725],[-70.723,45.471],[-70.6505,45.4275],[-70.6965,45.3885],[-70.772,45.43],[-70.834,45.393],[-70.8355,45.31],[-70.907,45.246],[-70.9515,45.332],[-71.085,45.3045]]],[[[-68.642,44.26],[-68.6905,44.26],[-68.7165,44.1675],[-68.623,44.1715],[-68.642,44.26]]],[[[-68.245,44.4245],[-68.355,44.4235],[-68.435,44.3],[-68.414,44.2585],[-68.1765,44.3285],[-68.245,44.4245]]]]},"properties":{"name":"Maine","admin":"United States of America"}},
{"type":"Feature","geometry":{"type":"MultiPolygon","coordinates":[[[[-67.176,45.1785],[-67.0865,45.0975],[-67.021,45.1685],[-66.9435,45.19],[-66.8695,45.144],[-66.9085,45.0985],[-66.746,45.0645],[-66.491,45.1555],[-66.429,45.0835],[-66.1895,45.178],[-66.1285,45.279],[-66.0395,45.285],[-65.9955,45.2305],[-65.9095,45.2105],[-65.7825,45.262],[-65.545,45.3295],[-65.315,45.459],[-65.1845,45.5105],[-64.9945,45.559],[-64.883,45.6335],[-64.7565,45.628],[-64.676,45.7515],[-64.5855,45.826],[-64.4195,45.791],[-64.347,45.8885],[-64.2735,45.8355],[-64.1595,45.964],[-64.0425,45.992],[-64.064,46.062],[-63.9055,46.058],[-63.792,46.0995],[-63.813,46.1405],[-64.0225,46.1855],[-64.1515,46.1665],[-64.2535,46.2345],[-64.514,46.2395],[-64.6275,46.3335],[-64.6135,46.4195],[-64.6685,46.471],[-64.72,46.5765],[-64.7135,46.687],[-64.865,46.783],[-64.906,46.887],[-64.8065,46.9855],[-64.8255,47.089],[-65.063,47.0905],[-65.149,47.0535],[-65.203,47.0945],[-65.3315,47.1005],[-65.1225,47.2025],[-65.043,47.275],[-64.9595,47.2945],[-64.868,47.4855],[-64.892,47.5615],[-64.7575,47.6865],[-64.685,47.7225],[-64.8265,47.8155],[-64.99,47.7905],[-65.0255,47.8495],[-65.2095,47.8195],[-65.3635,47.762],[-65.4775,47.6835],[-65.629,47.6705],[-65.6895,47.7245],[-65.741,47.8485],[-65.818,47.9075],[-65.971,47.924],[-66.262,48.006],[-66.386,48.075],[-66.7315,47.9865],[-66.843,47.997],[-66.9385,47.968],[-66.9615,47.8945],[-67.073,47.9265],[-67.203,47.8855],[-67.32,47.896],[-67.351,47.8495],[-67.497,47.912],[-67.606,47.938],[-67.613,47.9975],[-68.1135,47.9975],[-68.1135,47.9285],[-68.378,47.9285],[-68.387,47.5585],[-68.5525,47.437],[-68.7645,47.3625],[-69.0635,47.291],[-69.04,47.249],[-68.906,47.19],[-68.762,47.237],[-68.644,47.2455],[-68.5395,47.3],[-68.3855,47.3015],[-68.2995,47.368],[-68.197,47.3415],[-67.9625,47.1975],[-67.805,47.0355],[-67.7895,46.229],[-67.7845,45.96],[-67.799,45.8755],[-67.773,45.828],[-67.811,45.7665],[-67.8,45.7],[-67.7175,45.6855],[-67.6605,45.6375],[-67.45,45.611],[-67.426,45.5335],[-67.493,45.493],[-67.429,45.387],[-67.475,45.2825],[-67.3565,45.166],[-67.2425,45.2025],[-67.176,45.1785]]],[[[-66.8615,44.727],[-66.839,44.6505],[-66.721,44.663],[-66.7915,44.799],[-66.8615,44.727]]],[[[-64.5045,47.89],[-64.6585,47.8755],[-64.6965,47.821],[-64.5935,47.7655],[-64.509,47.8445],[-64.5045,47.89]]]]},"properties":{"name":"New Brunswick","admin":"Canada"}},
{"type":"Feature","geometry":{"type":"Polygon","coordinates":[[[-114.8195,32.4995],[-113.9615,32.234],[-113.143,31.981],[-112.3245,31.728],[-111.506,31.475],[-111.067,31.3335],[-111.0065,31.327],[-109.9665,31.327],[-109.0475,31.3275],[-109.0475,31.687],[-109.0475,32.395],[-109.047,32.9265],[-109.047,33.458],[-109.047,33.989],[-109.047,34.5205],[-109.047,35.229],[-109.047,35.76],[-109.0465,36.2915],[-109.0465,37],[-109.827,37.0005],[-110.763,37.001],[-111.2315,37.001],[-112.0115,37.002],[-112.4795,37.002],[-113.416,37.0025],[-114.04,37.003],[-114.042,36.22],[-114.124,36.046],[-114.2335,36.0245],[-114.3475,36.14],[-114.4355,36.1275],[-114.555,36.1605],[-114.721,36.0925],[-114.7395,35.986],[-114.667,35.874],[-114.6935,35.8225],[-114.6865,35.7195],[-114.645,35.6305],[-114.6675,35.517],[-114.591,35.353],[-114.5725,35.191],[-114.6355,35.137],[-114.628,35.0035],[-114.617,34.8795],[-114.5425,34.768],[-114.4945,34.7535],[-114.367,34.53],[-114.364,34.467],[-114.125,34.328],[-114.1275,34.2795],[-114.244,34.1935],[-114.382,34.1235],[-114.417,34.0485],[-114.522,33.9415],[-114.503,33.7545],[-114.536,33.562],[-114.626,33.437],[-114.7175,33.4165],[-114.7215,33.3065],[-114.673,33.205],[-114.6965,33.0895],[-114.6275,33.041],[-114.5365,33.0355],[-114.4735,32.9855],[-114.458,32.8765],[-114.522,32.807],[-114.536,32.738],[-114.683,32.748],[-114.7245,32.713],[-114.8025,32.5945],[-114.8195,32.4995]]]},"properties":{"name":"Arizona","admin":"United States of America"}},
{"type":"Feature","geometry":{"type":"MultiPolygon","coordinates":[[[[-114.8195,32.4995],[-114.906,32.4915],[-114.9685,32.416],[-114.9815,32.3415],[-115.0395,32.277],[-114.956,32.1415],[-114.9795,32.074],[-114.9335,32.005],[-114.9335,31.909],[-114.7935,31.8165],[-114.677,31.764],[-114.5845,31.761],[-114.4945,31.6775],[-114.3275,31.5945],[-114.288,31.5525],[-114.159,31.4945],[-114.029,31.4915],[-113.963,31.563],[-113.8755,31.5965],[-113.7745,31.5635],[-113.6595,31.4975],[-113.6095,31.353],[-113.549,31.2955],[-113.117,31.2175],[-113.0485,31.1565],[-113.056,31.0305],[-113.1,30.979],[-113.129,30.8125],[-113.08,30.6705],[-112.9865,30.5325],[-112.8705,30.4285],[-112.8485,30.2885],[-112.753,30.186],[-112.759,30.059],[-112.7305,30.0135],[-112.7515,29.9245],[-112.6865,29.908],[-112.536,29.688],[-112.506,29.617],[-112.432,29.561],[-112.378,29.4855],[-112.42,29.376],[-112.357,29.319],[-112.2635,29.33],[-112.2115,29.253],[-112.227,29.1885],[-112.165,29.11],[-112.184,29.084],[-112.1505,28.963],[-112.1055,28.9575],[-112.0305,28.8615],[-111.9675,28.8415],[-111.8945,28.7805],[-111.9205,28.72],[-111.7605,28.584],[-111.7085,28.46],[-111.4735,28.381],[-111.439,28.3085],[-111.2505,28.052],[-111.172,27.99],[-111.059,27.937],[-110.9995,27.964],[-110.863,27.8765],[-110.808,27.928],[-110.671,27.8985],[-110.5865,27.837],[-110.589,27.7225],[-110.6265,27.6085],[-110.555,27.385],[-110.4995,27.3935],[-110.4035,27.2455],[-110.2875,27.1485],[-110.091,27.1025],[-109.982,27.115],[-109.917,27.06],[-109.911,26.952],[-109.8565,26.801],[-109.7685,26.7065],[-109.6945,26.678],[-109.55,26.728],[-109.4415,26.7145],[-109.4285,26.672],[-109.2555,26.498],[-109.239,26.4195],[-109.253,26.349],[-109.1565,26.364],[-109.1395,26.332],[-109.13,26.3485],[-108.805,26.5785],[-108.5075,26.8015],[-108.4665,26.98],[-108.5025,27.0295],[-108.574,27.0435],[-108.6775,27.1835],[-108.6815,27.252],[-108.6375,27.314],[-108.6655,27.393],[-108.67,27.538],[-108.7785,27.622],[-108.7625,27.675],[-108.8715,27.757],[-108.9065,27.836],[-109.0205,27.907],[-109.1455,28.1775],[-109.1435,28.217],[-109.069,28.2765],[-108.88,28.289],[-108.6575,28.24],[-108.54,28.32],[-108.6455,28.6075],[-108.6105,28.7425],[-108.624,28.771],[-108.708,29.401],[-108.6135,29.4075],[-108.5555,29.9985],[-108.537,30.0385],[-108.5835,30.5065],[-108.6945,30.6],[-108.7995,30.636],[-109.0275,30.8005],[-109.043,30.8285],[-108.9685,31.3275],[-109.0475,31.3275],[-109.9665,31.327],[-111.0065,31.327],[-111.067,31.3335],[-111.506,31.475],[-112.3245,31.728],[-113.143,31.981],[-113.9615,32.234],[-114.8195,32.4995]]],[[[-112.2745,28.7685],[-112.1955,29.0215],[-112.2725,29.1375],[-112.2815,29.2255],[-112.4385,29.202],[-112.4805,29.155],[-112.5005,29.0755],[-112.486,28.9715],[-112.583,28.8755],[-112.382,28.774],[-112.2745,28.7685]]],[[[-114.786,31.803],[-114.798,31.7565],[-114.7155,31.695],[-114.6695,31.721],[-114.786,31.803]]],[[[-109.2315,26.2635],[-109.1565,26.308],[-109.2255,26.3345],[-109.2315,26.2635]]]]},"properties":{"name":"Sonora","admin":"Mexico"}},
{"type":"Feature","geometry":{"type":"MultiPolygon","coordinates":[[[[-114.7245,32.713],[-115.2795,32.671],[-115.794,32.632],[-116.5295,32.5765],[-117.125,32.5315],[-117.1185,32.4545],[-117.025,32.277],[-116.9485,32.247],[-116.887,32.132],[-116.8755,32.0345],[-116.8425,31.9865],[-116.77,31.978],[-116.755,31.9095],[-116.6195,31.8575],[-116.6195,31.7715],[-116.6685,31.697],[-116.648,31.659],[-116.6755,31.5525],[-116.53,31.4405],[-116.454,31.3385],[-116.3415,31.2195],[-116.3095,31.1485],[-116.3355,30.9565],[-116.2495,30.957],[-116.176,30.86],[-116.068,30.813],[-116.037,30.73],[-116.031,30.627],[-116.0495,30.4795],[-116.0045,30.359],[-115.933,30.4],[-115.8375,30.3465],[-115.7985,30.2405],[-115.7835,30.0925],[-115.811,29.968],[-115.729,29.935],[-115.686,29.8305],[-115.6975,29.756],[-115.5935,29.692],[-115.4985,29.6115],[-115.452,29.62],[-115.3715,29.557],[-115.2855,29.53],[-115.187,29.4285],[-114.972,29.378],[-114.7855,29.194],[-114.722,29.1175],[-114.6315,29.0945],[-114.53,28.9255],[-114.4765,28.929],[-114.4025,28.86],[-114.348,28.764],[-114.2755,28.696],[-114.272,28.659],[-114.166,28.647],[-114.16,28.566],[-114.1105,28.562],[-114.0425,28.4585],[-114.125,28.2555],[-114.0575,28.2065],[-114.113,28.1205],[-114.063,28.0005],[-113.655,28.001],[-112.7635,27.9995],[-112.812,28.1205],[-112.794,28.1905],[-112.872,28.2835],[-112.8495,28.3825],[-112.9025,28.4755],[-113.0015,28.4555],[-113.103,28.5045],[-113.1315,28.6045],[-113.194,28.744],[-113.196,28.792],[-113.2605,28.84],[-113.3545,28.8005],[-113.379,28.9],[-113.4785,28.946],[-113.525,28.8915],[-113.5615,29.0235],[-113.536,29.0515],[-113.6565,29.2185],[-113.623,29.2525],[-113.771,29.408],[-113.8325,29.435],[-113.9815,29.568],[-114.0465,29.5965],[-114.271,29.772],[-114.3395,29.7445],[-114.392,29.783],[-114.4275,29.9075],[-114.533,29.968],[-114.5805,30.0725],[-114.6605,30.1835],[-114.6295,30.425],[-114.6495,30.5545],[-114.6985,30.637],[-114.687,30.745],[-114.7205,30.941],[-114.8325,31.0065],[-114.8885,31.163],[-114.875,31.3285],[-114.8525,31.3895],[-114.853,31.5265],[-114.7805,31.656],[-114.828,31.79],[-114.9335,31.909],[-114.9335,32.005],[-114.9795,32.074],[-114.956,32.1415],[-115.0395,32.277],[-114.9815,32.3415],[-114.9685,32.416],[-114.906,32.4915],[-114.8195,32.4995],[-114.8025,32.5945],[-114.7245,32.713]]],[[[-115.195,28.3415],[-115.2625,28.299],[-115.24,28.2335],[-115.334,28.125],[-115.2065,28.038],[-115.1555,28.1705],[-115.1625,28.2615],[-115.195,28.3415]]],[[[-113.138,29.065],[-113.1745,29.129],[-113.183,29.2895],[-113.2555,29.2855],[-113.3705,29.31],[-113.35,29.384],[-113.395,29.4595],[-113.477,29.532],[-113.549,29.533],[-113.589,29.4095],[-113.354,29.1705],[-113.3005,29.145],[-113.2295,29.0595],[-113.138,29.065]]],[[[-118.2515,29.0895],[-118.2965,29.186],[-118.357,29.1495],[-118.3555,29.067],[-118.3045,28.998],[-118.2835,28.8925],[-118.226,28.915],[-118.2205,29.015],[-118.2515,29.0895]]]]},"properties":{"name":"Baja California","admin":"Mexico"}},
{"type":"Feature","geometry":{"type":"MultiPolygon","coordinates":[[[[-114.7245,32.713],[-114.683,32.748],[-114.536,32.738],[-114.522,32.807],[-114.458,32.8765],[-114.4735,32.9855],[-114.5365,33.0355],[-114.6275,33.041],[-114.6965,33.0895],[-114.673,33.205],[-114.7215,33.3065],[-114.7175,33.4165],[-114.626,33.437],[-114.536,33.562],[-114.503,33.7545],[-114.522,33.9415],[-114.417,34.0485],[-114.382,34.1235],[-114.244,34.1935],[-114.1275,34.2795],[-114.125,34.328],[-114.364,34.467],[-114.367,34.53],[-114.4945,34.7535],[-114.5425,34.768],[-114.617,34.8795],[-114.628,35.0035],[-115.194,35.438],[-115.535,35.7055],[-116.1775,36.2105],[-116.6595,36.589],[-117.393,37.14],[-118.126,37.6915],[-118.829,38.182],[-119.2975,38.509],[-120,38.999],[-120,39.618],[-120.0005,40.351],[-120.0005,40.7175],[-120.0005,41.45],[-120.001,41.9995],[-120.7855,41.9995],[-121.8315,41.9995],[-122.6165,41.9995],[-123.401,41.9995],[-124.2145,41.9995],[-124.219,41.85],[-124.263,41.7765],[-124.1595,41.7365],[-124.103,41.6025],[-124.062,41.436],[-124.1245,41.182],[-124.163,41.139],[-124.1105,41.0155],[-124.214,40.7015],[-124.274,40.7],[-124.386,40.5095],[-124.409,40.444],[-124.3485,40.319],[-124.3635,40.2615],[-124.116,40.107],[-123.854,39.8335],[-123.796,39.692],[-123.77,39.5445],[-123.8165,39.444],[-123.825,39.3475],[-123.768,39.194],[-123.7355,39.159],[-123.689,39.028],[-123.725,38.9605],[-123.6485,38.8495],[-123.4335,38.687],[-123.2525,38.5105],[-123.1285,38.4495],[-123.0295,38.3125],[-122.9745,38.266],[-122.9495,38.144],[-123.016,38.0005],[-122.921,38.035],[-122.8215,37.9975],[-122.7275,37.903],[-122.6725,37.9065],[-122.5285,37.8165],[-122.439,37.882],[-122.5035,37.925],[-122.4875,38.105],[-122.3965,38.153],[-122.2715,38.0745],[-122.121,38.06],[-122.055,38.1335],[-121.9715,38.075],[-122.148,38.0235],[-122.227,38.0585],[-122.395,37.9705],[-122.329,37.908],[-122.2955,37.8315],[-122.3315,37.7825],[-122.249,37.7485],[-122.163,37.6645],[-122.1465,37.579],[-122.183,37.5075],[-122.258,37.5715],[-122.3585,37.593],[-122.3925,37.7105],[-122.3545,37.73],[-122.419,37.811],[-122.515,37.781],[-122.4945,37.665],[-122.5205,37.5315],[-122.463,37.4965],[-122.4005,37.3595],[-122.4185,37.2525],[-122.4045,37.1945],[-122.1535,36.977],[-122.061,36.949],[-121.937,36.9785],[-121.86,36.9275],[-121.79,36.806],[-121.8145,36.683],[-121.87,36.607],[-121.9375,36.639],[-121.9465,36.492],[-121.8955,36.314],[-121.8355,36.249],[-121.729,36.198],[-121.63,36.113],[-121.5665,36.02],[-121.49,35.982],[-121.463,35.8865],[-121.337,35.7865],[-121.269,35.664],[-121.1695,35.637],[-121.102,35.5495],[-121.0055,35.4605],[-120.908,35.448],[-120.871,35.4055],[-120.868,35.3305],[-120.8975,35.25],[-120.791,35.179],[-120.7065,35.174],[-120.645,35.1395],[-120.6335,35.035],[-120.673,34.9075],[-120.6155,34.858],[-120.64,34.7585],[-120.603,34.705],[-120.648,34.5855],[-120.51,34.5215],[-120.4725,34.4505],[-120.1335,34.4725],[-120.01,34.461],[-119.8785,34.4065],[-119.733,34.3975],[-119.617,34.4205],[-119.453,34.3685],[-119.2695,34.255],[-119.217,34.1455],[-118.937,34.043],[-118.7835,34.022],[-118.544,34.039],[-118.4445,33.9495],[-118.3915,33.836],[-118.412,33.7415],[-118.301,33.71],[-118.2545,33.7655],[-118.1525,33.759],[-118.0905,33.731],[-117.9785,33.636],[-117.7765,33.5295],[-117.509,33.335],[-117.322,33.1085],[-117.275,32.9935],[-117.2535,32.885],[-117.2835,32.8375],[-117.2575,32.7015],[-117.1665,32.6695],[-117.125,32.5315],[-116.5295,32.5765],[-115.794,32.632],[-115.2795,32.671],[-114.7245,32.713]]],[[[-118.359,32.828],[-118.4835,32.9215],[-118.577,33.0325],[-118.607,33.031],[-118.499,32.8505],[-118.425,32.8025],[-118.359,32.828]]],[[[-118.5155,33.423],[-118.4635,33.3235],[-118.3085,33.3365],[-118.369,33.4085],[-118.5155,33.423]]],[[[-120.044,34.0375],[-120.2175,34.0105],[-120.1755,33.922],[-120.11,33.893],[-119.9995,33.9415],[-120.044,34.0375]]],[[[-119.5295,34.025],[-119.633,34.0135],[-119.8565,34.0705],[-119.887,34.009],[-119.851,33.9675],[-119.7195,33.959],[-119.5595,33.9945],[-119.5295,34.025]]]]},"properties":{"name":"California","admin":"United States of America"}},
{"type":"Feature","geometry":{"type":"Polygon","coordinates":[[[-108.9685,31.3275],[-108.215,31.3275],[-108.215,31.778],[-107.2835,31.7755],[-106.517,31.774],[-106.506,31.7705],[-106.5915,31.827],[-106.662,32.0005],[-105.9535,32.0005],[-105.509,32.001],[-104.8425,32.001],[-103.954,32.0015],[-103.0655,32.0015],[-103.0605,32.975],[-103.0575,33.531],[-103.055,33.948],[-103.0505,34.782],[-103.0475,35.338],[-103.043,36.172],[-103.042,36.4995],[-103,36.5],[-103.001,37],[-103.5675,37],[-104.512,37],[-105.079,37],[-105.8345,37],[-106.5905,37],[-107.1575,37],[-107.913,37],[-108.48,37],[-109.0465,37],[-109.0465,36.2915],[-109.047,35.76],[-109.047,35.229],[-109.047,34.5205],[-109.047,33.989],[-109.047,33.458],[-109.047,32.9265],[-109.0475,32.395],[-109.0475,31.687],[-109.0475,31.3275],[-108.9685,31.3275]]]},"properties":{"name":"New Mexico","admin":"United States of America"}},
{"type":"Feature","geometry":{"type":"Polygon","coordinates":[[[-108.9685,31.3275],[-109.043,30.8285],[-109.0275,30.8005],[-108.7995,30.636],[-108.6945,30.6],[-108.5835,30.5065],[-108.537,30.0385],[-108.5555,29.9985],[-108.6135,29.4075],[-108.708,29.401],[-108.624,28.771],[-108.6105,28.7425],[-108.6455,28.6075],[-108.54,28.32],[-108.6575,28.24],[-108.88,28.289],[-109.069,28.2765],[-109.1435,28.217],[-109.1455,28.1775],[-109.0205,27.907],[-108.9065,27.836],[-108.8715,27.757],[-108.7625,27.675],[-108.7785,27.622],[-108.67,27.538],[-108.6655,27.393],[-108.6375,27.314],[-108.6815,27.252],[-108.6775,27.1835],[-108.574,27.0435],[-108.5025,27.0295],[-108.4665,26.98],[-108.3745,27.0775],[-108.254,27.041],[-108.1975,26.971],[-108.045,26.931],[-107.9995,26.8145],[-107.853,26.6465],[-107.835,26.5995],[-107.7855,26.2155],[-107.759,26.195],[-107.414,26.13],[-107.344,26.084],[-107.314,25.966],[-107.2595,25.8695],[-107.1265,25.793],[-107.076,25.7295],[-106.937,25.6415],[-106.759,25.6205],[-106.721,25.633],[-106.5445,25.78],[-106.525,25.993],[-106.4265,26.039],[-106.3785,26.1315],[-106.3815,26.203],[-106.4275,26.3015],[-106.4015,26.381],[-106.227,26.429],[-106.1945,26.4785],[-106.225,26.5595],[-106.17,26.6125],[-106.158,26.742],[-106.092,26.735],[-106.0275,26.8385],[-105.8085,26.6935],[-105.6805,26.699],[-105.556,26.573],[-105.3275,26.4595],[-105.117,26.5525],[-105.0435,26.468],[-104.988,26.5035],[-104.8335,26.487],[-104.672,26.4115],[-104.598,26.351],[-104.52,26.3715],[-104.2345,26.723],[-104.1155,26.773],[-103.9415,26.7605],[-103.6275,26.644],[-103.737,27.062],[-103.892,27.64],[-103.9635,27.919],[-103.8875,28.04],[-103.64,28.465],[-103.3115,29.026],[-103.372,29.0235],[-103.4785,29.082],[-103.5415,29.149],[-103.673,29.1735],[-103.7775,29.2355],[-103.794,29.2775],[-103.928,29.293],[-104.0575,29.339],[-104.1945,29.449],[-104.267,29.5265],[-104.349,29.5375],[-104.444,29.589],[-104.531,29.668],[-104.5705,29.7875],[-104.6195,29.833],[-104.6805,29.9425],[-104.699,30.0315],[-104.6815,30.193],[-104.7495,30.2645],[-104.8525,30.439],[-104.8865,30.552],[-105.0085,30.677],[-105.087,30.71],[-105.2295,30.81],[-105.364,30.8505],[-105.556,31.0025],[-105.591,31.0715],[-105.768,31.18],[-105.862,31.2885],[-106.0045,31.397],[-106.1645,31.448],[-106.209,31.4775],[-106.2865,31.58],[-106.3585,31.7175],[-106.506,31.7705],[-106.517,31.774],[-107.2835,31.7755],[-108.215,31.778],[-108.215,31.3275],[-108.9685,31.3275]]]},"properties":{"name":"Chihuahua","admin":"Mexico"}},
{"type":"Feature","geometry":{"type":"MultiPolygon","coordinates":[[[[-103.3115,29.026],[-103.148,28.985],[-103.1045,29.058],[-103.016,29.127],[-102.9885,29.177],[-102.897,29.2205],[-102.883,29.344],[-102.8375,29.3665],[-102.841,29.4385],[-102.7795,29.5925],[-102.6835,29.7435],[-102.5155,29.7845],[-102.406,29.7775],[-102.3745,29.848],[-102.302,29.8895],[-102.1095,29.802],[-101.972,29.818],[-101.632,29.7755],[-101.554,29.7965],[-101.4095,29.766],[-101.3645,29.6765],[-101.219,29.6105],[-101.2265,29.5545],[-101.1635,29.5015],[-101.038,29.46],[-101.016,29.39],[-100.816,29.271],[-100.7625,29.174],[-100.669,29.116],[-100.6245,28.9245],[-100.519,28.805],[-100.494,28.7085],[-100.397,28.5925],[-100.3515,28.4965],[-100.2845,28.2965],[-100.1975,28.207],[-100.075,28.1545],[-100.0005,28.0205],[-99.879,27.902],[-99.8635,27.8045],[-99.807,27.7715],[-99.7105,27.67],[-99.6,27.6465],[-99.507,27.574],[-99.5095,27.5],[-99.473,27.4265],[-99.4975,27.339],[-99.432,27.2075],[-99.4615,27.057],[-99.3995,27.0125],[-99.377,26.954],[-99.2485,26.827],[-99.181,26.63],[-99.165,26.5405],[-99.115,26.5255],[-99.0855,26.4075],[-98.963,26.3995],[-98.893,26.368],[-98.796,26.3685],[-98.74,26.3035],[-98.6405,26.242],[-98.5815,26.2625],[-98.3695,26.194],[-98.3005,26.1115],[-98.2225,26.0755],[-97.9415,26.057],[-97.802,26.0635],[-97.6795,26.0345],[-97.5205,25.913],[-97.4255,25.855],[-97.3455,25.852],[-97.355,25.913],[-97.253,25.9635],[-97.1395,25.966],[-97.143,26.048],[-97.236,25.984],[-97.2465,26.0705],[-97.3105,26.1235],[-97.3085,26.201],[-97.361,26.286],[-97.352,26.354],[-97.448,26.42],[-97.425,26.535],[-97.4885,26.775],[-97.555,26.825],[-97.55,27.009],[-97.4805,27.022],[-97.497,27.106],[-97.446,27.1325],[-97.44,27.272],[-97.521,27.232],[-97.6295,27.2445],[-97.74,27.3935],[-97.7175,27.4275],[-97.63,27.3],[-97.534,27.352],[-97.4225,27.328],[-97.3295,27.5495],[-97.263,27.6795],[-97.356,27.742],[-97.3855,27.83],[-97.487,27.8355],[-97.521,27.873],[-97.267,27.8795],[-97.184,27.8365],[-97.025,28.0415],[-97.106,28.071],[-97.13,28.017],[-97.2175,28.075],[-97.1575,28.134],[-97.0075,28.1945],[-97.02,28.14],[-96.945,28.1265],[-96.88,28.1505],[-96.7825,28.2415],[-96.781,28.332],[-96.8445,28.4155],[-96.7775,28.4375],[-96.706,28.3885],[-96.6535,28.3195],[-96.404,28.435],[-96.5205,28.549],[-96.582,28.579],[-96.6455,28.687],[-96.5905,28.7205],[-96.5595,28.6545],[-96.447,28.6355],[-96.39,28.6885],[-96.346,28.6355],[-96.2605,28.6885],[-96.205,28.5865],[-95.8175,28.7325],[-95.689,28.7365],[-95.602,28.764],[-95.419,28.8725],[-95.3795,28.8805],[-95.26,28.982],[-95.159,29.0455],[-95.159,29.1525],[-95.065,29.204],[-94.889,29.376],[-94.943,29.422],[-94.984,29.514],[-95.024,29.542],[-95.0155,29.7205],[-94.876,29.666],[-94.8265,29.768],[-94.7445,29.782],[-94.6925,29.6965],[-94.755,29.5245],[-94.6055,29.5525],[-94.6545,29.452],[-94.06,29.682],[-93.876,29.675],[-93.876,29.7235],[-93.9325,29.776],[-93.9245,29.8655],[-93.854,29.9865],[-93.7985,29.9855],[-93.717,30.08],[-93.704,30.144],[-93.715,30.2875],[-93.7525,30.3925],[-93.7065,30.455],[-93.7305,30.5655],[-93.687,30.6005],[-93.574,30.8195],[-93.574,30.8985],[-93.538,30.944],[-93.5775,31.0085],[-93.515,31.042],[-93.5595,31.097],[-93.5485,31.1925],[-93.5925,31.1925],[-93.678,31.3305],[-93.655,31.3705],[-93.827,31.588],[-93.8145,31.713],[-93.84,31.7905],[-93.904,31.883],[-94.043,31.998],[-94.0425,32.4245],[-94.0415,33.011],[-94.0475,33.554],[-94.101,33.5815],[-94.3,33.595],[-94.3875,33.562],[-94.484,33.6475],[-94.533,33.65],[-94.7555,33.7335],[-94.8725,33.756],[-94.9815,33.8615],[-95.0475,33.876],[-95.1545,33.944],[-95.2205,33.963],[-95.2685,33.9045],[-95.357,33.868],[-95.537,33.89],[-95.598,33.952],[-95.7725,33.862],[-95.8605,33.854],[-95.938,33.8955],[-96.04,33.8435],[-96.1565,33.821],[-96.2025,33.7635],[-96.2895,33.763],[-96.329,33.702],[-96.4105,33.7865],[-96.4965,33.7865],[-96.582,33.8385],[-96.601,33.905],[-96.6495,33.916],[-96.692,33.8545],[-96.8555,33.875],[-96.9145,33.956],[-97.0785,33.808],[-97.094,33.7425],[-97.1675,33.7375],[-97.2005,33.7865],[-97.1775,33.869],[-97.212,33.91],[-97.3715,33.8305],[-97.4525,33.8355],[-97.4695,33.892],[-97.571,33.899],[-97.603,33.979],[-97.68,33.9835],[-97.801,33.888],[-97.884,33.8615],[-97.959,33.893],[-97.9465,33.977],[-98.0885,34.028],[-98.0905,34.1385],[-98.2095,34.129],[-98.3435,34.1435],[-98.4165,34.079],[-98.4905,34.075],[-98.5745,34.1515],[-98.72,34.1365],[-98.8775,34.171],[-98.953,34.2115],[-99.0285,34.2045],[-99.193,34.232],[-99.192,34.322],[-99.2655,34.4115],[-99.3875,34.4515],[-99.4015,34.3865],[-99.5475,34.4125],[-99.6015,34.385],[-99.681,34.3945],[-99.882,34.565],[-99.9995,34.5755],[-100,35.0865],[-100.001,35.541],[-100.0025,36.5],[-100.748,36.5],[-101.8075,36.5],[-102.32,36.5],[-103,36.5],[-103.042,36.4995],[-103.043,36.172],[-103.0475,35.338],[-103.0505,34.782],[-103.055,33.948],[-103.0575,33.531],[-103.0605,32.975],[-103.0655,32.0015],[-103.954,32.0015],[-104.8425,32.001],[-105.509,32.001],[-105.9535,32.0005],[-106.662,32.0005],[-106.5915,31.827],[-106.506,31.7705],[-106.3585,31.7175],[-106.2865,31.58],[-106.209,31.4775],[-106.1645,31.448],[-106.0045,31.397],[-105.862,31.2885],[-105.768,31.18],[-105.591,31.0715],[-105.556,31.0025],[-105.364,30.8505],[-105.2295,30.81],[-105.087,30.71],[-105.0085,30.677],[-104.8865,30.552],[-104.8525,30.439],[-104.7495,30.2645],[-104.6815,30.193],[-104.699,30.0315],[-104.6805,29.9425],[-104.6195,29.833],[-104.5705,29.7875],[-104.531,29.668],[-104.444,29.589],[-104.349,29.5375],[-104.267,29.5265],[-104.1945,29.449],[-104.0575,29.339],[-103.928,29.293],[-103.794,29.2775],[-103.7775,29.2355],[-103.673,29.1735],[-103.5415,29.149],[-103.4785,29.082],[-103.372,29.0235],[-103.3115,29.026]]],[[[-97.0755,27.8145],[-97.2305,27.651],[-97.3705,27.3485],[-97.39,27.2455],[-97.3515,27.235],[-97.3205,27.3575],[-97.178,27.653],[-97.0755,27.8145]]],[[[-96.88,28.13],[-96.9725,28.01],[-96.938,27.983],[-96.85,28.071],[-96.88,28.13]]],[[[-96.4275,28.3935],[-96.4555,28.336],[-96.515,28.337],[-96.7105,28.2135],[-96.808,28.1875],[-96.781,28.1265],[-96.7025,28.1855],[-96.5225,28.2895],[-96.417,28.329],[-96.4275,28.3935]]],[[[-94.8145,29.353],[-94.943,29.223],[-95.0815,29.136],[-95.076,29.114],[-94.7245,29.333],[-94.8145,29.353]]]]},"properties":{"name":"Texas","admin":"United States of America"}},
{"type":"Feature","geometry":{"type":"Polygon","coordinates":[[[-103.3115,29.026],[-103.64,28.465],[-103.8875,28.04],[-103.9635,27.919],[-103.892,27.64],[-103.737,27.062],[-103.6275,26.644],[-103.3255,26.4085],[-103.285,26.3635],[-103.2815,26.2625],[-103.3455,26.124],[-103.3475,26.0215],[-103.32,25.6985],[-103.418,25.588],[-103.488,25.541],[-103.4835,25.4855],[-103.425,25.4275],[-103.4945,25.3525],[-103.509,25.298],[-103.388,25.1405],[-103.2755,25.072],[-103.2515,24.923],[-103.1395,24.848],[-102.972,24.8065],[-102.843,24.7285],[-102.8385,24.8985],[-102.816,24.9045],[-102.668,25.079],[-102.5825,25.125],[-102.1735,25.163],[-101.8605,25.0755],[-101.768,24.938],[-101.591,24.8825],[-101.5745,24.807],[-101.617,24.757],[-101.4615,24.7495],[-101.3415,24.812],[-101.2645,24.823],[-101.197,24.7965],[-101.0965,24.641],[-101.017,24.6025],[-100.925,24.6115],[-100.8285,24.565],[-100.7725,24.75],[-100.796,24.8935],[-100.7315,24.9625],[-100.8355,25.0415],[-100.7705,25.1475],[-100.6575,25.212],[-100.529,25.2295],[-100.3805,25.193],[-100.2595,25.209],[-100.212,25.2915],[-100.3035,25.345],[-100.452,25.3415],[-100.499,25.3975],[-100.5725,25.414],[-100.665,25.53],[-100.6565,25.6095],[-100.721,25.617],[-100.807,25.712],[-100.8465,25.7855],[-100.8475,25.957],[-100.9235,26],[-100.9345,26.0815],[-100.9905,26.15],[-101.039,26.157],[-101.1085,26.2835],[-101.2155,26.373],[-100.7525,26.732],[-100.7115,26.6175],[-100.643,26.6755],[-100.587,26.7645],[-100.556,26.8675],[-100.5535,27.0325],[-100.6715,27.098],[-100.715,27.0195],[-100.7995,27.0595],[-100.802,27.212],[-100.6275,27.328],[-100.435,27.3795],[-100.3845,27.6025],[-100.331,27.7005],[-100.182,27.7935],[-99.967,27.64],[-99.807,27.7715],[-99.8635,27.8045],[-99.879,27.902],[-100.0005,28.0205],[-100.075,28.1545],[-100.1975,28.207],[-100.2845,28.2965],[-100.3515,28.4965],[-100.397,28.5925],[-100.494,28.7085],[-100.519,28.805],[-100.6245,28.9245],[-100.669,29.116],[-100.7625,29.174],[-100.816,29.271],[-101.016,29.39],[-101.038,29.46],[-101.1635,29.5015],[-101.2265,29.5545],[-101.219,29.6105],[-101.3645,29.6765],[-101.4095,29.766],[-101.554,29.7965],[-101.632,29.7755],[-101.972,29.818],[-102.1095,29.802],[-102.302,29.8895],[-102.3745,29.848],[-102.406,29.7775],[-102.5155,29.7845],[-102.6835,29.7435],[-102.7795,29.5925],[-102.841,29.4385],[-102.8375,29.3665],[-102.883,29.344],[-102.897,29.2205],[-102.9885,29.177],[-103.016,29.127],[-103.1045,29.058],[-103.148,28.985],[-103.3115,29.026]]]},"properties":{"name":"Coahuila","admin":"Mexico"}},
{"type":"Feature","geometry":{"type":"Polygon","coordinates":[[[-99.7105,27.67],[-99.91,27.572],[-99.9035,27.5],[-99.778,27.482],[-99.74,27.3835],[-99.712,27.1995],[-99.68,27.135],[-99.728,26.993],[-99.7005,26.8965],[-99.63,26.884],[-99.5625,26.835],[-99.6095,26.732],[-99.571,26.6865],[-99.413,26.624],[-99.384,26.569],[-99.423,26.4645],[-99.4195,26.399],[-99.347,26.3935],[-99.2545,26.295],[-99.173,26.2795],[-99.152,26.084],[-99.02,26.093],[-98.889,25.971],[-98.81,26.06],[-98.569,25.9975],[-98.5555,25.9715],[-98.5545,25.622],[-98.561,25.5025],[-98.5395,25.4725],[-98.45,25.4685],[-98.4455,25.4245],[-98.8685,25.099],[-98.9555,25.0695],[-99.034,25.1195],[-99.1425,25.013],[-99.1475,24.9345],[-99.193,24.878],[-99.164,24.776],[-99.294,24.8265],[-99.4785,24.74],[-99.5,24.6745],[-99.5475,24.646],[-99.6505,24.639],[-99.737,24.5695],[-99.71,24.4725],[-99.6065,24.5125],[-99.575,24.3445],[-99.611,24.2205],[-99.6165,24.1375],[-99.593,24.065],[-99.4635,23.9575],[-99.5995,23.767],[-99.84,23.741],[-99.952,23.5275],[-99.906,23.375],[-100.043,23.4155],[-100.1255,23.356],[-100.055,23.314],[-100.0575,23.241],[-99.9885,23.092],[-99.9145,23.018],[-99.916,22.9575],[-100.04,22.8685],[-99.9875,22.7775],[-99.5545,22.621],[-99.499,22.705],[-99.449,22.646],[-99.379,22.6835],[-99.2485,22.459],[-98.9395,22.3725],[-98.8125,22.3625],[-98.7655,22.4055],[-98.616,22.4185],[-98.439,22.4325],[-98.3635,22.401],[-98.2975,22.4065],[-98.29,22.467],[-98.1975,22.4805],[-98.093,22.3725],[-97.963,22.3495],[-97.895,22.3075],[-97.913,22.2675],[-97.863,22.22],[-97.782,22.2735],[-97.82,22.4335],[-97.8895,22.6255],[-97.836,22.761],[-97.795,22.8085],[-97.7425,22.972],[-97.7685,23.26],[-97.758,23.4405],[-97.722,23.7395],[-97.7165,24.008],[-97.6515,24.516],[-97.459,25.1795],[-97.3195,25.39],[-97.2615,25.4995],[-97.165,25.7235],[-97.1675,25.8285],[-97.1395,25.966],[-97.253,25.9635],[-97.355,25.913],[-97.3455,25.852],[-97.4255,25.855],[-97.5205,25.913],[-97.6795,26.0345],[-97.802,26.0635],[-97.9415,26.057],[-98.2225,26.0755],[-98.3005,26.1115],[-98.3695,26.194],[-98.5815,26.2625],[-98.6405,26.242],[-98.74,26.3035],[-98.796,26.3685],[-98.893,26.368],[-98.963,26.3995],[-99.0855,26.4075],[-99.115,26.5255],[-99.165,26.5405],[-99.181,26.63],[-99.2485,26.827],[-99.377,26.954],[-99.3995,27.0125],[-99.4615,27.057],[-99.432,27.2075],[-99.4975,27.339],[-99.473,27.4265],[-99.5095,27.5],[-99.507,27.574],[-99.6,27.6465],[-99.7105,27.67]]]},"properties":{"name":"Tamaulipas","admin":"Mexico"}},
{"type":"Feature","geometry":{"type":"Polygon","coordinates":[[[-99.807,27.7715],[-99.967,27.64],[-100.182,27.7935],[-100.331,27.7005],[-100.3845,27.6025],[-100.435,27.3795],[-100.6275,27.328],[-100.802,27.212],[-100.7995,27.0595],[-100.715,27.0195],[-100.6715,27.098],[-100.5535,27.0325],[-100.556,26.8675],[-100.587,26.7645],[-100.643,26.6755],[-100.7115,26.6175],[-100.7525,26.732],[-101.2155,26.373],[-101.1085,26.2835],[-101.039,26.157],[-100.9905,26.15],[-100.9345,26.0815],[-100.9235,26],[-100.8475,25.957],[-100.8465,25.7855],[-100.807,25.712],[-100.721,25.617],[-100.6565,25.6095],[-100.665,25.53],[-100.5725,25.414],[-100.499,25.3975],[-100.452,25.3415],[-100.3035,25.345],[-100.212,25.2915],[-100.2595,25.209],[-100.3805,25.193],[-100.529,25.2295],[-100.6575,25.212],[-100.7705,25.1475],[-100.8355,25.0415],[-100.7315,24.9625],[-100.796,24.8935],[-100.7725,24.75],[-100.8285,24.565],[-100.6105,24.2835],[-100.604,24.026],[-100.58,23.9305],[-100.4875,23.8215],[-100.4945,23.6615],[-100.455,23.5135],[-100.471,23.418],[-100.4395,23.229],[-100.34,23.1895],[-100.327,23.254],[-100.0575,23.241],[-100.055,23.314],[-100.1255,23.356],[-100.043,23.4155],[-99.906,23.375],[-99.952,23.5275],[-99.84,23.741],[-99.5995,23.767],[-99.4635,23.9575],[-99.593,24.065],[-99.6165,24.1375],[-99.611,24.2205],[-99.575,24.3445],[-99.6065,24.5125],[-99.71,24.4725],[-99.737,24.5695],[-99.6505,24.639],[-99.5475,24.646],[-99.5,24.6745],[-99.4785,24.74],[-99.294,24.8265],[-99.164,24.776],[-99.193,24.878],[-99.1475,24.9345],[-99.1425,25.013],[-99.034,25.1195],[-98.9555,25.0695],[-98.8685,25.099],[-98.4455,25.4245],[-98.45,25.4685],[-98.5395,25.4725],[-98.561,25.5025],[-98.5545,25.622],[-98.5555,25.9715],[-98.569,25.9975],[-98.81,26.06],[-98.889,25.971],[-99.02,26.093],[-99.152,26.084],[-99.173,26.2795],[-99.2545,26.295],[-99.347,26.3935],[-99.4195,26.399],[-99.423,26.4645],[-99.384,26.569],[-99.413,26.624],[-99.571,26.6865],[-99.6095,26.732],[-99.5625,26.835],[-99.63,26.884],[-99.7005,26.8965],[-99.728,26.993],[-99.68,27.135],[-99.712,27.1995],[-99.74,27.3835],[-99.778,27.482],[-99.9035,27.5],[-99.91,27.572],[-99.7105,27.67],[-99.807,27.7715]]]},"properties":{"name":"Nuevo León","admin":"Mexico"}},
{"type":"Feature","geometry":{"type":"MultiPolygon","coordinates":[[[[-89.0445,19],[-87.6095,19],[-87.549,19.133],[-87.4955,19.3275],[-87.567,19.317],[-87.639,19.221],[-87.688,19.242],[-87.6555,19.373],[-87.5715,19.428],[-87.526,19.4065],[-87.433,19.492],[-87.423,19.558],[-87.5155,19.548],[-87.5645,19.568],[-87.6665,19.5525],[-87.7315,19.6005],[-87.7345,19.684],[-87.6285,19.7085],[-87.6005,19.7715],[-87.497,19.8295],[-87.4715,19.8845],[-87.4715,20.069],[-87.444,20.191],[-87.235,20.4925],[-87.1805,20.547],[-87.0675,20.619],[-86.8755,20.855],[-86.8235,21.02],[-86.7415,21.164],[-86.815,21.205],[-86.828,21.4335],[-86.925,21.446],[-86.998,21.566],[-87.0435,21.602],[-87.134,21.6195],[-87.13,21.5195],[-87.166,21.4725],[-87.238,21.443],[-87.474,21.467],[-87.54,21.4995],[-87.525,21.299],[-87.569,21.2105],[-87.585,21.111],[-87.539,21.018],[-87.534,20.9555],[-87.5965,20.841],[-87.6085,20.7755],[-87.675,20.648],[-87.9045,20.4865],[-88.014,20.4345],[-88.1065,20.4285],[-88.1605,20.459],[-88.2185,20.4325],[-88.2725,20.3435],[-88.374,20.3005],[-88.4455,20.1835],[-88.7075,20.081],[-88.79,20.019],[-88.8395,20.014],[-88.911,19.9485],[-89.0555,19.932],[-89.151,19.893],[-89.202,19.8415],[-89.369,19.82],[-89.37,19.755],[-89.4155,19.651],[-89.374,19.594],[-89.1345,19.405],[-89.037,19.289],[-89.0135,19.218],[-89.0205,19.0335],[-89.0445,19]]],[[[-86.749,20.592],[-86.8465,20.549],[-86.937,20.547],[-87.008,20.436],[-87.019,20.3325],[-86.9955,20.261],[-86.9265,20.3135],[-86.844,20.4375],[-86.797,20.4775],[-86.749,20.592]]]]},"properties":{"name":"Quintana Roo","admin":"Mexico"}},
{"type":"Feature","geometry":{"type":"Polygon","coordinates":[[[-91.2,19],[-89.0445,19],[-89.0205,19.0335],[-89.0135,19.218],[-89.037,19.289],[-89.1345,19.405],[-89.374,19.594],[-89.4155,19.651],[-89.4545,19.777],[-89.558,19.89],[-89.63,20.019],[-89.7585,20.088],[-89.8105,20.1375],[-89.87,20.2685],[-89.944,20.323],[-90.0185,20.4675],[-90.064,20.4125],[-90.169,20.4245],[-90.2365,20.51],[-90.374,20.5185],[-90.392,20.547],[-90.381,20.824],[-90.449,20.742],[-90.49,20.534],[-90.4745,20.4085],[-90.4885,20.312],[-90.4975,20.0675],[-90.467,20.0135],[-90.478,19.922],[-90.517,19.8815],[-90.6645,19.782],[-90.7095,19.6875],[-90.73,19.376],[-90.803,19.283],[-90.8565,19.2585],[-90.9355,19.163],[-91.0795,19.0875],[-91.2,19]]]},"properties":{"name":"Campeche","admin":"Mexico"}},
{"type":"Feature","geometry":{"type":"Polygon","coordinates":[[[-130.279,55],[-131,55],[-130.9325,54.94],[-130.934,54.8245],[-130.8665,54.773],[-130.777,54.8315],[-130.5805,54.8065],[-130.3655,54.9075],[-130.279,55]]]},"properties":{"name":"Alaska","admin":"United States of America"}},
{"type":"Feature","geometry":{"type":"Polygon","coordinates":[[[-104.266,19],[-103.485,19],[-103.525,19.0925],[-103.495,19.195],[-103.4965,19.316],[-103.6005,19.408],[-103.6355,19.487],[-103.6735,19.4885],[-103.744,19.427],[-103.8335,19.3975],[-104.025,19.487],[-104.056,19.537],[-104.122,19.4725],[-104.152,19.398],[-104.2145,19.3205],[-104.3845,19.2705],[-104.4205,19.288],[-104.5365,19.249],[-104.5925,19.1495],[-104.4515,19.1045],[-104.3545,19.112],[-104.304,19.0815],[-104.3315,19.0225],[-104.266,19]]]},"properties":{"name":"Colima","admin":"Mexico"}},
{"type":"Feature","geometry":{"type":"MultiPolygon","coordinates":[[[[-72.8505,20.0885],[-72.8445,20.0345],[-72.74,20.0025],[-72.668,20.0325],[-72.8025,20.087],[-72.8505,20.0885]]],[[[-73.121,19.629],[-73.114,19.6865],[-73.067,19.7335],[-72.906,19.717],[-72.8305,19.7295],[-72.768,19.78],[-72.6755,19.807],[-72.622,19.817],[-72.565,19.8755],[-72.674,19.9215],[-72.776,19.944],[-72.978,19.9125],[-73.1435,19.9205],[-73.3445,19.834],[-73.4325,19.779],[-73.468,19.725],[-73.4095,19.636],[-73.284,19.6255],[-73.221,19.6495],[-73.121,19.629]]]]},"properties":{"name":"Nord-Ouest","admin":"Haiti"}},
{"type":"Feature","geometry":{"type":"MultiPolygon","coordinates":[[[[-106.5125,21.597],[-106.5345,21.6575],[-106.642,21.6965],[-106.631,21.601],[-106.545,21.562],[-106.5125,21.597]]],[[[-105.291,20.685],[-105.267,20.699],[-105.153,20.8575],[-105.0945,20.918],[-104.9245,20.931],[-104.7975,21.0175],[-104.728,21.0095],[-104.621,20.923],[-104.523,20.9065],[-104.478,20.844],[-104.2855,20.708],[-104.271,20.8615],[-104.213,20.9725],[-104.2035,21.052],[-104.224,21.1695],[-104.2015,21.1985],[-104.0825,21.205],[-103.9825,21.2705],[-103.9445,21.375],[-104.2105,21.519],[-104.158,21.597],[-104.0985,21.7845],[-104.216,21.9165],[-104.3985,22.0855],[-104.3295,22.2645],[-104.3115,22.319],[-104.3345,22.475],[-104.477,22.417],[-104.5875,22.4595],[-104.629,22.5105],[-104.668,22.6255],[-104.7745,22.676],[-104.9705,22.5415],[-104.994,22.675],[-104.8885,22.7905],[-104.9455,22.9155],[-105.1315,23.017],[-105.2295,23.0375],[-105.3885,23.0335],[-105.435,23.033],[-105.472,22.9735],[-105.4525,22.9015],[-105.5715,22.7905],[-105.569,22.754],[-105.4865,22.684],[-105.442,22.55],[-105.466,22.495],[-105.5325,22.5],[-105.6135,22.5485],[-105.724,22.5095],[-105.655,22.2565],[-105.6575,22.0475],[-105.6325,21.9555],[-105.414,21.601],[-105.2635,21.5135],[-105.2,21.493],[-105.185,21.443],[-105.243,21.342],[-105.216,21.2045],[-105.2345,21.061],[-105.3095,21.0305],[-105.404,20.929],[-105.514,20.7705],[-105.411,20.734],[-105.3615,20.763],[-105.291,20.685]]]]},"properties":{"name":"Nayarit","admin":"Mexico"}},
{"type":"Feature","geometry":{"type":"MultiPolygon","coordinates":[[[[-72.9995,21.4515],[-72.9145,21.485],[-72.9915,21.562],[-73.076,21.507],[-73.052,21.448],[-72.9995,21.4515]]],[[[-73.647,21.0615],[-73.703,21.02],[-73.676,20.935],[-73.601,20.9465],[-73.4925,20.9245],[-73.347,20.964],[-73.2255,20.9525],[-73.13,20.9935],[-73.0975,21.0815],[-73.034,21.1565],[-73.0055,21.2915],[-73.053,21.3295],[-73.161,21.17],[-73.255,21.135],[-73.344,21.1655],[-73.398,21.225],[-73.4335,21.1935],[-73.5145,21.187],[-73.553,21.13],[-73.6335,21.0995],[-73.647,21.0615]]]]},"properties":{"name":"Inagua","admin":"The Bahamas"}},
{"type":"Feature","geometry":{"type":"Polygon","coordinates":[[[-72.337,21.801],[-72.2195,21.7705],[-72.308,21.852],[-72.337,21.801]]]},"properties":{"name":"Providenciales and West Caicos","admin":"Turks and Caicos Islands"}},
{"type":"Feature","geometry":{"type":"Polygon","coordinates":[[[-71.508,21.7055],[-71.4715,21.662],[-71.452,21.69],[-71.481,21.7255],[-71.508,21.7055]]]},"properties":{"name":"South Caicos and East Caicos","admin":"Turks and Caicos Islands"}},
{"type":"Feature","geometry":{"type":"Polygon","coordinates":[[[-71.803,21.788],[-71.741,21.795],[-71.631,21.7745],[-71.679,21.842],[-71.8095,21.84],[-71.803,21.788]]]},"properties":{"name":"Middle Caicos","admin":"Turks and Caicos Islands"}},
{"type":"Feature","geometry":{"type":"Polygon","coordinates":[[[-72.022,21.9045],[-71.9035,21.8665],[-71.911,21.9485],[-72.0085,21.959],[-72.022,21.9045]]]},"properties":{"name":"North Caicos","admin":"Turks and Caicos Islands"}},
{"type":"Feature","geometry":{"type":"Polygon","coordinates":[[[-73.139,22.3635],[-73.0735,22.342],[-72.9885,22.37],[-72.88,22.358],[-72.797,22.2935],[-72.755,22.3495],[-72.893,22.4045],[-72.9635,22.3975],[-73.063,22.4445],[-73.1145,22.4385],[-73.139,22.3635]]]},"properties":{"name":"Mayaguana","admin":"The Bahamas"}},
{"type":"Feature","geometry":{"type":"Polygon","coordinates":[[[-73.9955,22.6575],[-73.9845,22.5955],[-73.9135,22.5945],[-73.8585,22.657],[-73.845,22.72],[-73.9545,22.72],[-73.9955,22.6575]]]},"properties":{"name":"Acklins","admin":"The Bahamas"}},
{"type":"Feature","geometry":{"type":"MultiPolygon","coordinates":[[[[-114.0715,28.0005],[-114.0985,28.0005],[-114.1475,28],[-114.207,28],[-114.1345,27.877],[-114.173,27.827],[-114.141,27.731],[-114.1045,27.7075],[-113.994,27.75],[-113.9185,27.7195],[-113.9535,27.6555],[-114.0425,27.6795],[-114.103,27.621],[-114.151,27.6695],[-114.2825,27.736],[-114.2905,27.8335],[-114.3255,27.8745],[-114.499,27.774],[-114.6045,27.7745],[-114.9235,27.8365],[-115.053,27.822],[-115.0015,27.716],[-114.8865,27.695],[-114.7815,27.603],[-114.734,27.5215],[-114.5965,27.477],[-114.5065,27.406],[-114.4875,27.238],[-114.395,27.183],[-114.2905,27.1465],[-114.2365,27.1535],[-114.1145,27.1055],[-114.005,26.9775],[-113.96,26.998],[-113.8165,26.949],[-113.725,26.8],[-113.637,26.7255],[-113.543,26.719],[-113.504,26.7935],[-113.364,26.795],[-113.286,26.7495],[-113.264,26.8115],[-113.204,26.8535],[-113.1925,26.945],[-113.126,26.938],[-113.1375,26.8575],[-113.2125,26.7925],[-113.143,26.7575],[-113.057,26.65],[-113.0605,26.599],[-112.7285,26.37],[-112.689,26.3225],[-112.613,26.3165],[-112.4985,26.235],[-112.4425,26.2605],[-112.3435,26.178],[-112.293,26.0495],[-112.1985,25.995],[-112.131,25.8165],[-112.076,25.7135],[-112.063,25.6255],[-112.078,25.2585],[-112.1305,25.172],[-112.1425,25.086],[-112.1035,24.9405],[-112.124,24.874],[-112.088,24.7735],[-112.0115,24.7395],[-111.9665,24.7785],[-111.849,24.6535],[-111.813,24.506],[-111.679,24.5865],[-111.6195,24.473],[-111.5225,24.4045],[-111.4445,24.3245],[-111.2275,24.2175],[-111.0395,24.104],[-110.816,23.9085],[-110.6475,23.734],[-110.5775,23.6815],[-110.4045,23.6085],[-110.3075,23.541],[-110.1675,23.321],[-110.0985,23.0175],[-110.06,22.951],[-109.9545,22.872],[-109.8955,22.874],[-109.7315,22.9875],[-109.713,23.031],[-109.5315,23.108],[-109.463,23.195],[-109.4255,23.297],[-109.4265,23.4585],[-109.4765,23.56],[-109.68,23.648],[-109.7115,23.749],[-109.6985,23.7985],[-109.839,23.952],[-109.8035,24.022],[-109.8285,24.063],[-109.9315,24.0295],[-109.9875,24.0465],[-110.018,24.1695],[-110.173,24.253],[-110.2325,24.343],[-110.3325,24.329],[-110.3365,24.256],[-110.301,24.217],[-110.3505,24.1145],[-110.402,24.1755],[-110.5625,24.2125],[-110.682,24.3605],[-110.687,24.466],[-110.7385,24.5545],[-110.7235,24.681],[-110.694,24.7],[-110.657,24.807],[-110.758,25.012],[-110.814,25.033],[-110.9045,25.143],[-111.0265,25.4585],[-111.0195,25.5155],[-111.114,25.5255],[-111.1915,25.615],[-111.225,25.7245],[-111.307,25.779],[-111.3605,25.964],[-111.3185,26.0735],[-111.3975,26.252],[-111.3935,26.33],[-111.4615,26.4],[-111.442,26.5175],[-111.569,26.576],[-111.56,26.6955],[-111.648,26.7465],[-111.818,26.896],[-111.8515,26.8805],[-111.794,26.69],[-111.677,26.582],[-111.736,26.5395],[-111.905,26.7345],[-111.8705,26.828],[-111.952,26.892],[-112.017,26.9785],[-111.97,27.068],[-112.011,27.117],[-112.155,27.162],[-112.213,27.2105],[-112.1955,27.25],[-112.287,27.366],[-112.333,27.5165],[-112.373,27.564],[-112.485,27.62],[-112.598,27.6545],[-112.7035,27.755],[-112.7195,27.819],[-112.773,27.864],[-112.7635,27.9995],[-113.655,28.001],[-114.063,28.0005],[-114.0715,28.0005]]],[[[-109.8355,24.2245],[-109.9005,24.199],[-109.8625,24.147],[-109.7985,24.155],[-109.8355,24.2245]]],[[[-111.7535,24.447],[-111.818,24.4675],[-111.8645,24.5205],[-111.9715,24.5185],[-111.7105,24.3185],[-111.6925,24.374],[-111.7535,24.447]]],[[[-110.325,24.516],[-110.3845,24.4735],[-110.3265,24.4005],[-110.288,24.4695],[-110.325,24.516]]],[[[-110.711,25.095],[-110.7135,25.029],[-110.6545,24.946],[-110.574,24.8875],[-110.593,25.0345],[-110.6685,25.053],[-110.711,25.095]]],[[[-112.1035,24.617],[-112.1155,24.6895],[-112.2135,24.8475],[-112.191,24.89],[-112.2065,25.0175],[-112.275,24.8395],[-112.146,24.732],[-112.1665,24.671],[-112.1035,24.617]]],[[[-111.081,25.9985],[-111.071,26.0535],[-111.176,26.0435],[-111.181,25.9025],[-111.081,25.9985]]]]},"properties":{"name":"Baja California Sur","admin":"Mexico"}},
{"type":"Feature","geometry":{"type":"Polygon","coordinates":[[[-105.724,22.5095],[-105.6135,22.5485],[-105.5325,22.5],[-105.466,22.495],[-105.442,22.55],[-105.4865,22.684],[-105.569,22.754],[-105.5715,22.7905],[-105.4525,22.9015],[-105.472,22.9735],[-105.435,23.033],[-105.3885,23.0335],[-105.3925,23.15],[-105.4755,23.1425],[-105.55,23.163],[-105.688,23.297],[-105.7155,23.464],[-105.7655,23.551],[-105.826,23.5665],[-105.8975,23.7135],[-105.9195,23.8615],[-105.916,23.94],[-105.8715,24.031],[-105.9485,24.0735],[-106.0535,24.2835],[-106.1955,24.39],[-106.274,24.391],[-106.4045,24.2895],[-106.5065,24.294],[-106.596,24.368],[-106.622,24.482],[-106.7565,24.7035],[-106.8545,24.789],[-106.9325,24.7995],[-106.954,24.867],[-107.0365,24.9195],[-107.1265,25.19],[-107.096,25.4205],[-107.062,25.5015],[-106.937,25.6415],[-107.076,25.7295],[-107.1265,25.793],[-107.2595,25.8695],[-107.314,25.966],[-107.344,26.084],[-107.414,26.13],[-107.759,26.195],[-107.7855,26.2155],[-107.835,26.5995],[-107.853,26.6465],[-107.9995,26.8145],[-108.045,26.931],[-108.1975,26.971],[-108.254,27.041],[-108.3745,27.0775],[-108.4665,26.98],[-108.5075,26.8015],[-108.805,26.5785],[-109.13,26.3485],[-109.1395,26.332],[-109.1565,26.308],[-109.2315,26.2635],[-109.2835,26.2405],[-109.293,26.237],[-109.3425,26.135],[-109.4335,26.0215],[-109.419,25.896],[-109.4405,25.7935],[-109.171,25.6485],[-109.1135,25.5845],[-109.0415,25.6045],[-108.9895,25.663],[-108.9065,25.639],[-108.9725,25.58],[-109.0705,25.5805],[-109.116,25.5365],[-109.0345,25.465],[-109.002,25.5],[-108.888,25.4895],[-108.8895,25.5635],[-108.7935,25.5365],[-108.73,25.406],[-108.657,25.392],[-108.554,25.308],[-108.451,25.2695],[-108.396,25.214],[-108.3175,25.2285],[-108.3335,25.161],[-108.218,25.173],[-108.173,25.1135],[-108.107,25.117],[-108.0035,25.0315],[-108.1055,25.027],[-108.1865,24.9865],[-108.1555,24.883],[-108.036,24.785],[-107.995,24.6485],[-107.8205,24.595],[-107.739,24.5075],[-107.6765,24.5015],[-107.624,24.4585],[-107.519,24.5115],[-107.4785,24.4],[-107.543,24.3465],[-107.4045,24.2525],[-107.378,24.207],[-107.1695,24.0765],[-107.036,23.981],[-106.902,23.8465],[-106.793,23.6325],[-106.7505,23.619],[-106.612,23.469],[-106.523,23.4075],[-106.43,23.2305],[-106.2775,23.0835],[-106.2205,23.052],[-106.032,22.83],[-105.9425,22.7815],[-105.8,22.6385],[-105.7575,22.5345],[-105.724,22.5095]]]},"properties":{"name":"Sinaloa","admin":"Mexico"}},
{"type":"Feature","geometry":{"type":"MultiPolygon","coordinates":[[[[-89.526,30.193],[-89.588,30.212],[-89.6365,30.3025],[-89.6775,30.457],[-89.736,30.5315],[-89.7995,30.566],[-89.846,30.6825],[-89.739,30.9505],[-89.7355,31],[-90.7105,31],[-91.6575,31],[-91.579,31.056],[-91.6275,31.142],[-91.6045,31.2055],[-91.633,31.2785],[-91.541,31.2825],[-91.4955,31.4115],[-91.529,31.5005],[-91.4355,31.573],[-91.404,31.7385],[-91.336,31.858],[-91.2575,31.8815],[-91.1585,31.9835],[-91.0915,32.014],[-91.069,32.0845],[-90.9165,32.34],[-90.9975,32.3645],[-91.006,32.4045],[-91.093,32.451],[-91.097,32.555],[-91.161,32.6255],[-91.1575,32.6805],[-91.093,32.7405],[-91.1575,32.771],[-91.1335,32.8585],[-91.072,32.923],[-91.168,32.9815],[-91.1665,33.0145],[-91.8955,33.013],[-92.432,33.0125],[-93.1475,33.012],[-94.0415,33.011],[-94.0425,32.4245],[-94.043,31.998],[-93.904,31.883],[-93.84,31.7905],[-93.8145,31.713],[-93.827,31.588],[-93.655,31.3705],[-93.678,31.3305],[-93.5925,31.1925],[-93.5485,31.1925],[-93.5595,31.097],[-93.515,31.042],[-93.5775,31.0085],[-93.538,30.944],[-93.574,30.8985],[-93.574,30.8195],[-93.687,30.6005],[-93.7305,30.5655],[-93.7065,30.455],[-93.7525,30.3925],[-93.715,30.2875],[-93.704,30.144],[-93.717,30.08],[-93.7985,29.9855],[-93.76,29.9605],[-93.782,29.8565],[-93.888,29.807],[-93.831,29.7],[-93.7395,29.737],[-93.4535,29.7705],[-93.3455,29.762],[-93.1995,29.773],[-93.027,29.733],[-92.683,29.604],[-92.546,29.5715],[-92.2765,29.534],[-92.137,29.587],[-92.1075,29.6205],[-92.15,29.7075],[-92.134,29.757],[-92.0005,29.799],[-91.9845,29.832],[-91.8475,29.831],[-91.878,29.7595],[-91.6845,29.753],[-91.6305,29.729],[-91.644,29.645],[-91.569,29.647],[-91.5345,29.534],[-91.429,29.528],[-91.321,29.4965],[-91.278,29.524],[-91.22,29.4045],[-91.1215,29.338],[-91.113,29.271],[-91.2465,29.378],[-91.328,29.295],[-91.2285,29.2385],[-91.0795,29.196],[-90.93,29.1715],[-90.884,29.134],[-90.8285,29.1765],[-90.706,29.1195],[-90.641,29.1575],[-90.6405,29.202],[-90.562,29.3005],[-90.3935,29.2985],[-90.251,29.2475],[-90.2715,29.1675],[-90.229,29.0865],[-90.08,29.1745],[-90.095,29.284],[-90.0365,29.366],[-90.07,29.46],[-90.1435,29.477],[-90.2095,29.5385],[-90.0805,29.5375],[-89.971,29.4735],[-89.9075,29.477],[-89.782,29.3915],[-89.7575,29.343],[-89.6225,29.285],[-89.608,29.256],[-89.4825,29.243],[-89.3835,29.088],[-89.312,29.0725],[-89.4075,28.9695],[-89.374,28.9475],[-89.3095,29.05],[-89.2495,29.065],[-89.188,29.0305],[-89.0825,29.119],[-89.023,29.1475],[-89.1265,29.2495],[-89.202,29.353],[-89.3425,29.346],[-89.434,29.4035],[-89.516,29.3925],[-89.5415,29.471],[-89.6685,29.522],[-89.7235,29.6015],[-89.639,29.6205],[-89.654,29.675],[-89.5855,29.6885],[-89.457,29.8295],[-89.42,29.792],[-89.3315,29.88],[-89.4345,29.929],[-89.4275,30.0585],[-89.571,29.9885],[-89.6195,29.88],[-89.6865,29.8825],[-89.839,29.9955],[-89.8005,30.051],[-89.7475,30.041],[-89.681,30.0765],[-89.6395,30.1405],[-89.789,30.099],[-89.8805,30.155],[-89.9275,30.0955],[-90.037,30.0405],[-90.1685,30.0245],[-90.339,30.066],[-90.433,30.1435],[-90.405,30.22],[-90.2225,30.3875],[-90.0585,30.3605],[-89.969,30.2645],[-89.7705,30.2395],[-89.7085,30.1755],[-89.526,30.193]]],[[[-91.802,29.49],[-91.72,29.5815],[-91.8615,29.637],[-91.9295,29.647],[-92.0125,29.6135],[-92.0205,29.569],[-91.8405,29.484],[-91.802,29.49]]]]},"properties":{"name":"Louisiana","admin":"United States of America"}},
{"type":"Feature","geometry":{"type":"Polygon","coordinates":[[[-88.402,30.388],[-88.4495,31.2325],[-88.486,31.8895],[-88.379,32.7],[-88.3085,33.234],[-88.2355,33.785],[-88.1695,34.284],[-88.0895,34.892],[-88.179,34.998],[-89.2645,34.999],[-90.304,35],[-90.272,34.923],[-90.3525,34.864],[-90.464,34.828],[-90.4545,34.7595],[-90.5535,34.74],[-90.594,34.6425],[-90.576,34.5735],[-90.594,34.425],[-90.821,34.2855],[-90.8645,34.2065],[-90.956,34.157],[-90.8825,34.0995],[-90.909,34.0355],[-91.0845,33.9965],[-91.0355,33.9305],[-91.0695,33.8835],[-91.0455,33.8145],[-91.1065,33.7865],[-91.1925,33.708],[-91.1515,33.6335],[-91.216,33.534],[-91.127,33.478],[-91.134,33.3825],[-91.182,33.32],[-91.1075,33.268],[-91.099,33.1495],[-91.1615,33.1185],[-91.1665,33.0145],[-91.168,32.9815],[-91.072,32.923],[-91.1335,32.8585],[-91.1575,32.771],[-91.093,32.7405],[-91.1575,32.6805],[-91.161,32.6255],[-91.097,32.555],[-91.093,32.451],[-91.006,32.4045],[-90.9975,32.3645],[-90.9165,32.34],[-91.069,32.0845],[-91.0915,32.014],[-91.1585,31.9835],[-91.2575,31.8815],[-91.336,31.858],[-91.404,31.7385],[-91.4355,31.573],[-91.529,31.5005],[-91.4955,31.4115],[-91.541,31.2825],[-91.633,31.2785],[-91.6045,31.2055],[-91.6275,31.142],[-91.579,31.056],[-91.6575,31],[-90.7105,31],[-89.7355,31],[-89.739,30.9505],[-89.846,30.6825],[-89.7995,30.566],[-89.736,30.5315],[-89.6775,30.457],[-89.6365,30.3025],[-89.588,30.212],[-89.526,30.193],[-89.4425,30.19],[-89.421,30.258],[-89.33,30.303],[-89.322,30.381],[-89.24,30.3205],[-89.0135,30.3775],[-88.9275,30.442],[-88.846,30.4225],[-88.742,30.354],[-88.662,30.3545],[-88.5985,30.395],[-88.5585,30.3485],[-88.4705,30.324],[-88.402,30.388]]]},"properties":{"name":"Mississippi","admin":"United States of America"}},
{"type":"Feature","geometry":{"type":"Polygon","coordinates":[[[-87.4195,30.4795],[-87.4415,30.545],[-87.4045,30.6455],[-87.497,30.7225],[-87.627,30.873],[-87.5935,30.9995],[-86.5955,31],[-85.642,31],[-85.0065,31],[-85.018,31.087],[-85.101,31.1825],[-85.11,31.2715],[-85.0425,31.5355],[-85.058,31.6165],[-85.1095,31.6925],[-85.144,31.824],[-85.122,31.903],[-85.0605,32.004],[-85.0475,32.1375],[-85.0175,32.1835],[-84.9005,32.261],[-84.9725,32.3205],[-84.9675,32.4335],[-85.003,32.523],[-85.0835,32.6155],[-85.1305,32.779],[-85.1675,32.8175],[-85.1985,32.9445],[-85.35,33.7115],[-85.459,34.272],[-85.5625,34.7525],[-85.6055,34.985],[-85.9425,34.989],[-86.7265,34.99],[-87.5145,35.0055],[-88.1855,35.0095],[-88.179,34.998],[-88.0895,34.892],[-88.1695,34.284],[-88.2355,33.785],[-88.3085,33.234],[-88.379,32.7],[-88.486,31.8895],[-88.4495,31.2325],[-88.402,30.388],[-88.3555,30.404],[-88.187,30.3675],[-88.12,30.3385],[-88.112,30.453],[-88.0525,30.6545],[-88.0065,30.688],[-87.9425,30.6595],[-87.9105,30.549],[-87.9405,30.483],[-87.9165,30.4235],[-87.776,30.313],[-87.7865,30.237],[-87.59,30.2755],[-87.573,30.3215],[-87.4735,30.359],[-87.401,30.44],[-87.4195,30.4795]]]},"properties":{"name":"Alabama","admin":"United States of America"}},
{"type":"Feature","geometry":{"type":"MultiPolygon","coordinates":[[[[-87.4475,30.313],[-87.4465,30.298],[-87.329,30.3195],[-87.2025,30.419],[-87.157,30.4745],[-87.1545,30.5805],[-87.0605,30.495],[-87.0155,30.521],[-86.94,30.4565],[-87.0445,30.3895],[-86.68,30.4225],[-86.4845,30.48],[-86.4085,30.4615],[-86.286,30.4975],[-86.1515,30.4575],[-86.145,30.396],[-86.231,30.415],[-86.365,30.381],[-86.066,30.306],[-85.8645,30.2165],[-85.7445,30.1395],[-85.767,30.2405],[-85.8545,30.265],[-85.7545,30.3195],[-85.7085,30.247],[-85.671,30.123],[-85.3565,29.8885],[-85.302,29.798],[-85.308,29.6935],[-85.2405,29.6885],[-85.1245,29.722],[-85.0045,29.716],[-84.8735,29.8045],[-84.8865,29.73],[-84.7335,29.7915],[-84.653,29.853],[-84.5085,29.922],[-84.349,29.902],[-84.343,29.947],[-84.445,29.9685],[-84.391,30.0245],[-84.2695,30.0925],[-84.1475,30.088],[-84.024,30.1065],[-83.8565,30.0025],[-83.7875,29.9895],[-83.6805,29.9215],[-83.5935,29.826],[-83.5275,29.716],[-83.409,29.6675],[-83.405,29.5315],[-83.278,29.4385],[-83.2155,29.4105],[-83.1575,29.305],[-83.085,29.272],[-83.024,29.175],[-82.849,29.182],[-82.7735,29.1195],[-82.755,29.01],[-82.685,28.913],[-82.6445,28.9005],[-82.637,28.7465],[-82.664,28.448],[-82.7875,28.194],[-82.7675,28.106],[-82.8425,27.8285],[-82.796,27.8155],[-82.6845,27.701],[-82.638,27.701],[-82.596,27.83],[-82.6045,27.8815],[-82.719,27.928],[-82.68,28.0135],[-82.596,27.983],[-82.485,27.8925],[-82.4215,27.917],[-82.398,27.796],[-82.544,27.65],[-82.5785,27.5475],[-82.661,27.5205],[-82.6455,27.443],[-82.5735,27.395],[-82.542,27.3085],[-82.562,27.2765],[-82.3765,26.9405],[-82.314,26.8495],[-82.198,26.803],[-82.1445,26.9405],[-82.057,26.866],[-82.082,26.68],[-82.039,26.528],[-81.9745,26.5105],[-81.9235,26.455],[-81.856,26.449],[-81.852,26.342],[-81.822,26.293],[-81.801,26.0985],[-81.6645,25.9815],[-81.6845,25.925],[-81.564,25.9205],[-81.396,25.8515],[-81.3215,25.7825],[-81.2795,25.704],[-81.2145,25.5275],[-81.171,25.475],[-81.149,25.3955],[-81.095,25.3515],[-80.981,25.3185],[-80.924,25.2635],[-80.9445,25.2125],[-81.078,25.273],[-81.1485,25.331],[-81.177,25.228],[-81.149,25.1655],[-81.0865,25.1215],[-80.91,25.1455],[-80.855,25.186],[-80.773,25.1455],[-80.711,25.1455],[-80.5805,25.2415],[-80.519,25.217],[-80.427,25.2215],[-80.396,25.2955],[-80.3145,25.371],[-80.3425,25.4935],[-80.307,25.618],[-80.2405,25.7295],[-80.196,25.754],[-80.1765,25.8585],[-80.1295,25.888],[-80.113,26.069],[-80.0775,26.2875],[-80.0535,26.5565],[-80.0325,26.5875],[-80.038,26.811],[-80.0755,26.973],[-80.149,27.1385],[-80.177,27.1505],[-80.3455,27.5145],[-80.381,27.666],[-80.7385,28.3735],[-80.7975,28.6085],[-80.828,28.6615],[-80.848,28.7905],[-80.7495,28.724],[-80.7805,28.6805],[-80.766,28.6125],[-80.684,28.595],[-80.6095,28.61],[-80.588,28.506],[-80.618,28.3795],[-80.62,28.207],[-80.592,28.208],[-80.594,28.4015],[-80.5405,28.4515],[-80.5675,28.558],[-80.922,29.0685],[-81.1785,29.5855],[-81.256,29.7895],[-81.274,29.89],[-81.3285,30.053],[-81.395,30.2985],[-81.3895,30.384],[-81.4475,30.508],[-81.4285,30.6815],[-81.5,30.712],[-81.567,30.7095],[-81.709,30.741],[-81.909,30.8185],[-81.9695,30.8105],[-82.0415,30.7365],[-82.0475,30.65],[-82.012,30.588],[-82.0485,30.3755],[-82.166,30.3645],[-82.2125,30.4195],[-82.2075,30.4855],[-82.24,30.5645],[-83.0205,30.611],[-83.5705,30.6435],[-84.2145,30.682],[-84.867,30.7205],[-84.9205,30.76],[-84.944,30.8915],[-85.0065,31],[-85.642,31],[-86.5955,31],[-87.5935,30.9995],[-87.627,30.873],[-87.497,30.7225],[-87.4045,30.6455],[-87.4415,30.545],[-87.4195,30.4795],[-87.3585,30.4635],[-87.4475,30.313]]],[[[-80.6775,28.579],[-80.74,28.5175],[-80.7195,28.3885],[-80.658,28.4375],[-80.612,28.569],[-80.6775,28.579]]]]},"properties":{"name":"Florida","admin":"United States of America"}},
{"type":"Feature","geometry":{"type":"MultiPolygon","coordinates":[[[[-80.8905,32.0325],[-81.02,32.091],[-81.078,32.087],[-81.1565,32.194],[-81.13,32.3],[-81.167,32.3545],[-81.201,32.4845],[-81.239,32.526],[-81.406,32.6245],[-81.4025,32.745],[-81.4375,32.848],[-81.5005,32.9315],[-81.5175,33.0395],[-81.7595,33.156],[-81.8175,33.2245],[-81.8415,33.3135],[-81.931,33.361],[-81.924,33.4585],[-82.041,33.56],[-82.194,33.6345],[-82.2455,33.7505],[-82.3635,33.8435],[-82.5705,33.968],[-82.5995,34.0455],[-82.7345,34.1845],[-82.7615,34.293],[-82.8275,34.375],[-82.8575,34.4605],[-82.8995,34.483],[-83.015,34.4815],[-83.1215,34.57],[-83.324,34.6715],[-83.3555,34.7085],[-83.308,34.82],[-83.1585,34.935],[-83.115,35.0005],[-83.7955,34.993],[-84.3245,34.987],[-84.87,34.9885],[-85.6055,34.985],[-85.5625,34.7525],[-85.459,34.272],[-85.35,33.7115],[-85.1985,32.9445],[-85.1675,32.8175],[-85.1305,32.779],[-85.0835,32.6155],[-85.003,32.523],[-84.9675,32.4335],[-84.9725,32.3205],[-84.9005,32.261],[-85.0175,32.1835],[-85.0475,32.1375],[-85.0605,32.004],[-85.122,31.903],[-85.144,31.824],[-85.1095,31.6925],[-85.058,31.6165],[-85.0425,31.5355],[-85.11,31.2715],[-85.101,31.1825],[-85.018,31.087],[-85.0065,31],[-84.944,30.8915],[-84.9205,30.76],[-84.867,30.7205],[-84.2145,30.682],[-83.5705,30.6435],[-83.0205,30.611],[-82.24,30.5645],[-82.2075,30.4855],[-82.2125,30.4195],[-82.166,30.3645],[-82.0485,30.3755],[-82.012,30.588],[-82.0475,30.65],[-82.0415,30.7365],[-81.9695,30.8105],[-81.909,30.8185],[-81.709,30.741],[-81.567,30.7095],[-81.5,30.712],[-81.519,30.842],[-81.4995,30.968],[-81.424,31.025],[-81.4565,31.1905],[-81.386,31.142],[-81.27,31.275],[-81.3285,31.3155],[-81.364,31.416],[-81.301,31.571],[-81.1965,31.7175],[-81.119,31.7375],[-81.061,31.788],[-81.0745,31.8885],[-80.9805,31.8655],[-80.9495,31.9135],[-80.8355,32.003],[-80.8905,32.0325]]],[[[-81.2515,31.5045],[-81.3005,31.4115],[-81.2615,31.388],[-81.1745,31.5215],[-81.2515,31.5045]]]]},"properties":{"name":"Georgia","admin":"United States of America"}},
{"type":"Feature","geometry":{"type":"Polygon","coordinates":[[[-78.573,33.8825],[-79.2285,34.4365],[-79.6535,34.7955],[-79.704,34.806],[-80.776,34.8255],[-80.793,34.9615],[-80.927,35.108],[-81.0275,35.0615],[-81.0735,35.154],[-81.7645,35.1835],[-82.287,35.206],[-82.554,35.159],[-82.742,35.077],[-82.804,35.081],[-83.115,35.0005],[-83.1585,34.935],[-83.308,34.82],[-83.3555,34.7085],[-83.324,34.6715],[-83.1215,34.57],[-83.015,34.4815],[-82.8995,34.483],[-82.8575,34.4605],[-82.8275,34.375],[-82.7615,34.293],[-82.7345,34.1845],[-82.5995,34.0455],[-82.5705,33.968],[-82.3635,33.8435],[-82.2455,33.7505],[-82.194,33.6345],[-82.041,33.56],[-81.924,33.4585],[-81.931,33.361],[-81.8415,33.3135],[-81.8175,33.2245],[-81.7595,33.156],[-81.5175,33.0395],[-81.5005,32.9315],[-81.4375,32.848],[-81.4025,32.745],[-81.406,32.6245],[-81.239,32.526],[-81.201,32.4845],[-81.167,32.3545],[-81.13,32.3],[-81.1565,32.194],[-81.078,32.087],[-81.02,32.091],[-80.8905,32.0325],[-80.8875,32.0695],[-80.737,32.152],[-80.678,32.2145],[-80.799,32.3195],[-80.7595,32.361],[-80.637,32.267],[-80.5535,32.279],[-80.441,32.366],[-80.47,32.442],[-80.571,32.4915],[-80.525,32.54],[-80.4095,32.481],[-80.331,32.4865],[-80.149,32.5815],[-80.005,32.6115],[-79.9815,32.6485],[-79.8875,32.688],[-79.851,32.7585],[-79.7445,32.7995],[-79.6075,32.916],[-79.585,33.014],[-79.52,33.041],[-79.4915,32.9915],[-79.387,33.0175],[-79.203,33.193],[-79.133,33.4175],[-78.938,33.642],[-78.7635,33.7785],[-78.573,33.8825]]]},"properties":{"name":"South Carolina","admin":"United States of America"}},
{"type":"Feature","geometry":{"type":"MultiPolygon","coordinates":[[[[-76.0315,36.5505],[-76.381,36.553],[-77.036,36.549],[-77.8985,36.5425],[-78.9835,36.5425],[-80.0895,36.54],[-80.677,36.562],[-81.2275,36.5695],[-81.6195,36.594],[-81.659,36.6095],[-81.715,36.5265],[-81.6985,36.488],[-81.7405,36.4095],[-81.721,36.343],[-81.815,36.359],[-81.924,36.294],[-82.0245,36.14],[-82.0865,36.1005],[-82.199,36.1585],[-82.3945,36.0955],[-82.4895,35.994],[-82.5835,35.969],[-82.63,36.0575],[-82.7705,36],[-82.81,35.9335],[-82.8785,35.9555],[-82.932,35.843],[-82.9825,35.788],[-83.0755,35.7895],[-83.244,35.7165],[-83.499,35.57],[-83.728,35.5665],[-83.88,35.5165],[-84.0115,35.4245],[-84.046,35.3015],[-84.095,35.258],[-84.261,35.2555],[-84.3005,35.2085],[-84.3245,34.987],[-83.7955,34.993],[-83.115,35.0005],[-82.804,35.081],[-82.742,35.077],[-82.554,35.159],[-82.287,35.206],[-81.7645,35.1835],[-81.0735,35.154],[-81.0275,35.0615],[-80.927,35.108],[-80.793,34.9615],[-80.776,34.8255],[-79.704,34.806],[-79.6535,34.7955],[-79.2285,34.4365],[-78.573,33.8825],[-78.559,33.869],[-78.3675,33.917],[-78.2525,33.925],[-78.0325,33.8925],[-77.972,33.9525],[-77.911,33.958],[-77.8745,34.1225],[-77.8325,34.207],[-77.6685,34.376],[-77.536,34.4685],[-77.379,34.527],[-77.2535,34.5945],[-77.2015,34.6505],[-76.896,34.739],[-76.658,34.722],[-76.5715,34.781],[-76.504,34.7665],[-76.3355,34.8995],[-76.3775,34.966],[-76.548,34.9995],[-76.6425,34.984],[-76.762,34.9125],[-76.8055,34.9445],[-76.9405,34.98],[-76.9465,35.0685],[-76.839,34.9925],[-76.7645,34.989],[-76.608,35.08],[-76.5605,35.1245],[-76.664,35.181],[-76.493,35.23],[-76.497,35.3115],[-76.694,35.3535],[-76.904,35.444],[-76.9765,35.438],[-76.994,35.497],[-76.7045,35.4305],[-76.6,35.395],[-76.575,35.4975],[-76.4985,35.3915],[-76.4425,35.404],[-76.2685,35.3485],[-76.1505,35.347],[-75.897,35.579],[-75.754,35.612],[-75.725,35.698],[-75.743,35.768],[-75.722,35.829],[-75.7905,35.9325],[-75.853,35.98],[-75.99,35.887],[-75.995,35.7305],[-76.065,35.768],[-76.0855,35.8635],[-76.0485,35.9835],[-76.1955,35.9935],[-76.3875,35.9385],[-76.473,35.9725],[-76.558,35.9385],[-76.73,35.9455],[-76.687,36.056],[-76.5245,36.0135],[-76.4115,36.083],[-76.1955,36.1035],[-76.0205,36.1915],[-75.8595,36.1615],[-75.838,36.098],[-75.7855,36.0815],[-75.9165,36.4025],[-76.0115,36.4605],[-76.0315,36.5505]]],[[[-75.909,36.5495],[-75.943,36.5495],[-75.967,36.55],[-76.0135,36.55],[-75.973,36.4995],[-75.909,36.5495]]],[[[-75.7155,35.925],[-75.6595,35.836],[-75.6125,35.8635],[-75.661,35.925],[-75.7155,35.925]]]]},"properties":{"name":"North Carolina","admin":"United States of America"}},
{"type":"Feature","geometry":{"type":"MultiPolygon","coordinates":[[[[-76.0135,36.55],[-75.967,36.55],[-75.9625,36.7095],[-75.928,36.706],[-75.8805,36.5495],[-75.853,36.549],[-75.96,36.807],[-75.989,36.912],[-76.0355,36.935],[-76.126,36.9165],[-76.269,36.9615],[-76.3175,36.8835],[-76.476,36.908],[-76.5715,37.0275],[-76.6595,37.0435],[-76.718,37.15],[-76.802,37.2065],[-76.8935,37.2065],[-76.878,37.269],[-76.6175,37.199],[-76.611,37.1195],[-76.453,37.03],[-76.429,36.9765],[-76.296,37.0135],[-76.27,37.0695],[-76.298,37.1445],[-76.468,37.214],[-76.606,37.296],[-76.6765,37.395],[-76.6425,37.409],[-76.496,37.249],[-76.3785,37.2725],[-76.4095,37.408],[-76.3215,37.3865],[-76.2575,37.3355],[-76.2445,37.4495],[-76.3565,37.522],[-76.443,37.6185],[-76.522,37.615],[-76.571,37.653],[-76.6135,37.7395],[-76.5835,37.7775],[-76.4895,37.6585],[-76.4465,37.671],[-76.3495,37.628],[-76.317,37.732],[-76.25,37.823],[-76.248,37.9035],[-76.5305,38.025],[-76.5345,38.075],[-76.6145,38.1505],[-76.882,38.177],[-76.954,38.21],[-76.9655,38.267],[-77.03,38.3075],[-77.015,38.3725],[-77.249,38.33],[-77.292,38.3405],[-77.3265,38.451],[-77.23,38.6565],[-77.135,38.6365],[-77.1175,38.706],[-77.048,38.7155],[-77.035,38.861],[-77.0685,38.902],[-77.12,38.934],[-77.2335,38.9865],[-77.2725,39.048],[-77.4215,39.074],[-77.496,39.124],[-77.5075,39.1695],[-77.4665,39.244],[-77.5585,39.299],[-77.7345,39.331],[-77.8355,39.144],[-78.322,39.451],[-78.3575,39.4095],[-78.359,39.3315],[-78.404,39.278],[-78.414,39.1665],[-78.6605,38.9345],[-78.743,38.93],[-78.862,38.793],[-78.988,38.8455],[-79.146,38.6375],[-79.2025,38.515],[-79.2975,38.425],[-79.5045,38.4785],[-79.5525,38.5675],[-79.636,38.592],[-79.688,38.501],[-79.6925,38.442],[-79.7655,38.3585],[-79.792,38.28],[-79.9165,38.179],[-79.9435,38.0885],[-80,38.0015],[-80.207,37.815],[-80.285,37.685],[-80.2305,37.6105],[-80.3015,37.5705],[-80.2945,37.509],[-80.4525,37.4295],[-80.528,37.4685],[-80.731,37.385],[-80.846,37.425],[-80.865,37.3465],[-80.9485,37.295],[-81.132,37.2805],[-81.224,37.2445],[-81.3425,37.334],[-81.424,37.2715],[-81.5455,37.213],[-81.6445,37.2095],[-81.7715,37.283],[-81.824,37.2865],[-81.9325,37.3795],[-81.9775,37.465],[-81.965,37.5385],[-82.3515,37.2785],[-82.6325,37.164],[-82.708,37.113],[-82.727,37.038],[-82.8545,36.972],[-82.8845,36.8945],[-83.0825,36.8345],[-83.137,36.75],[-83.2395,36.737],[-83.413,36.6765],[-83.509,36.6685],[-83.6675,36.604],[-82.834,36.6005],[-81.9525,36.597],[-81.9055,36.6175],[-81.659,36.6095],[-81.6195,36.594],[-81.2275,36.5695],[-80.677,36.562],[-80.0895,36.54],[-78.9835,36.5425],[-77.8985,36.5425],[-77.036,36.549],[-76.381,36.553],[-76.0315,36.5505],[-76.0135,36.55]]],[[[-75.3775,38.015],[-75.6235,37.9945],[-75.648,37.9655],[-75.708,37.833],[-75.798,37.796],[-75.7885,37.7275],[-75.9215,37.6105],[-75.894,37.5625],[-76.0105,37.3165],[-76.017,37.258],[-75.9665,37.135],[-75.8875,37.357],[-75.8285,37.3905],[-75.8185,37.454],[-75.4925,37.831],[-75.425,37.875],[-75.4345,37.962],[-75.3775,38.015]]]]},"properties":{"name":"Virginia","admin":"United States of America"}},
{"type":"Feature","geometry":{"type":"Polygon","coordinates":[[[-77.023,38.803],[-76.9095,38.893],[-77.042,38.996],[-77.12,38.934],[-77.0685,38.902],[-77.016,38.8545],[-77.023,38.803]]]},"properties":{"name":"District of Columbia","admin":"United States of America"}},
{"type":"Feature","geometry":{"type":"Polygon","coordinates":[[[-75.648,37.9655],[-75.6235,37.9945],[-75.3775,38.015],[-75.334,38.1115],[-75.2905,38.111],[-75.2425,38.227],[-75.1545,38.241],[-75.1045,38.316],[-75.1255,38.3605],[-75.084,38.4535],[-75.4745,38.4535],[-75.6935,38.4605],[-75.7345,38.9895],[-75.7885,39.6475],[-75.7885,39.7215],[-76.3615,39.7215],[-77.1695,39.7215],[-77.862,39.7215],[-78.439,39.7215],[-79.4775,39.722],[-79.488,39.21],[-79.1795,39.3865],[-79.0645,39.4825],[-78.969,39.4505],[-78.8775,39.5215],[-78.7785,39.637],[-78.745,39.5755],[-78.5775,39.529],[-78.469,39.5335],[-78.434,39.624],[-78.28,39.6355],[-78.2135,39.6935],[-78.133,39.7015],[-77.969,39.6015],[-77.8825,39.6155],[-77.86,39.5155],[-77.791,39.484],[-77.739,39.406],[-77.7345,39.331],[-77.5585,39.299],[-77.4665,39.244],[-77.5075,39.1695],[-77.496,39.124],[-77.4215,39.074],[-77.2725,39.048],[-77.2335,38.9865],[-77.12,38.934],[-77.042,38.996],[-76.9095,38.893],[-77.023,38.803],[-77.0455,38.7005],[-77.121,38.624],[-77.1845,38.605],[-77.267,38.494],[-77.2555,38.3935],[-77.2035,38.3645],[-77.0215,38.4615],[-76.9735,38.3445],[-76.922,38.2915],[-76.7545,38.2275],[-76.6165,38.2235],[-76.434,38.132],[-76.3515,38.0575],[-76.3205,38.139],[-76.3875,38.227],[-76.4195,38.3215],[-76.396,38.3915],[-76.512,38.5275],[-76.5215,38.725],[-76.5515,38.7755],[-76.4595,38.912],[-76.486,38.9865],[-76.3985,39.0145],[-76.449,39.195],[-76.3905,39.2715],[-76.4245,39.3235],[-76.2095,39.3645],[-76.065,39.471],[-76.1205,39.495],[-76.083,39.558],[-76.0085,39.5485],[-75.9995,39.4855],[-76.0345,39.393],[-76.175,39.316],[-76.2725,39.1515],[-76.1305,39.118],[-76.168,39.0565],[-76.151,39.009],[-76.216,38.9745],[-76.322,39.0065],[-76.329,38.9165],[-76.247,38.951],[-76.1545,38.8955],[-76.2125,38.8075],[-76.3045,38.8225],[-76.3405,38.7285],[-76.2365,38.715],[-76.1455,38.665],[-76.182,38.618],[-76.2775,38.6245],[-76.2425,38.5565],[-76.2545,38.48],[-76.319,38.474],[-76.221,38.344],[-76.0285,38.242],[-75.9065,38.271],[-75.856,38.2195],[-75.9415,38.1555],[-75.8145,38.135],[-75.8865,37.988],[-75.858,37.931],[-75.7865,37.976],[-75.648,37.9655]],[[-76.007,37.9545],[-75.994,37.954],[-76.044,37.9545],[-76.033,37.9545],[-76.0185,37.9545],[-76.007,37.9545]]]},"properties":{"name":"Maryland","admin":"United States of America"}},
{"type":"Feature","geometry":{"type":"Polygon","coordinates":[[[-75.084,38.4535],[-75.0575,38.4535],[-75.044,38.454],[-75.0575,38.5525],[-75.126,38.59],[-75.121,38.684],[-75.066,38.678],[-75.0845,38.796],[-75.1665,38.7945],[-75.3105,38.928],[-75.315,38.984],[-75.394,39.0555],[-75.394,39.2245],[-75.4345,39.315],[-75.588,39.463],[-75.5545,39.541],[-75.605,39.6165],[-75.4245,39.8065],[-75.6015,39.838],[-75.731,39.7825],[-75.7885,39.7215],[-75.7885,39.6475],[-75.7345,38.9895],[-75.6935,38.4605],[-75.4745,38.4535],[-75.084,38.4535]]]},"properties":{"name":"Delaware","admin":"United States of America"}},
{"type":"Feature","geometry":{"type":"Polygon","coordinates":[[[-75.0235,40.0165],[-75.0985,39.9065],[-75.144,39.875],[-75.311,39.843],[-75.44,39.777],[-75.51,39.6525],[-75.5575,39.621],[-75.5105,39.5595],[-75.5315,39.478],[-75.3595,39.338],[-75.2495,39.297],[-75.1595,39.1985],[-75.0265,39.2105],[-74.9385,39.1925],[-74.8875,39.147],[-74.9525,39.0075],[-74.9675,38.936],[-74.875,38.9445],[-74.7455,39.0545],[-74.6545,39.2015],[-74.579,39.268],[-74.5095,39.379],[-74.359,39.55],[-74.2565,39.6115],[-74.1675,39.6995],[-74.19,39.744],[-74.1275,39.8485],[-74.1035,40.014],[-74.0575,40.012],[-73.9725,40.3275],[-74.0325,40.4215],[-74.197,40.441],[-74.2825,40.4975],[-74.2215,40.572],[-74.2095,40.634],[-74.096,40.655],[-74.032,40.714],[-73.918,40.9315],[-73.907,40.991],[-74.699,41.3565],[-74.8445,41.273],[-74.8865,41.181],[-75.027,41.047],[-75.1395,40.982],[-75.061,40.8915],[-75.1055,40.7955],[-75.1885,40.7585],[-75.182,40.5705],[-75.089,40.5585],[-75.0645,40.454],[-74.8955,40.3235],[-74.7395,40.185],[-74.77,40.13],[-74.838,40.115],[-75.0235,40.0165]]]},"properties":{"name":"New Jersey","admin":"United States of America"}},
{"type":"Feature","geometry":{"type":"Polygon","coordinates":[[[-73.643,41.001],[-73.565,41.019],[-73.3325,41.1135],[-73.2715,41.1175],[-73.17,41.1695],[-72.7795,41.27],[-72.6865,41.2565],[-72.605,41.284],[-72.508,41.2565],[-72.4335,41.29],[-72.288,41.283],[-72.1945,41.324],[-72.1105,41.311],[-71.973,41.3435],[-71.8605,41.3205],[-71.8045,41.4155],[-71.7955,41.519],[-71.801,42.011],[-71.8015,42.0215],[-72.7575,42.033],[-73.4805,42.0545],[-73.5445,41.295],[-73.484,41.218],[-73.723,41.1035],[-73.643,41.001]]]},"properties":{"name":"Connecticut","admin":"United States of America"}},
{"type":"Feature","geometry":{"type":"MultiPolygon","coordinates":[[[[-71.237,41.7095],[-71.3405,41.797],[-71.3375,41.8905],[-71.3805,41.908],[-71.387,42.016],[-71.801,42.011],[-71.7955,41.519],[-71.8045,41.4155],[-71.8605,41.3205],[-71.599,41.3675],[-71.4975,41.3665],[-71.426,41.4685],[-71.443,41.5745],[-71.3555,41.7465],[-71.237,41.7095]]],[[[-71.122,41.513],[-71.131,41.661],[-71.194,41.677],[-71.202,41.5025],[-71.122,41.513]]]]},"properties":{"name":"Rhode Island","admin":"United States of America"}},
{"type":"Feature","geometry":{"type":"MultiPolygon","coordinates":[[[[-71.194,41.677],[-71.131,41.661],[-71.122,41.513],[-71.04,41.507],[-70.925,41.5505],[-70.9075,41.615],[-70.7745,41.646],[-70.6585,41.722],[-70.6585,41.5215],[-70.5045,41.5635],[-70.4285,41.632],[-70.24,41.6435],[-69.978,41.682],[-69.939,41.674],[-69.9435,41.8575],[-70.07,41.7735],[-70.2745,41.715],[-70.439,41.756],[-70.533,41.816],[-70.524,41.8685],[-70.566,41.9555],[-70.655,41.957],[-70.631,42.0925],[-70.784,42.2595],[-70.963,42.28],[-71.0385,42.308],[-70.9745,42.4165],[-70.838,42.499],[-70.8615,42.547],[-70.6475,42.6045],[-70.659,42.6845],[-70.757,42.657],[-70.8195,42.7185],[-70.8145,42.8775],[-70.9255,42.8865],[-71.0835,42.817],[-71.1515,42.8095],[-71.196,42.752],[-71.3065,42.701],[-72.467,42.7295],[-73.2655,42.7455],[-73.507,42.079],[-73.4805,42.0545],[-72.7575,42.033],[-71.8015,42.0215],[-71.801,42.011],[-71.387,42.016],[-71.3805,41.908],[-71.3375,41.8905],[-71.3405,41.797],[-71.237,41.7095],[-71.194,41.677]]],[[[-70.054,41.3925],[-70.0325,41.3395],[-70.1375,41.247],[-70.001,41.2395],[-69.958,41.2755],[-70.054,41.3925]]],[[[-70.5765,41.428],[-70.605,41.474],[-70.7155,41.4205],[-70.782,41.354],[-70.5075,41.3625],[-70.5765,41.428]]]]},"properties":{"name":"Massachusetts","admin":"United States of America"}},
{"type":"Feature","geometry":{"type":"Polygon","coordinates":[[[-90.381,20.824],[-90.392,20.547],[-90.374,20.5185],[-90.2365,20.51],[-90.169,20.4245],[-90.064,20.4125],[-90.0185,20.4675],[-89.944,20.323],[-89.87,20.2685],[-89.8105,20.1375],[-89.7585,20.088],[-89.63,20.019],[-89.558,19.89],[-89.4545,19.777],[-89.4155,19.651],[-89.37,19.755],[-89.369,19.82],[-89.202,19.8415],[-89.151,19.893],[-89.0555,19.932],[-88.911,19.9485],[-88.8395,20.014],[-88.79,20.019],[-88.7075,20.081],[-88.4455,20.1835],[-88.374,20.3005],[-88.2725,20.3435],[-88.2185,20.4325],[-88.1605,20.459],[-88.1065,20.4285],[-88.014,20.4345],[-87.9045,20.4865],[-87.675,20.648],[-87.6085,20.7755],[-87.5965,20.841],[-87.534,20.9555],[-87.539,21.018],[-87.585,21.111],[-87.569,21.2105],[-87.525,21.299],[-87.54,21.4995],[-87.6185,21.5205],[-87.778,21.5105],[-87.77,21.5525],[-87.962,21.6],[-88.1295,21.616],[-88.2825,21.5565],[-88.448,21.575],[-88.6055,21.534],[-88.7025,21.4585],[-88.879,21.413],[-89.123,21.3635],[-89.786,21.2845],[-89.9215,21.2405],[-89.982,21.199],[-90.0995,21.164],[-90.3325,21.0325],[-90.36,21.0005],[-90.422,20.8195],[-90.381,20.824]]]},"properties":{"name":"Yucatán","admin":"Mexico"}},
{"type":"Feature","geometry":{"type":"Polygon","coordinates":[[[-97.782,22.2735],[-97.863,22.22],[-97.913,22.2675],[-97.895,22.3075],[-97.963,22.3495],[-98.093,22.3725],[-98.1975,22.4805],[-98.29,22.467],[-98.2975,22.4065],[-98.3635,22.401],[-98.439,22.4325],[-98.616,22.4185],[-98.3735,22.265],[-98.3475,22.2215],[-98.3615,22.1525],[-98.4525,21.9805],[-98.5385,21.9725],[-98.532,21.8495],[-98.459,21.8095],[-98.489,21.7525],[-98.624,21.685],[-98.6425,21.609],[-98.53,21.525],[-98.515,21.399],[-98.443,21.3535],[-98.493,21.2635],[-98.41,21.1775],[-98.288,21.1435],[-98.2125,21.1505],[-98.13,21.072],[-98.2325,20.9385],[-98.2355,20.829],[-98.393,20.877],[-98.419,20.7885],[-98.484,20.772],[-98.437,20.677],[-98.508,20.6245],[-98.5685,20.4725],[-98.5005,20.3625],[-98.4345,20.371],[-98.3775,20.465],[-98.336,20.435],[-98.111,20.6885],[-98.0215,20.661],[-98,20.4845],[-97.951,20.55],[-97.936,20.7305],[-97.8965,20.8065],[-97.779,20.814],[-97.741,20.713],[-97.662,20.607],[-97.589,20.582],[-97.5585,20.504],[-97.64,20.416],[-97.6935,20.466],[-97.7695,20.4385],[-97.7595,20.336],[-97.774,20.273],[-97.69,20.188],[-97.6055,20.187],[-97.543,20.1365],[-97.4705,20.2375],[-97.4035,20.2595],[-97.153,20.146],[-97.154,20.0805],[-97.269,19.9615],[-97.3105,19.89],[-97.302,19.8075],[-97.3245,19.6945],[-97.373,19.6645],[-97.3925,19.576],[-97.3205,19.481],[-97.341,19.4175],[-97.2695,19.3995],[-97.226,19.3385],[-97.1125,19.303],[-97.06,19.3195],[-96.982,19.288],[-97.0375,19.2175],[-97.109,19.1785],[-97.167,19.194],[-97.264,19.1605],[-97.2475,19],[-95.961,19],[-95.977,19.0585],[-96.041,19.0655],[-96.1575,19.225],[-96.2785,19.3145],[-96.36,19.537],[-96.405,19.742],[-96.456,19.869],[-96.51,19.93],[-96.676,20.158],[-96.9255,20.4105],[-96.9405,20.449],[-97.0345,20.5145],[-97.1505,20.647],[-97.1985,20.739],[-97.197,20.81],[-97.338,21.055],[-97.3975,21.205],[-97.497,21.4005],[-97.4895,21.481],[-97.5775,21.501],[-97.6575,21.6365],[-97.7085,21.8275],[-97.7195,21.952],[-97.6475,21.8845],[-97.625,21.7945],[-97.487,21.6365],[-97.379,21.5545],[-97.3745,21.5045],[-97.472,21.438],[-97.4315,21.3425],[-97.348,21.418],[-97.316,21.561],[-97.3425,21.603],[-97.508,21.723],[-97.6105,21.836],[-97.7605,22.096],[-97.782,22.2735]]]},"properties":{"name":"Veracruz","admin":"Mexico"}},
{"type":"Feature","geometry":{"type":"Polygon","coordinates":[[[-104.5925,19.1495],[-104.5365,19.249],[-104.4205,19.288],[-104.3845,19.2705],[-104.2145,19.3205],[-104.152,19.398],[-104.122,19.4725],[-104.056,19.537],[-104.025,19.487],[-103.8335,19.3975],[-103.744,19.427],[-103.6735,19.4885],[-103.6355,19.487],[-103.6005,19.408],[-103.4965,19.316],[-103.495,19.195],[-103.525,19.0925],[-103.485,19],[-103.3295,19],[-103.2965,19.0475],[-103.1925,19],[-103.126,19],[-102.9885,19.0585],[-102.9365,19.153],[-102.8845,19.2025],[-102.728,19.2575],[-102.6575,19.231],[-102.5485,19.387],[-102.614,19.491],[-102.7455,19.4755],[-102.7375,19.5825],[-102.7965,19.6885],[-102.81,19.821],[-102.7285,19.839],[-102.7725,19.957],[-102.888,19.9615],[-102.934,19.9905],[-103.0365,19.9705],[-103.074,19.9975],[-103.0855,20.0815],[-103.048,20.1205],[-102.678,20.218],[-102.4985,20.3145],[-102.2975,20.362],[-102.243,20.3405],[-102.0995,20.387],[-102.0605,20.4685],[-101.9805,20.5555],[-101.977,20.6285],[-102.085,20.7295],[-102.088,20.7905],[-102.0455,20.8725],[-101.855,21.1485],[-101.772,21.23],[-101.6875,21.236],[-101.5725,21.3475],[-101.5745,21.4245],[-101.637,21.5165],[-101.615,21.5845],[-101.5385,21.637],[-101.5795,21.7785],[-101.5205,21.841],[-101.623,21.9305],[-101.6935,21.9635],[-101.764,21.963],[-101.8455,22.0175],[-101.8915,21.9555],[-102.049,21.866],[-102.08,21.768],[-102.146,21.7445],[-102.231,21.6775],[-102.2865,21.67],[-102.514,21.706],[-102.6305,21.773],[-102.7605,21.749],[-102.776,21.608],[-102.6405,21.5685],[-102.634,21.534],[-102.6855,21.401],[-102.7685,21.3385],[-102.832,21.338],[-102.915,21.2825],[-103.024,21.2915],[-103.056,21.266],[-103.0475,21.074],[-103.2315,21.079],[-103.364,21.1505],[-103.465,21.162],[-103.508,21.196],[-103.5915,21.193],[-103.637,21.2545],[-103.736,21.227],[-103.7465,21.2975],[-103.7045,21.384],[-103.734,21.525],[-103.6665,21.488],[-103.5195,21.6005],[-103.527,21.817],[-103.4005,21.929],[-103.318,21.9495],[-103.289,21.9855],[-103.156,21.9985],[-103.086,22.1245],[-103.129,22.1405],[-103.0455,22.2515],[-103.132,22.3385],[-103.373,22.517],[-103.427,22.4175],[-103.3585,22.349],[-103.4065,22.259],[-103.4475,22.242],[-103.4885,22.135],[-103.5695,22.1515],[-103.642,22.113],[-103.6785,22.137],[-103.6635,22.2395],[-103.683,22.322],[-103.608,22.5245],[-103.657,22.5915],[-103.739,22.599],[-103.761,22.5595],[-103.848,22.1975],[-103.8805,22.23],[-103.889,22.3445],[-103.8665,22.4085],[-103.8515,22.5685],[-103.795,22.624],[-103.7785,22.7345],[-103.983,22.7715],[-103.992,22.5745],[-103.926,22.49],[-103.948,22.379],[-104.0295,22.351],[-104.132,22.3435],[-104.3295,22.2645],[-104.3985,22.0855],[-104.216,21.9165],[-104.0985,21.7845],[-104.158,21.597],[-104.2105,21.519],[-103.9445,21.375],[-103.9825,21.2705],[-104.0825,21.205],[-104.2015,21.1985],[-104.224,21.1695],[-104.2035,21.052],[-104.213,20.9725],[-104.271,20.8615],[-104.2855,20.708],[-104.478,20.844],[-104.523,20.9065],[-104.621,20.923],[-104.728,21.0095],[-104.7975,21.0175],[-104.9245,20.931],[-105.0945,20.918],[-105.153,20.8575],[-105.267,20.699],[-105.291,20.685],[-105.2345,20.636],[-105.2435,20.5835],[-105.3285,20.5135],[-105.5755,20.4875],[-105.6985,20.407],[-105.6555,20.313],[-105.553,20.2015],[-105.5255,20.032],[-105.4285,19.8895],[-105.3515,19.8045],[-105.251,19.666],[-105.152,19.584],[-105.0875,19.561],[-105.07,19.448],[-105.017,19.3685],[-104.8805,19.279],[-104.8155,19.2995],[-104.807,19.229],[-104.7335,19.2285],[-104.684,19.1835],[-104.5925,19.1495]]]},"properties":{"name":"Jalisco","admin":"Mexico"}},
{"type":"Feature","geometry":{"type":"MultiPolygon","coordinates":[[[[-103.126,19],[-100.5185,19],[-100.44,19.0825],[-100.299,19.2585],[-100.33,19.323],[-100.1585,19.42],[-100.2145,19.565],[-100.1655,19.7105],[-100.171,19.7565],[-100.123,19.938],[-100.1765,19.9785],[-100.1765,20.086],[-100.2355,20.191],[-100.286,20.2135],[-100.3985,20.0745],[-100.396,19.9645],[-100.7265,19.937],[-100.7745,19.9105],[-100.8295,19.9755],[-100.9145,19.925],[-101.017,19.9515],[-100.9865,20.0235],[-100.999,20.09],[-101.1635,20.1015],[-101.194,20.035],[-101.4195,20.0535],[-101.4115,20.193],[-101.434,20.225],[-101.383,20.287],[-101.4805,20.331],[-101.608,20.3205],[-101.6385,20.2345],[-101.6895,20.201],[-101.905,20.2035],[-101.9325,20.252],[-101.9495,20.366],[-101.9955,20.403],[-102.0995,20.387],[-102.243,20.3405],[-102.2975,20.362],[-102.4985,20.3145],[-102.678,20.218],[-103.048,20.1205],[-103.0855,20.0815],[-103.074,19.9975],[-103.0365,19.9705],[-102.934,19.9905],[-102.888,19.9615],[-102.7725,19.957],[-102.7285,19.839],[-102.81,19.821],[-102.7965,19.6885],[-102.7375,19.5825],[-102.7455,19.4755],[-102.614,19.491],[-102.5485,19.387],[-102.6575,19.231],[-102.728,19.2575],[-102.8845,19.2025],[-102.9365,19.153],[-102.9885,19.0585],[-103.126,19]]],[[[-103.3295,19],[-103.1925,19],[-103.2965,19.0475],[-103.3295,19]]]]},"properties":{"name":"Michoacán","admin":"Mexico"}},
{"type":"Feature","geometry":{"type":"Polygon","coordinates":[[[-123.18,46.179],[-123.2335,46.137],[-123.3855,46.146],[-123.5195,46.2355],[-123.614,46.1865],[-123.727,46.1705],[-123.767,46.204],[-123.867,46.16],[-123.9905,46.2005],[-123.937,46.082],[-123.934,45.9795],[-123.9905,45.938],[-123.9565,45.873],[-123.981,45.7605],[-123.9205,45.6625],[-123.958,45.576],[-123.971,45.452],[-123.9185,45.4175],[-123.981,45.3495],[-123.9605,45.3],[-123.971,45.1535],[-124.0345,44.8785],[-124.065,44.8235],[-124.063,44.6095],[-124.0845,44.4115],[-124.1135,44.3015],[-124.114,44.1905],[-124.151,43.8815],[-124.176,43.7625],[-124.277,43.4215],[-124.3085,43.355],[-124.3765,43.34],[-124.445,43.03],[-124.5475,42.8455],[-124.515,42.7485],[-124.4145,42.6625],[-124.3945,42.5665],[-124.4205,42.491],[-124.433,42.3295],[-124.379,42.2205],[-124.3595,42.113],[-124.2145,41.9995],[-123.401,41.9995],[-122.6165,41.9995],[-121.8315,41.9995],[-120.7855,41.9995],[-120.001,41.9995],[-119.4405,41.9995],[-118.6945,41.9995],[-117.949,41.9995],[-117.0165,41.9995],[-117.0185,42.928],[-117.02,43.785],[-117.0315,43.8285],[-116.971,43.8935],[-116.934,44.0285],[-116.9685,44.0835],[-116.897,44.186],[-116.986,44.272],[-117.195,44.2975],[-117.2155,44.395],[-117.204,44.4825],[-117.1125,44.573],[-117.0105,44.75],[-116.9175,44.8025],[-116.833,44.92],[-116.8235,45.036],[-116.7175,45.1515],[-116.656,45.2845],[-116.649,45.3475],[-116.539,45.471],[-116.463,45.582],[-116.4635,45.6425],[-116.53,45.7515],[-116.688,45.8265],[-116.7595,45.838],[-116.8385,45.91],[-116.879,46.0015],[-117.9165,46.0005],[-119.0025,45.9995],[-119.0935,45.949],[-119.3415,45.946],[-119.5915,45.921],[-119.6625,45.872],[-119.934,45.838],[-120.127,45.789],[-120.23,45.737],[-120.47,45.71],[-120.621,45.731],[-120.6685,45.7035],[-120.9,45.642],[-121.044,45.653],[-121.133,45.624],[-121.272,45.709],[-121.57,45.7295],[-121.7175,45.71],[-121.7925,45.7215],[-121.971,45.6425],[-122.261,45.5665],[-122.426,45.588],[-122.5395,45.622],[-122.673,45.6255],[-122.739,45.663],[-122.8065,45.978],[-122.91,46.108],[-123.112,46.1865],[-123.18,46.179]]]},"properties":{"name":"Oregon","admin":"United States of America"}},
{"type":"Feature","geometry":{"type":"MultiPolygon","coordinates":[[[[-79.95,53.352],[-80.086,53.3305],[-80.018,53.2735],[-79.9235,53.2755],[-79.95,53.352]]],[[[-79.395,52.0835],[-79.4945,52.0595],[-79.656,51.9875],[-79.6215,51.939],[-79.414,51.9385],[-79.3365,51.9635],[-79.3205,52.0335],[-79.395,52.0835]]],[[[-80.7595,52.919],[-80.879,53.032],[-81.123,53.202],[-81.4245,53.229],[-81.615,53.214],[-81.7805,53.18],[-81.883,53.18],[-82.0625,53.023],[-81.9515,52.9745],[-81.469,52.8615],[-81.2865,52.844],[-81.027,52.7525],[-80.7845,52.723],[-80.6695,52.742],[-80.7595,52.919]]]]},"properties":{"name":"Nunavut","admin":"Canada"}},
{"type":"Feature","geometry":{"type":"Polygon","coordinates":[[[-61,52],[-61,55],[-63.578,55],[-63.6055,54.902],[-63.815,54.9405],[-63.824,54.8295],[-63.904,54.782],[-63.729,54.647],[-63.8985,54.6015],[-64.1135,54.631],[-64.181,54.711],[-64.314,54.7655],[-64.458,54.7945],[-64.5765,54.7275],[-64.7675,54.738],[-64.7585,54.8165],[-64.8475,54.8495],[-64.9405,54.9295],[-65.103,54.957],[-65.221,54.851],[-65.296,54.8255],[-65.4815,54.8165],[-65.4455,54.7455],[-65.698,54.723],[-65.819,54.8165],[-65.8485,54.897],[-65.9495,54.926],[-66.0595,54.919],[-66.257,55],[-66.6685,55],[-66.729,54.9385],[-66.607,54.804],[-66.7045,54.784],[-66.737,54.734],[-66.936,54.799],[-67.016,54.885],[-67.2775,55],[-67.4245,55],[-67.2645,54.8355],[-67.086,54.732],[-67.1545,54.6155],[-67.261,54.5705],[-67.268,54.4845],[-67.4985,54.5945],[-67.509,54.488],[-67.7495,54.426],[-67.746,54.3435],[-67.691,54.3055],[-67.6395,54.189],[-67.7425,54.1545],[-67.808,54.034],[-67.6155,53.924],[-67.595,53.8585],[-67.5225,53.838],[-67.574,53.766],[-67.4125,53.6935],[-67.399,53.635],[-67.323,53.5665],[-67.031,53.5145],[-66.89,53.415],[-67.01,53.353],[-66.962,53.2945],[-66.9825,53.1055],[-67.1685,53.1535],[-67.299,53.157],[-67.385,53.1055],[-67.3025,52.868],[-67.165,52.82],[-67.0615,52.875],[-67.041,52.775],[-66.948,52.7375],[-66.8655,52.6615],[-66.759,52.7065],[-66.7695,52.765],[-66.656,52.796],[-66.625,52.937],[-66.5495,52.9405],[-66.4255,53.0365],[-66.3635,53.002],[-66.2915,52.9025],[-66.288,52.8475],[-66.4015,52.844],[-66.3325,52.7375],[-66.408,52.5895],[-66.35,52.359],[-66.4805,52.335],[-66.374,52.1425],[-66.264,52.156],[-66.3015,52.287],[-66.078,52.17],[-66.0885,52.091],[-65.992,52.06],[-65.8235,52.108],[-65.7305,52.0875],[-65.6825,52.0255],[-65.459,52.0255],[-65.359,51.95],[-65.3935,51.898],[-65.2765,51.867],[-65.184,51.7745],[-65.0325,51.7605],[-64.957,51.723],[-64.857,51.7745],[-64.6885,51.723],[-64.5305,51.592],[-64.3445,51.6675],[-64.2795,51.74],[-64.3345,51.819],[-64.362,51.967],[-64.2345,51.9805],[-64.2725,52.039],[-64.252,52.115],[-64.1555,52.132],[-64.2105,52.2215],[-64.207,52.304],[-64.128,52.3865],[-64.1415,52.49],[-64.19,52.5725],[-64.166,52.6755],[-64.1075,52.72],[-63.7185,52.7785],[-63.605,52.7855],[-63.4105,52.6975],[-63.379,52.651],[-63.8125,52.62],[-63.954,52.58],[-64.081,52.4735],[-63.9725,52.3535],[-63.7735,52.335],[-63.783,52.291],[-63.7145,52.2285],[-63.6705,52.0355],[-63.7385,52],[-62.7945,52],[-61.9825,52],[-61,52]]]},"properties":{"name":"Newfoundland and Labrador","admin":"Canada"}},
{"type":"Feature","geometry":{"type":"MultiPolygon","coordinates":[[[[-64.0425,45.992],[-64.1595,45.964],[-64.2735,45.8355],[-64.3805,45.7925],[-64.429,45.71],[-64.649,45.559],[-64.833,45.484],[-64.902,45.43],[-64.9355,45.351],[-64.7175,45.3245],[-64.6725,45.389],[-64.576,45.4155],[-64.388,45.3675],[-64.3125,45.402],[-64.066,45.413],[-63.9365,45.3985],[-63.891,45.353],[-63.816,45.395],[-63.593,45.395],[-63.5075,45.3745],[-63.461,45.325],[-63.716,45.3265],[-63.8255,45.2795],[-64.115,45.216],[-64.2235,45.1085],[-64.3675,45.1965],[-64.3205,45.283],[-64.3485,45.3195],[-64.5105,45.2285],[-64.714,45.1925],[-64.863,45.1395],[-65.1805,44.993],[-65.2315,44.955],[-65.3975,44.895],[-65.457,44.8545],[-65.786,44.6965],[-65.9425,44.5835],[-65.848,44.5565],[-66.0325,44.437],[-66.1135,44.3435],[-66.142,44.231],[-66.2105,44.1055],[-66.149,44.0025],[-66.17,43.8945],[-66.1215,43.7435],[-65.9635,43.7375],[-65.9095,43.819],[-65.7715,43.669],[-65.778,43.568],[-65.6675,43.5],[-65.4625,43.5275],[-65.346,43.5875],[-65.327,43.6965],[-65.2505,43.6735],[-65.0965,43.736],[-65.0345,43.7125],[-64.8855,43.839],[-64.8125,43.853],[-64.8155,43.954],[-64.667,43.998],[-64.649,44.059],[-64.561,44.08],[-64.4255,44.234],[-64.3675,44.264],[-64.3395,44.3325],[-64.354,44.456],[-64.2275,44.537],[-64.128,44.555],[-64.041,44.5225],[-64.057,44.639],[-63.943,44.6205],[-63.9295,44.5115],[-63.8055,44.5145],[-63.716,44.456],[-63.5485,44.473],[-63.5235,44.518],[-63.5875,44.664],[-63.439,44.5965],[-63.4205,44.6485],[-63.2815,44.6435],[-63.1205,44.7515],[-63.0245,44.697],[-62.93,44.74],[-62.8425,44.717],[-62.8055,44.785],[-62.6615,44.806],[-62.5515,44.8675],[-62.4475,44.853],[-62.3935,44.9105],[-62.306,44.92],[-62.0315,44.991],[-62.01,45.032],[-61.8825,45.034],[-61.8095,45.101],[-61.6395,45.0875],[-61.568,45.147],[-61.389,45.1635],[-61.332,45.2305],[-61.153,45.2375],[-61.071,45.224],[-61,45.3335],[-61.137,45.354],[-61.451,45.3495],[-61.388,45.418],[-61.2675,45.4435],[-61.237,45.506],[-61.3235,45.542],[-61.4705,45.683],[-61.575,45.6725],[-61.62,45.6145],[-61.795,45.653],[-61.894,45.7035],[-61.9245,45.889],[-62.06,45.808],[-62.2705,45.7035],[-62.371,45.6825],[-62.4705,45.6145],[-62.5575,45.678],[-62.7385,45.7625],[-62.9245,45.7825],[-63.0705,45.7785],[-63.19,45.7365],[-63.4475,45.8215],[-63.439,45.8755],[-63.593,45.875],[-63.6685,45.847],[-63.806,45.8885],[-63.905,45.9805],[-64.0425,45.992]]],[[[-61,45.4625],[-61,45.581],[-61.1115,45.549],[-61,45.4625]]],[[[-61,45.6115],[-61,45.724],[-61.1335,45.699],[-61.103,45.779],[-61,45.8215],[-61,46.636],[-61.095,46.454],[-61.178,46.3855],[-61.289,46.2425],[-61.459,46.1455],[-61.475,46.0735],[-61.541,46.0405],[-61.489,45.8885],[-61.4555,45.71],[-61.335,45.566],[-61.2155,45.6005],[-61.1315,45.56],[-61,45.6115]]]]},"properties":{"name":"Nova Scotia","admin":"Canada"}},
{"type":"Feature","geometry":{"type":"Polygon","coordinates":[[[-81.136,19.355],[-81.2865,19.3685],[-81.3035,19.309],[-81.135,19.2905],[-81.136,19.355]]]},"properties":{"name":"Cayman Islands","admin":"Cayman Islands"}},
{"type":"Feature","geometry":{"type":"Polygon","coordinates":[[[-69.2115,19.021],[-69.214,19],[-69.103,19.0055],[-69.1395,19.051],[-69.2115,19.021]]]},"properties":{"name":"El Seybo","admin":"Dominican Republic"}},
{"type":"Feature","geometry":{"type":"Polygon","coordinates":[[[-69.621,19.102],[-69.638,19.009],[-69.6275,19],[-69.214,19],[-69.2115,19.021],[-69.356,19.053],[-69.42,19.111],[-69.621,19.102]]]},"properties":{"name":"Hato Mayor","admin":"Dominican Republic"}},
{"type":"Feature","geometry":{"type":"Polygon","coordinates":[[[-69.7715,19.3035],[-69.786,19.198],[-69.7375,19.22],[-69.6765,19.1795],[-69.756,19.0875],[-69.638,19.009],[-69.621,19.102],[-69.603,19.229],[-69.418,19.191],[-69.2535,19.1835],[-69.1585,19.285],[-69.3355,19.2935],[-69.4375,19.333],[-69.5395,19.3395],[-69.6095,19.309],[-69.7335,19.2865],[-69.7715,19.3035]]]},"properties":{"name":"Samaná","admin":"Dominican Republic"}},
{"type":"Feature","geometry":{"type":"Polygon","coordinates":[[[-70.094,19.6365],[-70.112,19.5785],[-70.206,19.5515],[-70.215,19.4975],[-70.1455,19.455],[-70.1185,19.347],[-69.9915,19.257],[-69.786,19.198],[-69.7715,19.3035],[-69.868,19.4255],[-69.904,19.5325],[-69.898,19.636],[-69.9475,19.6785],[-70.042,19.6785],[-70.094,19.6365]]]},"properties":{"name":"María Trinidad Sánchez","admin":"Dominican Republic"}},
{"type":"Feature","geometry":{"type":"Polygon","coordinates":[[[-70.3725,19.714],[-70.398,19.659],[-70.494,19.6505],[-70.5475,19.518],[-70.614,19.369],[-70.5155,19.3615],[-70.4675,19.319],[-70.4455,19.3775],[-70.4425,19.5005],[-70.3625,19.4985],[-70.2885,19.5585],[-70.2365,19.499],[-70.215,19.4975],[-70.206,19.5515],[-70.112,19.5785],[-70.094,19.6365],[-70.1315,19.622],[-70.3015,19.6575],[-70.3725,19.714]]]},"properties":{"name":"Espaillat","admin":"Dominican Republic"}},
{"type":"Feature","geometry":{"type":"Polygon","coordinates":[[[-71.222,19.8345],[-71.195,19.7715],[-71.134,19.752],[-70.864,19.6415],[-70.7605,19.5905],[-70.659,19.6285],[-70.6085,19.536],[-70.5475,19.518],[-70.494,19.6505],[-70.398,19.659],[-70.3725,19.714],[-70.4335,19.775],[-70.5185,19.76],[-70.6235,19.7665],[-70.787,19.853],[-70.831,19.9025],[-70.947,19.9105],[-71.001,19.9375],[-71.0785,19.909],[-71.107,19.869],[-71.222,19.8345]]]},"properties":{"name":"Puerto Plata","admin":"Dominican Republic"}},
{"type":"Feature","geometry":{"type":"Polygon","coordinates":[[[-72.565,19.8755],[-72.622,19.817],[-72.6755,19.807],[-72.598,19.733],[-72.5405,19.592],[-72.4825,19.543],[-72.4165,19.538],[-72.361,19.5815],[-72.3225,19.5015],[-72.2435,19.449],[-72.2,19.302],[-72.12,19.26],[-71.979,19.336],[-72.046,19.436],[-72.1105,19.566],[-72.1105,19.616],[-72.048,19.712],[-72.141,19.7475],[-72.2565,19.762],[-72.3305,19.752],[-72.3975,19.807],[-72.5445,19.8515],[-72.565,19.8755]]]},"properties":{"name":"Nord","admin":"Haiti"}},
{"type":"Feature","geometry":{"type":"Polygon","coordinates":[[[-72.762,19],[-72.237,19],[-72.225,19.068],[-72.2515,19.1685],[-72.246,19.241],[-72.2,19.302],[-72.2435,19.449],[-72.3225,19.5015],[-72.361,19.5815],[-72.4165,19.538],[-72.4825,19.543],[-72.5405,19.592],[-72.598,19.733],[-72.6755,19.807],[-72.768,19.78],[-72.8305,19.7295],[-72.906,19.717],[-73.067,19.7335],[-73.114,19.6865],[-73.121,19.629],[-73.019,19.6005],[-72.815,19.505],[-72.7285,19.4255],[-72.8035,19.232],[-72.7165,19.104],[-72.8185,19.0785],[-72.762,19]]]},"properties":{"name":"L'Artibonite","admin":"Haiti"}},
{"type":"Feature","geometry":{"type":"MultiPolygon","coordinates":[[[[-77.634,22.0545],[-77.6825,22.0545],[-77.8085,22.0995],[-77.947,22.073],[-77.902,22.015],[-77.695,21.948],[-77.6485,21.971],[-77.634,22.0545]]],[[[-77.9975,22.1475],[-77.913,22.143],[-77.895,22.221],[-77.9785,22.233],[-78.0455,22.199],[-77.9975,22.1475]]],[[[-78.1965,22.329],[-78.1005,22.302],[-78.0755,22.354],[-78.144,22.429],[-78.2435,22.425],[-78.244,22.359],[-78.1965,22.329]]],[[[-78.082,22.083],[-78.0755,22.0375],[-78.1715,21.9695],[-78.2405,21.9545],[-78.246,21.908],[-78.176,21.85],[-78.183,21.769],[-78.334,21.7845],[-78.325,21.73],[-78.3785,21.6695],[-78.4295,21.67],[-78.4795,21.6205],[-78.6415,21.534],[-78.5635,21.3835],[-78.538,21.2315],[-78.5045,21.147],[-78.4945,21.048],[-78.404,20.958],[-78.3425,20.9495],[-78.272,20.901],[-78.132,20.7575],[-78.0655,20.7115],[-77.942,20.698],[-77.831,20.7255],[-77.8175,20.8075],[-77.766,20.876],[-77.658,20.897],[-77.5875,20.938],[-77.468,21.0535],[-77.292,20.995],[-77.249,21.0785],[-77.187,21.099],[-77.131,21.1735],[-77.1295,21.2565],[-77.073,21.3055],[-77.1315,21.339],[-77.1005,21.4165],[-77.0395,21.41],[-76.945,21.458],[-77.07,21.596],[-77.107,21.603],[-77.153,21.4955],[-77.258,21.4765],[-77.2775,21.5185],[-77.2495,21.61],[-77.1545,21.5545],[-77.1415,21.6455],[-77.33,21.7665],[-77.4015,21.7905],[-77.5075,21.8625],[-77.5715,21.931],[-77.606,21.9015],[-77.5185,21.812],[-77.525,21.754],[-77.604,21.7895],[-77.6645,21.781],[-77.761,21.8135],[-77.7705,21.8545],[-77.842,21.9],[-77.895,21.877],[-78.082,22.083]]]]},"properties":{"name":"Camagüey","admin":"Cuba"}},
{"type":"Feature","geometry":{"type":"MultiPolygon","coordinates":[[[[-78.927,22.3985],[-78.975,22.2755],[-79.0345,22.1765],[-79.0465,22.0965],[-78.965,22.044],[-78.9605,22.003],[-79.029,21.9465],[-79.122,21.75],[-79.109,21.6655],[-78.9705,21.69],[-78.96,21.5995],[-78.7665,21.6395],[-78.707,21.6125],[-78.734,21.5645],[-78.6415,21.534],[-78.4795,21.6205],[-78.4295,21.67],[-78.3785,21.6695],[-78.325,21.73],[-78.334,21.7845],[-78.183,21.769],[-78.176,21.85],[-78.246,21.908],[-78.2405,21.9545],[-78.1715,21.9695],[-78.0755,22.0375],[-78.082,22.083],[-78.1635,22.1395],[-78.3015,22.164],[-78.3815,22.2465],[-78.484,22.2605],[-78.567,22.321],[-78.676,22.357],[-78.7575,22.3225],[-78.782,22.3905],[-78.927,22.3985]]],[[[-78.426,22.4625],[-78.43,22.4185],[-78.282,22.4575],[-78.419,22.562],[-78.4665,22.53],[-78.5725,22.5305],[-78.6385,22.492],[-78.518,22.452],[-78.426,22.4625]]]]},"properties":{"name":"Ciego de Ávila","admin":"Cuba"}},
{"type":"Feature","geometry":{"type":"Polygon","coordinates":[[[-76.3135,21.252],[-76.344,21.1275],[-76.5025,21.024],[-76.517,20.9815],[-76.6875,20.936],[-76.6865,20.8655],[-76.722,20.7225],[-76.5645,20.642],[-76.253,20.5135],[-76.1795,20.4375],[-76.0905,20.4205],[-76.0945,20.4995],[-76.0435,20.5295],[-75.97,20.503],[-75.8245,20.4075],[-75.7525,20.439],[-75.659,20.4415],[-75.5115,20.551],[-75.467,20.533],[-75.3755,20.423],[-75.3305,20.438],[-75.2405,20.397],[-75.1895,20.4715],[-75.105,20.484],[-75.0485,20.4335],[-74.969,20.472],[-74.845,20.408],[-74.783,20.445],[-74.7795,20.516],[-74.715,20.556],[-74.751,20.6195],[-74.851,20.6345],[-74.9985,20.701],[-75.149,20.683],[-75.1945,20.7155],[-75.2945,20.723],[-75.3595,20.6775],[-75.394,20.739],[-75.498,20.6935],[-75.6125,20.7185],[-75.643,20.7605],[-75.709,20.6905],[-75.784,20.7465],[-75.7705,20.836],[-75.7045,20.8285],[-75.6815,20.8905],[-75.6265,20.924],[-75.5785,21.0135],[-75.636,21.0765],[-75.7325,21.1235],[-75.822,21.137],[-75.8735,21.102],[-76.117,21.0915],[-76.138,21.167],[-76.3135,21.252]]]},"properties":{"name":"Holguín","admin":"Cuba"}},
{"type":"Feature","geometry":{"type":"Polygon","coordinates":[[[-71.138,21.5135],[-71.1515,21.4505],[-71.1335,21.4465],[-71.138,21.5135]]]},"properties":{"name":"Grand Turk","admin":"Turks and Caicos Islands"}},
{"type":"Feature","geometry":{"type":"Polygon","coordinates":[[[-82.568,21.6365],[-82.6165,21.6645],[-82.5925,21.729],[-82.6925,21.824],[-82.69,21.882],[-82.859,21.9335],[-82.9895,21.9485],[-83.075,21.843],[-83.0735,21.7605],[-82.969,21.5915],[-83.024,21.5485],[-83.1715,21.5685],[-83.0785,21.469],[-82.906,21.4375],[-82.8355,21.4445],[-82.5945,21.542],[-82.541,21.5955],[-82.568,21.6365]]]},"properties":{"name":"Isla de la Juventud","admin":"Cuba"}},
{"type":"Feature","geometry":{"type":"Polygon","coordinates":[[[-74.287,22.7335],[-74.2225,22.6955],[-74.0905,22.6575],[-74.016,22.72],[-74.167,22.747],[-74.2285,22.816],[-74.3105,22.843],[-74.352,22.8225],[-74.287,22.7335]]]},"properties":{"name":"Crooked Island and Long Cay","admin":"The Bahamas"}},
{"type":"Feature","geometry":{"type":"Polygon","coordinates":[[[-79.4165,22.4725],[-79.4355,22.4165],[-79.3535,22.297],[-79.361,22.231],[-79.434,22.2485],[-79.542,22.1505],[-79.6395,22.1725],[-79.773,22.1495],[-79.73,22.0625],[-79.7905,21.982],[-79.905,22.01],[-80.024,21.9385],[-80.0975,21.8715],[-80.101,21.825],[-80.0555,21.8035],[-80.003,21.721],[-79.8955,21.76],[-79.8955,21.6985],[-79.816,21.711],[-79.6395,21.6875],[-79.6215,21.6575],[-79.4505,21.5955],[-79.3645,21.5995],[-79.2495,21.552],[-79.1695,21.5515],[-79.0755,21.586],[-78.96,21.5995],[-78.9705,21.69],[-79.109,21.6655],[-79.122,21.75],[-79.029,21.9465],[-78.9605,22.003],[-78.965,22.044],[-79.0465,22.0965],[-79.0345,22.1765],[-78.975,22.2755],[-78.927,22.3985],[-78.9825,22.4045],[-79.1485,22.3775],[-79.342,22.413],[-79.4165,22.4725]]]},"properties":{"name":"Sancti Spíritus","admin":"Cuba"}},
{"type":"Feature","geometry":{"type":"Polygon","coordinates":[[[-80.593,23.068],[-80.618,22.9875],[-80.7295,22.9665],[-80.747,22.8775],[-80.6675,22.796],[-80.585,22.8135],[-80.553,22.748],[-80.5625,22.635],[-80.5195,22.542],[-80.4595,22.5845],[-80.318,22.536],[-80.221,22.428],[-80.233,22.3705],[-80.084,22.2455],[-80.1,22.1235],[-80.024,21.9385],[-79.905,22.01],[-79.7905,21.982],[-79.73,22.0625],[-79.773,22.1495],[-79.6395,22.1725],[-79.542,22.1505],[-79.434,22.2485],[-79.361,22.231],[-79.3535,22.297],[-79.4355,22.4165],[-79.4165,22.4725],[-79.4565,22.5285],[-79.512,22.5345],[-79.566,22.611],[-79.627,22.6575],[-79.6515,22.759],[-79.7,22.747],[-79.772,22.7965],[-79.8305,22.8055],[-79.8955,22.855],[-79.988,22.884],[-80.0245,22.9465],[-80.156,22.9385],[-80.2795,22.912],[-80.357,22.9455],[-80.4315,22.95],[-80.557,23.0075],[-80.593,23.068]]]},"properties":{"name":"Villa Clara","admin":"Cuba"}},
{"type":"Feature","geometry":{"type":"Polygon","coordinates":[[[-81.684,23.157],[-81.6805,23.0645],[-81.747,22.987],[-81.6805,22.9305],[-81.6955,22.8505],[-81.651,22.8015],[-81.652,22.74],[-81.598,22.705],[-81.609,22.625],[-81.6505,22.575],[-81.6515,22.488],[-81.6835,22.4635],[-81.841,22.431],[-82.1185,22.432],[-82.164,22.397],[-82.088,22.342],[-81.8795,22.2605],[-81.8245,22.189],[-81.6515,22.213],[-81.513,22.202],[-81.396,22.1705],[-81.374,22.104],[-81.2915,22.0975],[-81.1975,22.2125],[-81.1035,22.096],[-80.992,22.0545],[-80.9055,22.046],[-80.761,22.061],[-80.5935,22.054],[-80.618,22.1215],[-80.741,22.117],[-80.8325,22.1575],[-80.931,22.269],[-80.9405,22.36],[-80.889,22.454],[-80.837,22.482],[-80.6235,22.4595],[-80.576,22.4745],[-80.5195,22.542],[-80.5625,22.635],[-80.553,22.748],[-80.585,22.8135],[-80.6675,22.796],[-80.747,22.8775],[-80.7295,22.9665],[-80.618,22.9875],[-80.593,23.068],[-80.622,23.0895],[-80.7595,23.097],[-80.9595,23.059],[-80.9855,23.102],[-81.078,23.104],[-81.1205,23.039],[-81.185,23.052],[-81.272,23.142],[-81.4805,23.1005],[-81.581,23.158],[-81.684,23.157]]]},"properties":{"name":"Matanzas","admin":"Cuba"}},
{"type":"Feature","geometry":{"type":"Polygon","coordinates":[[[-75.798,23.5385],[-75.8565,23.5675],[-75.982,23.6825],[-75.9875,23.601],[-75.8735,23.5285],[-75.798,23.5385]]]},"properties":{"name":"Exuma","admin":"The Bahamas"}},
{"type":"Feature","geometry":{"type":"Polygon","coordinates":[[[-74.859,22.9805],[-74.845,23],[-74.9465,23.0935],[-75.0315,23.1235],[-75.077,23.1715],[-75.094,23.3055],[-75.1825,23.4465],[-75.195,23.514],[-75.25,23.49],[-75.197,23.41],[-75.1315,23.356],[-75.113,23.2815],[-75.132,23.186],[-75.075,23.1275],[-74.9905,23.0785],[-74.9245,23.0115],[-74.859,22.9805]]]},"properties":{"name":"Long Island","admin":"The Bahamas"}},
{"type":"Feature","geometry":{"type":"Polygon","coordinates":[[[-74.9,23.7065],[-74.891,23.6645],[-74.7935,23.6715],[-74.8125,23.7195],[-74.9,23.7065]]]},"properties":{"name":"Rum Cay","admin":"The Bahamas"}},
{"type":"Feature","geometry":{"type":"Polygon","coordinates":[[[-76.325,23.974],[-76.319,23.98],[-76.377,24.1015],[-76.375,24.0465],[-76.325,23.974]]]},"properties":{"name":"Black Point","admin":"The Bahamas"}},
{"type":"Feature","geometry":{"type":"Polygon","coordinates":[[[-74.4685,24.022],[-74.427,24.083],[-74.458,24.1415],[-74.5295,24.1005],[-74.5295,24.011],[-74.4685,24.022]]]},"properties":{"name":"San Salvador","admin":"The Bahamas"}},
{"type":"Feature","geometry":{"type":"Polygon","coordinates":[[[-77.742,24.6345],[-77.834,24.649],[-77.9425,24.6385],[-78.072,24.5965],[-78.1345,24.5015],[-78.134,24.404],[-78.08,24.3795],[-78.0635,24.316],[-77.9085,24.351],[-77.804,24.449],[-77.7185,24.5],[-77.7535,24.602],[-77.742,24.6345]]]},"properties":{"name":"Central Andros","admin":"The Bahamas"}},
{"type":"Feature","geometry":{"type":"Polygon","coordinates":[[[-77.8225,23.98],[-77.744,24.0355],[-77.705,24.0945],[-77.74,24.1645],[-77.6405,24.2375],[-77.675,24.303],[-77.8395,24.2065],[-77.854,24.166],[-77.942,24.097],[-77.8795,24.074],[-77.8225,23.98]]]},"properties":{"name":"Mangrove Cay","admin":"The Bahamas"}},
{"type":"Feature","geometry":{"type":"Polygon","coordinates":[[[-77.744,24.0355],[-77.8225,23.98],[-77.813,23.8765],[-77.643,23.755],[-77.566,23.7405],[-77.5175,23.864],[-77.5455,24.0045],[-77.5495,24.126],[-77.6075,24.218],[-77.7095,24.0435],[-77.744,24.0355]]]},"properties":{"name":"South Andros","admin":"The Bahamas"}},
{"type":"Feature","geometry":{"type":"Polygon","coordinates":[[[-75.3145,24.2175],[-75.4005,24.3235],[-75.476,24.3705],[-75.572,24.5225],[-75.6125,24.5625],[-75.6265,24.645],[-75.709,24.7],[-75.7565,24.6605],[-75.6525,24.5885],[-75.6475,24.529],[-75.5715,24.489],[-75.534,24.389],[-75.4805,24.3095],[-75.406,24.2405],[-75.4635,24.1855],[-75.425,24.15],[-75.336,24.1585],[-75.3145,24.2175]]]},"properties":{"name":"Cat Island","admin":"The Bahamas"}},
{"type":"Feature","geometry":{"type":"Polygon","coordinates":[[[-77.48,24.9915],[-77.3795,25.0015],[-77.2745,25.046],[-77.326,25.0795],[-77.456,25.077],[-77.527,25.0545],[-77.48,24.9915]]]},"properties":{"name":"New Providence","admin":"The Bahamas"}},
{"type":"Feature","geometry":{"type":"Polygon","coordinates":[[[-78.1345,24.5015],[-78.072,24.5965],[-77.9425,24.6385],[-77.834,24.649],[-77.742,24.6345],[-77.737,24.7],[-77.8735,24.8385],[-77.934,24.976],[-77.9865,25.013],[-77.977,25.1385],[-78.045,25.183],[-78.0905,25.1595],[-78.1495,25.1995],[-78.2145,25.1845],[-78.1575,25],[-78.208,24.862],[-78.292,24.7755],[-78.3025,24.7205],[-78.222,24.666],[-78.2285,24.5695],[-78.335,24.673],[-78.443,24.6245],[-78.3515,24.5305],[-78.2265,24.4655],[-78.1345,24.5015]]]},"properties":{"name":"North Andros","admin":"The Bahamas"}},
{"type":"Feature","geometry":{"type":"Polygon","coordinates":[[[-76.314,25.2995],[-76.3325,25.2855],[-76.2635,25.1935],[-76.165,25.13],[-76.147,25.084],[-76.1705,24.989],[-76.1545,24.9815],[-76.1305,24.995],[-76.113,25.115],[-76.314,25.2995]]]},"properties":{"name":"Central Eleuthera","admin":"The Bahamas"}},
{"type":"Feature","geometry":{"type":"Polygon","coordinates":[[[-76.3325,25.2855],[-76.314,25.2995],[-76.3685,25.3425],[-76.461,25.3545],[-76.6245,25.4625],[-76.73,25.5635],[-76.7695,25.424],[-76.713,25.447],[-76.591,25.4225],[-76.4895,25.3515],[-76.3715,25.3225],[-76.3325,25.2855]]]},"properties":{"name":"North Eleuthera","admin":"The Bahamas"}},
{"type":"Feature","geometry":{"type":"Polygon","coordinates":[[[-76.1545,24.9815],[-76.1705,24.989],[-76.211,24.901],[-76.137,24.902],[-76.1545,24.9815]]]},"properties":{"name":"South Eleuthera","admin":"The Bahamas"}},
{"type":"Feature","geometry":{"type":"Polygon","coordinates":[[[-77.819,25.7075],[-77.8585,25.7775],[-77.8875,25.7815],[-77.8315,25.7085],[-77.819,25.7075]]]},"properties":{"name":"Berry Islands","admin":"The Bahamas"}},
{"type":"Feature","geometry":{"type":"Polygon","coordinates":[[[-77.538,26.3065],[-77.5705,26.3325],[-77.5795,26.318],[-77.567,26.291],[-77.538,26.3065]]]},"properties":{"name":"Moore's Island","admin":"The Bahamas"}},
{"type":"Feature","geometry":{"type":"Polygon","coordinates":[[[-78.598,26.5315],[-78.636,26.546],[-78.6465,26.505],[-78.598,26.5315]]]},"properties":{"name":"City of Freeport","admin":"The Bahamas"}},
{"type":"Feature","geometry":{"type":"Polygon","coordinates":[[[-78.411,26.594],[-78.4745,26.713],[-78.576,26.695],[-78.638,26.6095],[-78.7145,26.5705],[-78.806,26.578],[-78.767,26.508],[-78.6465,26.505],[-78.636,26.546],[-78.598,26.5315],[-78.54,26.565],[-78.411,26.594]]]},"properties":{"name":"West Grand Bahama","admin":"The Bahamas"}},
{"type":"Feature","geometry":{"type":"Polygon","coordinates":[[[-78.4745,26.713],[-78.411,26.594],[-77.903,26.6815],[-77.9715,26.7295],[-78.0555,26.726],[-78.287,26.6855],[-78.4745,26.713]]]},"properties":{"name":"East Grand Bahama","admin":"The Bahamas"}},
{"type":"Feature","geometry":{"type":"Polygon","coordinates":[[[-77.2305,26.285],[-77.0315,26.3555],[-77.059,26.5295],[-77.183,26.6005],[-77.27,26.625],[-77.328,26.709],[-77.3755,26.6995],[-77.312,26.5945],[-77.1605,26.564],[-77.196,26.463],[-77.23,26.4475],[-77.2305,26.285]]]},"properties":{"name":"Central Abaco","admin":"The Bahamas"}},
{"type":"Feature","geometry":{"type":"Polygon","coordinates":[[[-77.0315,26.3555],[-77.2305,26.285],[-77.2565,26.204],[-77.2235,26.146],[-77.348,26.0705],[-77.388,26.0055],[-77.315,25.991],[-77.2265,25.885],[-77.1905,25.9165],[-77.192,26.069],[-77.165,26.2455],[-77.0315,26.3555]]]},"properties":{"name":"South Abaco","admin":"The Bahamas"}},
{"type":"Feature","geometry":{"type":"Polygon","coordinates":[[[-77.3755,26.6995],[-77.328,26.709],[-77.5115,26.8695],[-77.63,26.904],[-77.7745,26.927],[-77.7545,26.8795],[-77.5175,26.852],[-77.4445,26.755],[-77.3755,26.6995]]]},"properties":{"name":"North Abaco","admin":"The Bahamas"}},
{"type":"Feature","geometry":{"type":"MultiPolygon","coordinates":[[[[-64.7055,32.336],[-64.695,32.34],[-64.708,32.3515],[-64.722,32.3525],[-64.7055,32.336]]],[[[-64.714,32.3295],[-64.7075,32.321],[-64.6985,32.3265],[-64.7055,32.336],[-64.714,32.3295]]]]},"properties":{"name":"Hamilton","admin":"Bermuda"}},
{"type":"Feature","geometry":{"type":"Polygon","coordinates":[[[-64.731,32.323],[-64.7425,32.322],[-64.748,32.3165],[-64.738,32.302],[-64.7075,32.321],[-64.714,32.3295],[-64.731,32.323]]]},"properties":{"name":"Smith's","admin":"Bermuda"}},
{"type":"Feature","geometry":{"type":"Polygon","coordinates":[[[-64.78,32.3035],[-64.779,32.291],[-64.761,32.286],[-64.738,32.302],[-64.748,32.3165],[-64.78,32.3035]]]},"properties":{"name":"Devonshire","admin":"Bermuda"}},
{"type":"Feature","geometry":{"type":"Polygon","coordinates":[[[-64.7945,32.2895],[-64.794,32.2965],[-64.7845,32.2975],[-64.7845,32.2905],[-64.779,32.291],[-64.78,32.3035],[-64.811,32.3075],[-64.7945,32.2895]]]},"properties":{"name":"Pembroke","admin":"Bermuda"}},
{"type":"Feature","geometry":{"type":"Polygon","coordinates":[[[-64.7845,32.2905],[-64.7845,32.2975],[-64.794,32.2965],[-64.7945,32.2895],[-64.7845,32.2905]]]},"properties":{"name":"City of Hamilton","admin":"Bermuda"}},
{"type":"Feature","geometry":{"type":"Polygon","coordinates":[[[-64.797,32.279],[-64.7885,32.2655],[-64.761,32.286],[-64.779,32.291],[-64.797,32.279]]]},"properties":{"name":"Paget","admin":"Bermuda"}},
{"type":"Feature","geometry":{"type":"Polygon","coordinates":[[[-64.833,32.2595],[-64.815,32.2545],[-64.7885,32.2655],[-64.797,32.279],[-64.833,32.2595]]]},"properties":{"name":"Warwick","admin":"Bermuda"}},
{"type":"Feature","geometry":{"type":"Polygon","coordinates":[[[-64.863,32.269],[-64.88,32.266],[-64.815,32.2545],[-64.833,32.2595],[-64.863,32.269]]]},"properties":{"name":"Southampton","admin":"Bermuda"}},
{"type":"Feature","geometry":{"type":"Polygon","coordinates":[[[-64.88,32.266],[-64.863,32.269],[-64.872,32.2765],[-64.858,32.2975],[-64.869,32.309],[-64.878,32.286],[-64.88,32.266]]]},"properties":{"name":"Sandys","admin":"Bermuda"}},
{"type":"Feature","geometry":{"type":"MultiPolygon","coordinates":[[[[-64.722,32.3525],[-64.708,32.3515],[-64.6915,32.364],[-64.6555,32.3595],[-64.676,32.3885],[-64.722,32.3525]],[[-64.677,32.37],[-64.681,32.376],[-64.672,32.381],[-64.6685,32.3745],[-64.677,32.37]]],[[[-64.695,32.34],[-64.7055,32.336],[-64.6985,32.3265],[-64.695,32.34]]]]},"properties":{"name":"Saint George's","admin":"Bermuda"}},
{"type":"Feature","geometry":{"type":"Polygon","coordinates":[[[-76.945,21.458],[-77.0395,21.41],[-77.1005,21.4165],[-77.1315,21.339],[-77.073,21.3055],[-77.1295,21.2565],[-77.131,21.1735],[-77.187,21.099],[-77.249,21.0785],[-77.292,20.995],[-77.468,21.0535],[-77.5875,20.938],[-77.658,20.897],[-77.766,20.876],[-77.8175,20.8075],[-77.831,20.7255],[-77.7785,20.701],[-77.5725,20.698],[-77.4935,20.6775],[-77.3365,20.7165],[-77.232,20.784],[-77.038,20.739],[-76.971,20.7535],[-76.836,20.7435],[-76.7935,20.6955],[-76.722,20.7225],[-76.6865,20.8655],[-76.6875,20.936],[-76.517,20.9815],[-76.5025,21.024],[-76.344,21.1275],[-76.3135,21.252],[-76.3875,21.2845],[-76.571,21.2825],[-76.6535,21.294],[-76.656,21.3495],[-76.8055,21.39],[-76.945,21.458]]]},"properties":{"name":"Las Tunas","admin":"Cuba"}},
{"type":"Feature","geometry":{"type":"Polygon","coordinates":[[[-82.1,23.1875],[-82.2095,23.086],[-82.202,23.028],[-82.25,22.9725],[-82.356,22.9765],[-82.436,22.9575],[-82.458,22.802],[-82.3915,22.6885],[-82.199,22.686],[-82.099,22.655],[-81.8775,22.6795],[-81.7535,22.638],[-81.6505,22.575],[-81.609,22.625],[-81.598,22.705],[-81.652,22.74],[-81.651,22.8015],[-81.6955,22.8505],[-81.6805,22.9305],[-81.747,22.987],[-81.6805,23.0645],[-81.684,23.157],[-81.8625,23.151],[-81.986,23.1715],[-82.033,23.2005],[-82.1,23.1875]]]},"properties":{"name":"Mayabeque","admin":"Cuba"}},
{"type":"Feature","geometry":{"type":"Polygon","coordinates":[[[-82.5385,23.0735],[-82.436,22.9575],[-82.356,22.9765],[-82.25,22.9725],[-82.202,23.028],[-82.2095,23.086],[-82.1,23.1875],[-82.2195,23.194],[-82.407,23.1475],[-82.5385,23.0735]]]},"properties":{"name":"Ciudad de la Habana","admin":"Cuba"}},
{"type":"Feature","geometry":{"type":"Polygon","coordinates":[[[-82.9445,22.985],[-82.916,22.8405],[-82.972,22.811],[-82.8245,22.6105],[-82.7805,22.696],[-82.633,22.68],[-82.3915,22.6885],[-82.458,22.802],[-82.436,22.9575],[-82.5385,23.0735],[-82.7125,23.035],[-82.9175,23.0325],[-82.9445,22.985]]]},"properties":{"name":"Artemisa","admin":"Cuba"}},
{"type":"Feature","geometry":{"type":"Polygon","coordinates":[[[-82.8245,22.6105],[-82.972,22.811],[-82.916,22.8405],[-82.9445,22.985],[-83.061,23.0195],[-83.1605,22.98],[-83.2075,23.0025],[-83.3295,22.951],[-83.3695,22.894],[-83.4375,22.9035],[-83.5415,22.874],[-83.558,22.836],[-83.873,22.751],[-84.021,22.6785],[-84.153,22.582],[-84.2305,22.5035],[-84.292,22.4865],[-84.391,22.353],[-84.4295,22.2015],[-84.4055,22.158],[-84.336,22.1305],[-84.322,22.048],[-84.4625,22.022],[-84.5215,22.048],[-84.5835,22.0075],[-84.741,21.952],[-84.9475,21.8605],[-84.8835,21.8235],[-84.7995,21.832],[-84.66,21.912],[-84.536,21.94],[-84.4735,21.9045],[-84.5215,21.7865],[-84.466,21.7705],[-84.305,21.8845],[-84.142,21.9405],[-84.0415,21.9175],[-83.993,21.9515],[-84.002,22.0575],[-83.9255,22.1715],[-83.7755,22.1705],[-83.6145,22.1955],[-83.5685,22.2465],[-83.517,22.188],[-83.4155,22.186],[-83.349,22.232],[-83.2875,22.3185],[-83.167,22.3395],[-83.086,22.463],[-82.8245,22.6105]]]},"properties":{"name":"Pinar del Río","admin":"Cuba"}},
{"type":"Feature","geometry":{"type":"Polygon","coordinates":[[[-80.101,21.825],[-80.0975,21.8715],[-80.024,21.9385],[-80.1,22.1235],[-80.084,22.2455],[-80.233,22.3705],[-80.221,22.428],[-80.318,22.536],[-80.4595,22.5845],[-80.5195,22.542],[-80.576,22.4745],[-80.6235,22.4595],[-80.837,22.482],[-80.889,22.454],[-80.9405,22.36],[-80.931,22.269],[-80.8325,22.1575],[-80.741,22.117],[-80.618,22.1215],[-80.5935,22.054],[-80.5135,22.0565],[-80.471,22.089],[-80.538,22.1645],[-80.4845,22.192],[-80.396,22.1015],[-80.437,22.041],[-80.27,21.887],[-80.101,21.825]]]},"properties":{"name":"Cienfuegos","admin":"Cuba"}},
{"type":"Feature","geometry":{"type":"Polygon","coordinates":[[[-77.0345,19.888],[-77.039,19.9415],[-76.9685,19.953],[-76.9305,20.001],[-76.763,20.0115],[-76.5625,20.004],[-76.4475,20.061],[-76.4085,20.1055],[-76.4195,20.231],[-76.389,20.2585],[-76.3695,20.3565],[-76.2935,20.3705],[-76.1795,20.4375],[-76.253,20.5135],[-76.5645,20.642],[-76.722,20.7225],[-76.7935,20.6955],[-76.836,20.7435],[-76.971,20.7535],[-77.038,20.739],[-77.232,20.784],[-77.3365,20.7165],[-77.278,20.662],[-77.1955,20.6365],[-77.24,20.563],[-77.1135,20.5125],[-77.0825,20.4655],[-77.1135,20.3685],[-77.182,20.295],[-77.4015,20.198],[-77.6205,20.0205],[-77.737,19.8555],[-77.673,19.829],[-77.6115,19.8445],[-77.3585,19.8645],[-77.324,19.9005],[-77.189,19.9125],[-77.0345,19.888]]]},"properties":{"name":"Granma","admin":"Cuba"}},
{"type":"Feature","geometry":{"type":"Polygon","coordinates":[[[-75.382,19.8825],[-75.4885,20.0245],[-75.4335,20.0945],[-75.4805,20.238],[-75.479,20.34],[-75.3755,20.423],[-75.467,20.533],[-75.5115,20.551],[-75.659,20.4415],[-75.7525,20.439],[-75.8245,20.4075],[-75.97,20.503],[-76.0435,20.5295],[-76.0945,20.4995],[-76.0905,20.4205],[-76.1795,20.4375],[-76.2935,20.3705],[-76.3695,20.3565],[-76.389,20.2585],[-76.4195,20.231],[-76.4085,20.1055],[-76.4475,20.061],[-76.5625,20.004],[-76.763,20.0115],[-76.9305,20.001],[-76.9685,19.953],[-77.039,19.9415],[-77.0345,19.888],[-76.959,19.891],[-76.8665,19.9375],[-76.6515,19.951],[-76.5245,19.944],[-76.248,19.9905],[-76.112,19.9825],[-75.98,19.9525],[-75.894,19.972],[-75.722,19.9575],[-75.6045,19.892],[-75.382,19.8825]]]},"properties":{"name":"Santiago de Cuba","admin":"Cuba"}},
{"type":"Feature","geometry":{"type":"Polygon","coordinates":[[[-62.004,46.464],[-62.185,46.487],[-62.2645,46.474],[-62.517,46.476],[-62.674,46.4645],[-62.953,46.424],[-63.1945,46.431],[-63.238,46.4075],[-63.3325,46.499],[-63.639,46.567],[-63.711,46.5585],[-63.7295,46.4435],[-63.8135,46.456],[-63.881,46.5225],[-63.8335,46.6125],[-63.939,46.6955],[-64.0935,46.78],[-63.975,46.894],[-63.998,46.971],[-64.0525,47.0215],[-64.2315,46.9035],[-64.2725,46.825],[-64.3695,46.759],[-64.417,46.683],[-64.383,46.628],[-64.2305,46.6355],[-64.062,46.57],[-64.108,46.5445],[-64.1345,46.4155],[-63.987,46.3995],[-63.9345,46.423],[-63.806,46.3745],[-63.785,46.32],[-63.628,46.224],[-63.4505,46.196],[-63.2335,46.1455],[-63.1065,46.21],[-62.9975,46.1795],[-62.9175,46.1015],[-62.9315,46.0425],[-62.8465,45.978],[-62.7775,45.9645],[-62.545,45.972],[-62.4855,45.99],[-62.5275,46.0575],[-62.456,46.0805],[-62.587,46.1775],[-62.5765,46.239],[-62.4375,46.2165],[-62.307,46.3445],[-62.1655,46.3585],[-62.0315,46.415],[-62.004,46.464]]]},"properties":{"name":"Prince Edward Island","admin":"Canada"}},
{"type":"Feature","geometry":{"type":"Polygon","coordinates":[[[-79.25,25.7745],[-79.2805,25.757],[-79.267,25.7325],[-79.243,25.743],[-79.25,25.7745]]]},"properties":{"name":"Bimini","admin":"The Bahamas"}},
{"type":"Feature","geometry":{"type":"Polygon","coordinates":[[[-71.21,21.3415],[-71.219,21.3145],[-71.2135,21.3105],[-71.1925,21.335],[-71.21,21.3415]]]},"properties":{"name":"Salt Cay","admin":"Turks and Caicos Islands"}},
{"type":"Feature","geometry":{"type":"Polygon","coordinates":[[[-75.722,22.2025],[-75.7495,22.2045],[-75.7345,22.175],[-75.7145,22.183],[-75.722,22.2025]]]},"properties":{"name":"Ragged Island","admin":"The Bahamas"}},
{"type":"Feature","geometry":{"type":"Polygon","coordinates":[[[-89.664,22.371],[-89.61,22.461],[-89.655,22.472],[-89.698,22.4175],[-89.664,22.371]]]},"properties":{"name":null,"admin":"Mexico"}},
{"type":"Feature","geometry":{"type":"Polygon","coordinates":[[[-76.77,25.5515],[-76.7875,25.542],[-76.75,25.5395],[-76.77,25.5515]]]},"properties":{"name":"Harbour Island","admin":"The Bahamas"}},
{"type":"Feature","geometry":{"type":"Polygon","coordinates":[[[-76.829,25.5315],[-76.857,25.524],[-76.8485,25.517],[-76.829,25.517],[-76.829,25.5315]]]},"properties":{"name":"Spanish Wells","admin":"The Bahamas"}},
{"type":"Feature","geometry":{"type":"Polygon","coordinates":[[[-111.05,42],[-111.4245,42],[-112.3595,42],[-113.4815,42],[-114.0425,42],[-114.0425,41.5315],[-114.042,40.5945],[-114.0415,39.97],[-114.0415,39.1895],[-114.041,38.2525],[-114.0405,37.4715],[-114.04,37.003],[-113.416,37.0025],[-112.4795,37.002],[-112.0115,37.002],[-111.2315,37.001],[-110.763,37.001],[-109.827,37.0005],[-109.0465,37],[-109.0465,37.5],[-109.0465,38.375],[-109.0465,39],[-109.0465,39.75],[-109.0465,40.375],[-109.0465,41],[-109.6725,41],[-110.424,41],[-111.05,41],[-111.05,41.4375],[-111.05,42]]]},"properties":{"name":"Utah","admin":"United States of America"}},
{"type":"Feature","geometry":{"type":"Polygon","coordinates":[[[-109.0465,41],[-108.2615,41],[-107.79,41],[-107.005,41],[-106.063,41],[-105.592,41],[-104.6495,41],[-104.0535,41],[-104.0525,41.5],[-104.0525,42.125],[-104.053,43.0005],[-104.0555,43.875],[-104.0555,44.626],[-104.0565,45],[-104.7985,45],[-105.778,45],[-106.322,45],[-107.1925,45],[-107.845,45],[-108.7155,45],[-109.912,45],[-111.051,45],[-111.0515,44.498],[-111.051,43.8735],[-111.051,43.405],[-111.0505,42.7805],[-111.05,42],[-111.05,41.4375],[-111.05,41],[-110.424,41],[-109.6725,41],[-109.0465,41]]]},"properties":{"name":"Wyoming","admin":"United States of America"}},
{"type":"Feature","geometry":{"type":"Polygon","coordinates":[[[-114.0425,42],[-114.972,42],[-115.7155,42],[-116.645,41.9995],[-117.0165,41.9995],[-117.949,41.9995],[-118.6945,41.9995],[-119.4405,41.9995],[-120.001,41.9995],[-120.0005,41.45],[-120.0005,40.7175],[-120.0005,40.351],[-120,39.618],[-120,38.999],[-119.2975,38.509],[-118.829,38.182],[-118.126,37.6915],[-117.393,37.14],[-116.6595,36.589],[-116.1775,36.2105],[-115.535,35.7055],[-115.194,35.438],[-114.628,35.0035],[-114.6355,35.137],[-114.5725,35.191],[-114.591,35.353],[-114.6675,35.517],[-114.645,35.6305],[-114.6865,35.7195],[-114.6935,35.8225],[-114.667,35.874],[-114.7395,35.986],[-114.721,36.0925],[-114.555,36.1605],[-114.4355,36.1275],[-114.3475,36.14],[-114.2335,36.0245],[-114.124,36.046],[-114.042,36.22],[-114.04,37.003],[-114.0405,37.4715],[-114.041,38.2525],[-114.0415,39.1895],[-114.0415,39.97],[-114.042,40.5945],[-114.0425,41.5315],[-114.0425,42]]]},"properties":{"name":"Nevada","admin":"United States of America"}},
{"type":"Feature","geometry":{"type":"Polygon","coordinates":[[[-109.0465,41],[-109.0465,40.375],[-109.0465,39.75],[-109.0465,39],[-109.0465,38.375],[-109.0465,37.5],[-109.0465,37],[-108.48,37],[-107.913,37],[-107.1575,37],[-106.5905,37],[-105.8345,37],[-105.079,37],[-104.512,37],[-103.5675,37],[-103.001,37],[-102.0395,37],[-102.0415,37.4685],[-102.0445,38.2185],[-102.047,38.875],[-102.049,39.344],[-102.0515,40],[-102.052,40.9995],[-102.831,40.9995],[-103.5455,40.9995],[-104.0535,41],[-104.6495,41],[-105.592,41],[-106.063,41],[-107.005,41],[-107.79,41],[-108.2615,41],[-109.0465,41]]]},"properties":{"name":"Colorado","admin":"United States of America"}},
{"type":"Feature","geometry":{"type":"Polygon","coordinates":[[[-104.0565,45],[-104.0555,44.626],[-104.0555,43.875],[-104.053,43.0005],[-103.0065,43.0005],[-102.155,43.0005],[-100.962,43.0005],[-100.1105,43],[-99.429,43],[-98.485,43],[-98.243,42.8725],[-98.007,42.784],[-97.942,42.7885],[-97.839,42.8715],[-97.661,42.854],[-97.5005,42.86],[-97.301,42.887],[-97.1275,42.7895],[-96.947,42.745],[-96.857,42.74],[-96.7995,42.687],[-96.709,42.6775],[-96.6935,42.615],[-96.6115,42.5345],[-96.4825,42.5185],[-96.523,42.649],[-96.638,42.751],[-96.5635,42.8445],[-96.511,42.9655],[-96.5075,43.0455],[-96.4555,43.1215],[-96.481,43.2165],[-96.5645,43.2235],[-96.5355,43.3855],[-96.5925,43.4425],[-96.5955,43.499],[-96.4535,43.5],[-96.4535,44.379],[-96.4535,45.2965],[-96.5665,45.3935],[-96.688,45.409],[-96.7665,45.512],[-96.863,45.601],[-96.8465,45.643],[-96.638,45.7635],[-96.5565,45.942],[-97.488,45.942],[-98.187,45.942],[-99.119,45.942],[-99.818,45.942],[-100.7495,45.942],[-101.2155,45.942],[-102.1475,45.942],[-102.6135,45.942],[-103.545,45.942],[-104.045,45.942],[-104.0395,45],[-104.0565,45]]]},"properties":{"name":"South Dakota","admin":"United States of America"}},
{"type":"Feature","geometry":{"type":"Polygon","coordinates":[[[-104.0535,41],[-103.5455,40.9995],[-102.831,40.9995],[-102.052,40.9995],[-102.0515,40],[-100.9765,40],[-100.138,40],[-99.09,40],[-98.042,40],[-96.994,40],[-95.946,40],[-95.3175,40],[-95.4195,40.045],[-95.404,40.114],[-95.629,40.3455],[-95.696,40.5185],[-95.768,40.5485],[-95.7675,40.6005],[-95.773,40.6605],[-95.8695,40.729],[-95.8275,40.794],[-95.8385,40.9825],[-95.871,41.012],[-95.876,41.167],[-95.924,41.2075],[-95.879,41.318],[-95.958,41.3385],[-95.931,41.465],[-96.082,41.55],[-96.102,41.647],[-96.064,41.796],[-96.133,41.866],[-96.1545,41.988],[-96.2605,42.058],[-96.2655,42.1195],[-96.3515,42.2055],[-96.3425,42.3],[-96.402,42.369],[-96.3975,42.4965],[-96.4825,42.5185],[-96.6115,42.5345],[-96.6935,42.615],[-96.709,42.6775],[-96.7995,42.687],[-96.857,42.74],[-96.947,42.745],[-97.1275,42.7895],[-97.301,42.887],[-97.5005,42.86],[-97.661,42.854],[-97.839,42.8715],[-97.942,42.7885],[-98.007,42.784],[-98.243,42.8725],[-98.485,43],[-99.429,43],[-100.1105,43],[-100.962,43.0005],[-102.155,43.0005],[-103.0065,43.0005],[-104.053,43.0005],[-104.0525,42.125],[-104.0525,41.5],[-104.0535,41]]]},"properties":{"name":"Nebraska","admin":"United States of America"}},
{"type":"Feature","geometry":{"type":"Polygon","coordinates":[[[-102.0395,37],[-101.3195,37],[-100.8575,37],[-99.933,37],[-99.471,37],[-98.5465,37],[-97.853,37],[-96.929,37],[-96.0045,37],[-95.5425,37],[-94.618,37],[-94.618,37.8935],[-94.618,38.4045],[-94.6175,39.123],[-94.663,39.173],[-94.724,39.173],[-94.8295,39.2175],[-94.9085,39.367],[-95.0255,39.454],[-95.099,39.53],[-95.0375,39.656],[-94.961,39.742],[-94.891,39.7295],[-94.8825,39.821],[-95.002,39.903],[-95.068,39.8655],[-95.191,39.9065],[-95.3175,40],[-95.946,40],[-96.994,40],[-98.042,40],[-99.09,40],[-100.138,40],[-100.9765,40],[-102.0515,40],[-102.049,39.344],[-102.047,38.875],[-102.0445,38.2185],[-102.0415,37.4685],[-102.0395,37]]]},"properties":{"name":"Kansas","admin":"United States of America"}},
{"type":"Feature","geometry":{"type":"Polygon","coordinates":[[[-103,36.5],[-102.32,36.5],[-101.8075,36.5],[-100.748,36.5],[-100.0025,36.5],[-100.001,35.541],[-100,35.0865],[-99.9995,34.5755],[-99.882,34.565],[-99.681,34.3945],[-99.6015,34.385],[-99.5475,34.4125],[-99.4015,34.3865],[-99.3875,34.4515],[-99.2655,34.4115],[-99.192,34.322],[-99.193,34.232],[-99.0285,34.2045],[-98.953,34.2115],[-98.8775,34.171],[-98.72,34.1365],[-98.5745,34.1515],[-98.4905,34.075],[-98.4165,34.079],[-98.3435,34.1435],[-98.2095,34.129],[-98.0905,34.1385],[-98.0885,34.028],[-97.9465,33.977],[-97.959,33.893],[-97.884,33.8615],[-97.801,33.888],[-97.68,33.9835],[-97.603,33.979],[-97.571,33.899],[-97.4695,33.892],[-97.4525,33.8355],[-97.3715,33.8305],[-97.212,33.91],[-97.1775,33.869],[-97.2005,33.7865],[-97.1675,33.7375],[-97.094,33.7425],[-97.0785,33.808],[-96.9145,33.956],[-96.8555,33.875],[-96.692,33.8545],[-96.6495,33.916],[-96.601,33.905],[-96.582,33.8385],[-96.4965,33.7865],[-96.4105,33.7865],[-96.329,33.702],[-96.2895,33.763],[-96.2025,33.7635],[-96.1565,33.821],[-96.04,33.8435],[-95.938,33.8955],[-95.8605,33.854],[-95.7725,33.862],[-95.598,33.952],[-95.537,33.89],[-95.357,33.868],[-95.2685,33.9045],[-95.2205,33.963],[-95.1545,33.944],[-95.0475,33.876],[-94.9815,33.8615],[-94.8725,33.756],[-94.7555,33.7335],[-94.533,33.65],[-94.484,33.6475],[-94.473,34.082],[-94.4505,34.9515],[-94.439,35.386],[-94.5065,35.804],[-94.6185,36.5],[-94.618,37],[-95.5425,37],[-96.0045,37],[-96.929,37],[-97.853,37],[-98.5465,37],[-99.471,37],[-99.933,37],[-100.8575,37],[-101.3195,37],[-102.0395,37],[-103.001,37],[-103,36.5]]]},"properties":{"name":"Oklahoma","admin":"United States of America"}},
{"type":"Feature","geometry":{"type":"Polygon","coordinates":[[[-96.4825,42.5185],[-96.3975,42.4965],[-96.402,42.369],[-96.3425,42.3],[-96.3515,42.2055],[-96.2655,42.1195],[-96.2605,42.058],[-96.1545,41.988],[-96.133,41.866],[-96.064,41.796],[-96.102,41.647],[-96.082,41.55],[-95.931,41.465],[-95.958,41.3385],[-95.879,41.318],[-95.924,41.2075],[-95.876,41.167],[-95.871,41.012],[-95.8385,40.9825],[-95.8275,40.794],[-95.8695,40.729],[-95.773,40.6605],[-95.7675,40.6005],[-94.922,40.5815],[-94.4785,40.573],[-94.016,40.575],[-93.5615,40.5855],[-93.095,40.5815],[-92.347,40.6],[-91.944,40.6055],[-91.7305,40.619],[-91.682,40.551],[-91.5455,40.4685],[-91.442,40.3795],[-91.3825,40.393],[-91.3835,40.5985],[-91.188,40.6535],[-91.127,40.7015],[-91.0935,40.8235],[-90.9665,40.946],[-90.9515,41.0755],[-90.9975,41.1465],[-91.0825,41.19],[-91.099,41.2565],[-91.055,41.383],[-90.9915,41.4335],[-90.7045,41.451],[-90.603,41.5105],[-90.441,41.5435],[-90.3465,41.6055],[-90.305,41.7485],[-90.201,41.8135],[-90.1405,42.0305],[-90.1695,42.1165],[-90.403,42.2455],[-90.4145,42.3185],[-90.463,42.376],[-90.654,42.49],[-90.6415,42.512],[-90.6265,42.5445],[-90.703,42.6555],[-90.9665,42.7015],[-91.0455,42.742],[-91.1305,42.9115],[-91.168,43.1605],[-91.085,43.28],[-91.111,43.34],[-91.197,43.366],[-91.25,43.501],[-91.9005,43.501],[-92.876,43.5005],[-93.852,43.5005],[-94.8275,43.5005],[-95.803,43.5],[-96.4535,43.5],[-96.5955,43.499],[-96.5925,43.4425],[-96.5355,43.3855],[-96.5645,43.2235],[-96.481,43.2165],[-96.4555,43.1215],[-96.5075,43.0455],[-96.511,42.9655],[-96.5635,42.8445],[-96.638,42.751],[-96.523,42.649],[-96.4825,42.5185]]]},"properties":{"name":"Iowa","admin":"United States of America"}},
{"type":"Feature","geometry":{"type":"Polygon","coordinates":[[[-95.3175,40],[-95.191,39.9065],[-95.068,39.8655],[-95.002,39.903],[-94.8825,39.821],[-94.891,39.7295],[-94.961,39.742],[-95.0375,39.656],[-95.099,39.53],[-95.0255,39.454],[-94.9085,39.367],[-94.8295,39.2175],[-94.724,39.173],[-94.663,39.173],[-94.6175,39.123],[-94.618,38.4045],[-94.618,37.8935],[-94.618,37],[-94.6185,36.5],[-93.5215,36.5],[-92.699,36.5],[-92.1505,36.5],[-91.054,36.5],[-90.162,36.5],[-90.1225,36.4185],[-90.063,36.369],[-90.0675,36.2875],[-90.1435,36.2115],[-90.2155,36.1845],[-90.3425,36.0615],[-90.3735,35.986],[-89.724,36.0005],[-89.674,36.102],[-89.614,36.1415],[-89.6945,36.247],[-89.5835,36.2545],[-89.626,36.323],[-89.531,36.3835],[-89.56,36.5],[-89.4945,36.5015],[-89.4245,36.499],[-89.359,36.638],[-89.2535,36.569],[-89.2055,36.6075],[-89.1405,36.7345],[-89.1495,36.851],[-89.1235,36.9795],[-89.177,36.9785],[-89.246,37.0455],[-89.327,37.014],[-89.5235,37.268],[-89.4585,37.3625],[-89.451,37.4405],[-89.527,37.562],[-89.5165,37.614],[-89.5495,37.6975],[-89.647,37.7335],[-89.722,37.837],[-89.832,37.8845],[-89.9225,37.9525],[-90.005,37.9625],[-90.111,38.0165],[-90.243,38.113],[-90.3465,38.207],[-90.382,38.3005],[-90.264,38.543],[-90.1965,38.638],[-90.198,38.744],[-90.127,38.8305],[-90.1835,38.8825],[-90.4285,38.9675],[-90.479,38.959],[-90.5855,38.878],[-90.6575,38.921],[-90.7025,38.9955],[-90.7025,39.101],[-90.73,39.201],[-90.8195,39.32],[-91.051,39.4525],[-91.1045,39.533],[-91.355,39.711],[-91.3915,39.8035],[-91.4495,39.8655],[-91.446,39.948],[-91.4925,40.0095],[-91.519,40.175],[-91.496,40.3135],[-91.442,40.3795],[-91.5455,40.4685],[-91.682,40.551],[-91.7305,40.619],[-91.944,40.6055],[-92.347,40.6],[-93.095,40.5815],[-93.5615,40.5855],[-94.016,40.575],[-94.4785,40.573],[-94.922,40.5815],[-95.7675,40.6005],[-95.768,40.5485],[-95.696,40.5185],[-95.629,40.3455],[-95.404,40.114],[-95.4195,40.045],[-95.3175,40]]]},"properties":{"name":"Missouri","admin":"United States of America"}},
{"type":"Feature","geometry":{"type":"Polygon","coordinates":[[[-71.184,19.5365],[-71.149,19.4805],[-71.075,19.468],[-71.0185,19.442],[-70.9045,19.4815],[-70.864,19.6415],[-71.134,19.752],[-71.1725,19.6285],[-71.184,19.5365]]]},"properties":{"name":"Valverde","admin":"Dominican Republic"}},
{"type":"Feature","geometry":{"type":"Polygon","coordinates":[[[-71.413,19.5445],[-71.4485,19.466],[-71.4885,19.299],[-71.416,19.2345],[-71.3275,19.191],[-71.231,19.17],[-71.241,19.329],[-71.181,19.385],[-71.0685,19.4125],[-71.075,19.468],[-71.149,19.4805],[-71.184,19.5365],[-71.279,19.5525],[-71.413,19.5445]]]},"properties":{"name":"Santiago Rodríguez","admin":"Dominican Republic"}},
{"type":"Feature","geometry":{"type":"Polygon","coordinates":[[[-70.614,19.369],[-70.7415,19.321],[-70.6785,19.249],[-70.795,19.125],[-70.919,19.0695],[-70.916,19.026],[-70.896,19],[-70.523,19],[-70.502,19.074],[-70.4235,19.1115],[-70.3925,19.0725],[-70.2815,19.1465],[-70.3635,19.225],[-70.4325,19.2535],[-70.4675,19.319],[-70.5155,19.3615],[-70.614,19.369]]]},"properties":{"name":"La Vega","admin":"Dominican Republic"}},
{"type":"Feature","geometry":{"type":"Polygon","coordinates":[[[-70.4675,19.319],[-70.4325,19.2535],[-70.3635,19.225],[-70.321,19.3995],[-70.2505,19.4415],[-70.2365,19.499],[-70.2885,19.5585],[-70.3625,19.4985],[-70.4425,19.5005],[-70.4455,19.3775],[-70.4675,19.319]]]},"properties":{"name":"Hermanas","admin":"Dominican Republic"}},
{"type":"Feature","geometry":{"type":"Polygon","coordinates":[[[-70.2365,19.499],[-70.2505,19.4415],[-70.321,19.3995],[-70.3635,19.225],[-70.2815,19.1465],[-70.089,19.1445],[-69.908,19.0935],[-69.9205,19.0395],[-69.875,19.084],[-69.756,19.0875],[-69.6765,19.1795],[-69.7375,19.22],[-69.786,19.198],[-69.9915,19.257],[-70.1185,19.347],[-70.1455,19.455],[-70.215,19.4975],[-70.2365,19.499]]]},"properties":{"name":"Duarte","admin":"Dominican Republic"}},
{"type":"Feature","geometry":{"type":"Polygon","coordinates":[[[-70.5475,19.518],[-70.6085,19.536],[-70.659,19.6285],[-70.7605,19.5905],[-70.864,19.6415],[-70.9045,19.4815],[-71.0185,19.442],[-71.075,19.468],[-71.0685,19.4125],[-71.181,19.385],[-71.241,19.329],[-71.231,19.17],[-71.1355,19.122],[-71.124,19.0825],[-71.0155,19.0255],[-70.916,19.026],[-70.919,19.0695],[-70.795,19.125],[-70.6785,19.249],[-70.7415,19.321],[-70.614,19.369],[-70.5475,19.518]]]},"properties":{"name":"Santiago","admin":"Dominican Republic"}},
{"type":"Feature","geometry":{"type":"Polygon","coordinates":[[[-71.586,19],[-70.896,19],[-70.916,19.026],[-71.0155,19.0255],[-71.124,19.0825],[-71.1355,19.122],[-71.231,19.17],[-71.3275,19.191],[-71.3365,19.13],[-71.406,19.105],[-71.471,19.1285],[-71.519,19.018],[-71.586,19]]]},"properties":{"name":"San Juan","admin":"Dominican Republic"}},
{"type":"Feature","geometry":{"type":"Polygon","coordinates":[[[-70.3925,19.0725],[-70.4235,19.1115],[-70.502,19.074],[-70.523,19],[-70.3675,19],[-70.3925,19.0725]]]},"properties":{"name":"Monseñor Nouel","admin":"Dominican Republic"}},
{"type":"Feature","geometry":{"type":"Polygon","coordinates":[[[-70.3675,19],[-69.9295,19],[-69.9205,19.0395],[-69.908,19.0935],[-70.089,19.1445],[-70.2815,19.1465],[-70.3925,19.0725],[-70.3675,19]]]},"properties":{"name":"Sánchez Ramírez","admin":"Dominican Republic"}},
{"type":"Feature","geometry":{"type":"Polygon","coordinates":[[[-69.9295,19],[-69.6275,19],[-69.638,19.009],[-69.756,19.0875],[-69.875,19.084],[-69.9205,19.0395],[-69.9295,19]]]},"properties":{"name":"Monte Plata","admin":"Dominican Republic"}},
{"type":"Feature","geometry":{"type":"Polygon","coordinates":[[[-98.641,19.462],[-98.6595,19.5855],[-98.6015,19.6975],[-98.605,19.741],[-98.6975,19.8505],[-98.745,19.8405],[-98.835,19.8865],[-98.9155,19.8045],[-98.9665,19.8215],[-98.9425,19.9905],[-99.0175,20.042],[-99.202,19.979],[-99.2165,19.9045],[-99.271,19.881],[-99.3865,19.7565],[-99.447,19.91],[-99.5185,19.953],[-99.486,20.061],[-99.5485,20.1575],[-99.7165,20.184],[-99.792,20.282],[-99.844,20.309],[-99.9375,20.2525],[-99.8885,20.1905],[-99.951,20.171],[-100.123,19.938],[-100.171,19.7565],[-100.1655,19.7105],[-100.2145,19.565],[-100.1585,19.42],[-100.33,19.323],[-100.299,19.2585],[-100.44,19.0825],[-100.5185,19],[-99.3295,19],[-99.3225,19.1045],[-99.285,19.1425],[-99.333,19.2975],[-99.3095,19.3625],[-99.2595,19.361],[-99.1235,19.571],[-99.0385,19.4275],[-99.045,19.363],[-98.99,19.3365],[-98.9585,19.2615],[-98.942,19.1215],[-98.964,19.089],[-98.84,19.0445],[-98.824,19],[-98.693,19],[-98.6465,19.0235],[-98.651,19.17],[-98.633,19.1895],[-98.6715,19.39],[-98.641,19.462]]]},"properties":{"name":"México","admin":"Mexico"}},
{"type":"Feature","geometry":{"type":"Polygon","coordinates":[[[-98.6465,19.0235],[-98.648,19],[-97.2475,19],[-97.264,19.1605],[-97.167,19.194],[-97.109,19.1785],[-97.0375,19.2175],[-96.982,19.288],[-97.06,19.3195],[-97.1125,19.303],[-97.226,19.3385],[-97.2695,19.3995],[-97.341,19.4175],[-97.3205,19.481],[-97.3925,19.576],[-97.373,19.6645],[-97.3245,19.6945],[-97.302,19.8075],[-97.3105,19.89],[-97.269,19.9615],[-97.154,20.0805],[-97.153,20.146],[-97.4035,20.2595],[-97.4705,20.2375],[-97.543,20.1365],[-97.6055,20.187],[-97.69,20.188],[-97.774,20.273],[-97.7595,20.336],[-97.7695,20.4385],[-97.6935,20.466],[-97.64,20.416],[-97.5585,20.504],[-97.589,20.582],[-97.662,20.607],[-97.741,20.713],[-97.779,20.814],[-97.8965,20.8065],[-97.936,20.7305],[-97.951,20.55],[-98,20.4845],[-98.116,20.3935],[-98.1595,20.3295],[-98.2355,20.3145],[-98.2755,20.242],[-98.246,20.2025],[-98.1355,20.2105],[-98.101,20.086],[-98.1575,20.0275],[-98.1725,19.972],[-98.245,19.8715],[-98.2435,19.826],[-98.143,19.673],[-98.028,19.692],[-98.0345,19.636],[-97.941,19.58],[-97.8785,19.5115],[-97.8445,19.4365],[-97.759,19.448],[-97.7045,19.39],[-97.641,19.373],[-97.6205,19.3195],[-97.668,19.284],[-97.8275,19.3115],[-97.878,19.278],[-97.8465,19.212],[-97.929,19.1585],[-98.05,19.209],[-98.1085,19.135],[-98.1935,19.1065],[-98.3515,19.2415],[-98.433,19.344],[-98.466,19.4385],[-98.641,19.462],[-98.6715,19.39],[-98.633,19.1895],[-98.651,19.17],[-98.6465,19.0235]]]},"properties":{"name":"Puebla","admin":"Mexico"}},
{"type":"Feature","geometry":{"type":"MultiPolygon","coordinates":[[[[-98.6465,19.0235],[-98.693,19],[-98.648,19],[-98.6465,19.0235]]],[[[-99.3295,19],[-98.824,19],[-98.84,19.0445],[-98.964,19.089],[-99.043,19.058],[-99.131,19.0955],[-99.229,19.109],[-99.285,19.1425],[-99.3225,19.1045],[-99.3295,19]]]]},"properties":{"name":"Morelos","admin":"Mexico"}},
{"type":"Feature","geometry":{"type":"Polygon","coordinates":[[[-99.0435,21.2685],[-99.1125,21.2905],[-99.099,21.3815],[-99.1985,21.623],[-99.2565,21.5475],[-99.3325,21.523],[-99.381,21.4325],[-99.57,21.3925],[-99.72,21.5145],[-99.7905,21.419],[-99.7925,21.2915],[-99.7195,21.27],[-99.7255,21.2245],[-99.827,21.1585],[-99.884,21.1595],[-99.96,21.201],[-100.0525,21.158],[-100.078,20.9925],[-100.106,20.9165],[-100.183,20.879],[-100.254,20.9325],[-100.322,20.8965],[-100.4115,20.912],[-100.474,20.9505],[-100.5155,20.881],[-100.565,20.74],[-100.5585,20.658],[-100.491,20.5435],[-100.4845,20.4355],[-100.374,20.2725],[-100.286,20.2135],[-100.2355,20.191],[-100.1765,20.086],[-100.1765,19.9785],[-100.123,19.938],[-99.951,20.171],[-99.8885,20.1905],[-99.9375,20.2525],[-99.844,20.309],[-99.8195,20.5125],[-99.645,20.562],[-99.5975,20.6115],[-99.49,20.661],[-99.5215,20.7355],[-99.492,20.8345],[-99.4155,20.896],[-99.3545,21.028],[-99.364,21.111],[-99.2825,21.147],[-99.228,21.119],[-99.122,21.1715],[-99.0425,21.176],[-99.0435,21.2685]]]},"properties":{"name":"Querétaro","admin":"Mexico"}},
{"type":"Feature","geometry":{"type":"Polygon","coordinates":[[[-99.844,20.309],[-99.792,20.282],[-99.7165,20.184],[-99.5485,20.1575],[-99.486,20.061],[-99.5185,19.953],[-99.447,19.91],[-99.3865,19.7565],[-99.271,19.881],[-99.2165,19.9045],[-99.202,19.979],[-99.0175,20.042],[-98.9425,19.9905],[-98.9665,19.8215],[-98.9155,19.8045],[-98.835,19.8865],[-98.745,19.8405],[-98.6975,19.8505],[-98.605,19.741],[-98.6015,19.6975],[-98.6595,19.5855],[-98.5725,19.6335],[-98.3305,19.607],[-98.267,19.7145],[-98.143,19.673],[-98.2435,19.826],[-98.245,19.8715],[-98.1725,19.972],[-98.1575,20.0275],[-98.101,20.086],[-98.1355,20.2105],[-98.246,20.2025],[-98.2755,20.242],[-98.2355,20.3145],[-98.1595,20.3295],[-98.116,20.3935],[-98,20.4845],[-98.0215,20.661],[-98.111,20.6885],[-98.336,20.435],[-98.3775,20.465],[-98.4345,20.371],[-98.5005,20.3625],[-98.5685,20.4725],[-98.508,20.6245],[-98.437,20.677],[-98.484,20.772],[-98.419,20.7885],[-98.393,20.877],[-98.2355,20.829],[-98.2325,20.9385],[-98.13,21.072],[-98.2125,21.1505],[-98.288,21.1435],[-98.41,21.1775],[-98.493,21.2635],[-98.443,21.3535],[-98.515,21.399],[-98.585,21.377],[-98.5925,21.212],[-98.69,21.212],[-98.8235,21.177],[-98.896,21.2085],[-98.939,21.291],[-99.0435,21.2685],[-99.0425,21.176],[-99.122,21.1715],[-99.228,21.119],[-99.2825,21.147],[-99.364,21.111],[-99.3545,21.028],[-99.4155,20.896],[-99.492,20.8345],[-99.5215,20.7355],[-99.49,20.661],[-99.5975,20.6115],[-99.645,20.562],[-99.8195,20.5125],[-99.844,20.309]]]},"properties":{"name":"Hidalgo","admin":"Mexico"}},
{"type":"Feature","geometry":{"type":"Polygon","coordinates":[[[-99.7905,21.419],[-99.8785,21.456],[-99.9585,21.459],[-100.076,21.5545],[-100.2425,21.605],[-100.404,21.6775],[-100.4555,21.648],[-100.499,21.5135],[-100.6275,21.492],[-100.898,21.6945],[-100.9615,21.7505],[-101.091,21.7725],[-101.2015,21.7535],[-101.2595,21.772],[-101.326,21.873],[-101.4495,21.822],[-101.5205,21.841],[-101.5795,21.7785],[-101.5385,21.637],[-101.615,21.5845],[-101.637,21.5165],[-101.5745,21.4245],[-101.5725,21.3475],[-101.6875,21.236],[-101.772,21.23],[-101.855,21.1485],[-102.0455,20.8725],[-102.088,20.7905],[-102.085,20.7295],[-101.977,20.6285],[-101.9805,20.5555],[-102.0605,20.4685],[-102.0995,20.387],[-101.9955,20.403],[-101.9495,20.366],[-101.9325,20.252],[-101.905,20.2035],[-101.6895,20.201],[-101.6385,20.2345],[-101.608,20.3205],[-101.4805,20.331],[-101.383,20.287],[-101.434,20.225],[-101.4115,20.193],[-101.4195,20.0535],[-101.194,20.035],[-101.1635,20.1015],[-100.999,20.09],[-100.9865,20.0235],[-101.017,19.9515],[-100.9145,19.925],[-100.8295,19.9755],[-100.7745,19.9105],[-100.7265,19.937],[-100.396,19.9645],[-100.3985,20.0745],[-100.286,20.2135],[-100.374,20.2725],[-100.4845,20.4355],[-100.491,20.5435],[-100.5585,20.658],[-100.565,20.74],[-100.5155,20.881],[-100.474,20.9505],[-100.4115,20.912],[-100.322,20.8965],[-100.254,20.9325],[-100.183,20.879],[-100.106,20.9165],[-100.078,20.9925],[-100.0525,21.158],[-99.96,21.201],[-99.884,21.1595],[-99.827,21.1585],[-99.7255,21.2245],[-99.7195,21.27],[-99.7925,21.2915],[-99.7905,21.419]]]},"properties":{"name":"Guanajuato","admin":"Mexico"}},
{"type":"Feature","geometry":{"type":"Polygon","coordinates":[[[-100.8285,24.565],[-100.8695,24.467],[-100.994,24.3715],[-101.2455,23.9925],[-101.336,23.9515],[-101.4095,23.8695],[-101.5425,23.77],[-101.6635,23.707],[-101.716,23.631],[-101.8285,23.581],[-101.9385,23.4545],[-102.0725,23.3545],[-102.1905,23.404],[-102.243,23.2655],[-102.253,23.189],[-102.228,23.101],[-102.251,22.9835],[-102.183,22.8435],[-102.117,22.757],[-102.013,22.671],[-101.953,22.6475],[-101.8325,22.482],[-101.7615,22.4495],[-101.63,22.498],[-101.584,22.586],[-101.512,22.6085],[-101.388,22.609],[-101.352,22.5895],[-101.3015,22.481],[-101.373,22.4005],[-101.3795,22.361],[-101.336,22.2255],[-101.3225,22.1015],[-101.5205,21.841],[-101.4495,21.822],[-101.326,21.873],[-101.2595,21.772],[-101.2015,21.7535],[-101.091,21.7725],[-100.9615,21.7505],[-100.898,21.6945],[-100.6275,21.492],[-100.499,21.5135],[-100.4555,21.648],[-100.404,21.6775],[-100.2425,21.605],[-100.076,21.5545],[-99.9585,21.459],[-99.8785,21.456],[-99.7905,21.419],[-99.72,21.5145],[-99.57,21.3925],[-99.381,21.4325],[-99.3325,21.523],[-99.2565,21.5475],[-99.1985,21.623],[-99.099,21.3815],[-99.1125,21.2905],[-99.0435,21.2685],[-98.939,21.291],[-98.896,21.2085],[-98.8235,21.177],[-98.69,21.212],[-98.5925,21.212],[-98.585,21.377],[-98.515,21.399],[-98.53,21.525],[-98.6425,21.609],[-98.624,21.685],[-98.489,21.7525],[-98.459,21.8095],[-98.532,21.8495],[-98.5385,21.9725],[-98.4525,21.9805],[-98.3615,22.1525],[-98.3475,22.2215],[-98.3735,22.265],[-98.616,22.4185],[-98.7655,22.4055],[-98.8125,22.3625],[-98.9395,22.3725],[-99.2485,22.459],[-99.379,22.6835],[-99.449,22.646],[-99.499,22.705],[-99.5545,22.621],[-99.9875,22.7775],[-100.04,22.8685],[-99.916,22.9575],[-99.9145,23.018],[-99.9885,23.092],[-100.0575,23.241],[-100.327,23.254],[-100.34,23.1895],[-100.4395,23.229],[-100.471,23.418],[-100.455,23.5135],[-100.4945,23.6615],[-100.4875,23.8215],[-100.58,23.9305],[-100.604,24.026],[-100.6105,24.2835],[-100.8285,24.565]]]},"properties":{"name":"San Luis Potosí","admin":"Mexico"}},
{"type":"Feature","geometry":{"type":"Polygon","coordinates":[[[-100.8285,24.565],[-100.925,24.6115],[-101.017,24.6025],[-101.0965,24.641],[-101.197,24.7965],[-101.2645,24.823],[-101.3415,24.812],[-101.4615,24.7495],[-101.617,24.757],[-101.5745,24.807],[-101.591,24.8825],[-101.768,24.938],[-101.8605,25.0755],[-102.1735,25.163],[-102.5825,25.125],[-102.668,25.079],[-102.503,24.8615],[-102.4915,24.824],[-102.49,24.474],[-102.7115,24.417],[-102.801,24.41],[-103.2465,24.491],[-103.3975,24.4255],[-103.429,24.3525],[-103.516,24.3405],[-103.5775,24.2885],[-103.6705,24.162],[-103.836,24.085],[-103.8395,23.945],[-103.9045,23.925],[-103.8515,23.8505],[-103.879,23.773],[-103.8185,23.717],[-103.819,23.6465],[-103.918,23.653],[-103.941,23.567],[-104.109,23.4355],[-104.1345,23.187],[-104.189,23.1175],[-104.209,22.6435],[-104.3115,22.319],[-104.3295,22.2645],[-104.132,22.3435],[-104.0295,22.351],[-103.948,22.379],[-103.926,22.49],[-103.992,22.5745],[-103.983,22.7715],[-103.7785,22.7345],[-103.795,22.624],[-103.8515,22.5685],[-103.8665,22.4085],[-103.889,22.3445],[-103.8805,22.23],[-103.848,22.1975],[-103.761,22.5595],[-103.739,22.599],[-103.657,22.5915],[-103.608,22.5245],[-103.683,22.322],[-103.6635,22.2395],[-103.6785,22.137],[-103.642,22.113],[-103.5695,22.1515],[-103.4885,22.135],[-103.4475,22.242],[-103.4065,22.259],[-103.3585,22.349],[-103.427,22.4175],[-103.373,22.517],[-103.132,22.3385],[-103.0455,22.2515],[-103.129,22.1405],[-103.086,22.1245],[-103.156,21.9985],[-103.289,21.9855],[-103.318,21.9495],[-103.4005,21.929],[-103.527,21.817],[-103.5195,21.6005],[-103.6665,21.488],[-103.734,21.525],[-103.7045,21.384],[-103.7465,21.2975],[-103.736,21.227],[-103.637,21.2545],[-103.5915,21.193],[-103.508,21.196],[-103.465,21.162],[-103.364,21.1505],[-103.2315,21.079],[-103.0475,21.074],[-103.056,21.266],[-103.024,21.2915],[-102.915,21.2825],[-102.832,21.338],[-102.7685,21.3385],[-102.6855,21.401],[-102.634,21.534],[-102.6405,21.5685],[-102.776,21.608],[-102.7605,21.749],[-102.825,21.787],[-102.8565,21.8505],[-102.842,21.933],[-102.648,22.213],[-102.6765,22.261],[-102.621,22.3065],[-102.511,22.3055],[-102.4635,22.35],[-102.345,22.397],[-102.2915,22.465],[-102.229,22.369],[-101.9875,22.25],[-101.98,22.123],[-101.903,22.085],[-101.8455,22.0175],[-101.764,21.963],[-101.6935,21.9635],[-101.623,21.9305],[-101.5205,21.841],[-101.3225,22.1015],[-101.336,22.2255],[-101.3795,22.361],[-101.373,22.4005],[-101.3015,22.481],[-101.352,22.5895],[-101.388,22.609],[-101.512,22.6085],[-101.584,22.586],[-101.63,22.498],[-101.7615,22.4495],[-101.8325,22.482],[-101.953,22.6475],[-102.013,22.671],[-102.117,22.757],[-102.183,22.8435],[-102.251,22.9835],[-102.228,23.101],[-102.253,23.189],[-102.243,23.2655],[-102.1905,23.404],[-102.0725,23.3545],[-101.9385,23.4545],[-101.8285,23.581],[-101.716,23.631],[-101.6635,23.707],[-101.5425,23.77],[-101.4095,23.8695],[-101.336,23.9515],[-101.2455,23.9925],[-100.994,24.3715],[-100.8695,24.467],[-100.8285,24.565]]]},"properties":{"name":"Zacatecas","admin":"Mexico"}},
{"type":"Feature","geometry":{"type":"Polygon","coordinates":[[[-101.8455,22.0175],[-101.903,22.085],[-101.98,22.123],[-101.9875,22.25],[-102.229,22.369],[-102.2915,22.465],[-102.345,22.397],[-102.4635,22.35],[-102.511,22.3055],[-102.621,22.3065],[-102.6765,22.261],[-102.648,22.213],[-102.842,21.933],[-102.8565,21.8505],[-102.825,21.787],[-102.7605,21.749],[-102.6305,21.773],[-102.514,21.706],[-102.2865,21.67],[-102.231,21.6775],[-102.146,21.7445],[-102.08,21.768],[-102.049,21.866],[-101.8915,21.9555],[-101.8455,22.0175]]]},"properties":{"name":"Aguascalientes","admin":"Mexico"}},
{"type":"Feature","geometry":{"type":"Polygon","coordinates":[[[-105.3885,23.0335],[-105.2295,23.0375],[-105.1315,23.017],[-104.9455,22.9155],[-104.8885,22.7905],[-104.994,22.675],[-104.9705,22.5415],[-104.7745,22.676],[-104.668,22.6255],[-104.629,22.5105],[-104.5875,22.4595],[-104.477,22.417],[-104.3345,22.475],[-104.3115,22.319],[-104.209,22.6435],[-104.189,23.1175],[-104.1345,23.187],[-104.109,23.4355],[-103.941,23.567],[-103.918,23.653],[-103.819,23.6465],[-103.8185,23.717],[-103.879,23.773],[-103.8515,23.8505],[-103.9045,23.925],[-103.8395,23.945],[-103.836,24.085],[-103.6705,24.162],[-103.5775,24.2885],[-103.516,24.3405],[-103.429,24.3525],[-103.3975,24.4255],[-103.2465,24.491],[-102.801,24.41],[-102.7115,24.417],[-102.49,24.474],[-102.4915,24.824],[-102.503,24.8615],[-102.668,25.079],[-102.816,24.9045],[-102.8385,24.8985],[-102.843,24.7285],[-102.972,24.8065],[-103.1395,24.848],[-103.2515,24.923],[-103.2755,25.072],[-103.388,25.1405],[-103.509,25.298],[-103.4945,25.3525],[-103.425,25.4275],[-103.4835,25.4855],[-103.488,25.541],[-103.418,25.588],[-103.32,25.6985],[-103.3475,26.0215],[-103.3455,26.124],[-103.2815,26.2625],[-103.285,26.3635],[-103.3255,26.4085],[-103.6275,26.644],[-103.9415,26.7605],[-104.1155,26.773],[-104.2345,26.723],[-104.52,26.3715],[-104.598,26.351],[-104.672,26.4115],[-104.8335,26.487],[-104.988,26.5035],[-105.0435,26.468],[-105.117,26.5525],[-105.3275,26.4595],[-105.556,26.573],[-105.6805,26.699],[-105.8085,26.6935],[-106.0275,26.8385],[-106.092,26.735],[-106.158,26.742],[-106.17,26.6125],[-106.225,26.5595],[-106.1945,26.4785],[-106.227,26.429],[-106.4015,26.381],[-106.4275,26.3015],[-106.3815,26.203],[-106.3785,26.1315],[-106.4265,26.039],[-106.525,25.993],[-106.5445,25.78],[-106.721,25.633],[-106.759,25.6205],[-106.937,25.6415],[-107.062,25.5015],[-107.096,25.4205],[-107.1265,25.19],[-107.0365,24.9195],[-106.954,24.867],[-106.9325,24.7995],[-106.8545,24.789],[-106.7565,24.7035],[-106.622,24.482],[-106.596,24.368],[-106.5065,24.294],[-106.4045,24.2895],[-106.274,24.391],[-106.1955,24.39],[-106.0535,24.2835],[-105.9485,24.0735],[-105.8715,24.031],[-105.916,23.94],[-105.9195,23.8615],[-105.8975,23.7135],[-105.826,23.5665],[-105.7655,23.551],[-105.7155,23.464],[-105.688,23.297],[-105.55,23.163],[-105.4755,23.1425],[-105.3925,23.15],[-105.3885,23.0335]]]},"properties":{"name":"Durango","admin":"Mexico"}},
{"type":"Feature","geometry":{"type":"Polygon","coordinates":[[[-98.6595,19.5855],[-98.641,19.462],[-98.466,19.4385],[-98.433,19.344],[-98.3515,19.2415],[-98.1935,19.1065],[-98.1085,19.135],[-98.05,19.209],[-97.929,19.1585],[-97.8465,19.212],[-97.878,19.278],[-97.8275,19.3115],[-97.668,19.284],[-97.6205,19.3195],[-97.641,19.373],[-97.7045,19.39],[-97.759,19.448],[-97.8445,19.4365],[-97.8785,19.5115],[-97.941,19.58],[-98.0345,19.636],[-98.028,19.692],[-98.143,19.673],[-98.267,19.7145],[-98.3305,19.607],[-98.5725,19.6335],[-98.6595,19.5855]]]},"properties":{"name":"Tlaxcala","admin":"Mexico"}},
{"type":"Feature","geometry":{"type":"Polygon","coordinates":[[[-99.285,19.1425],[-99.229,19.109],[-99.131,19.0955],[-99.043,19.058],[-98.964,19.089],[-98.942,19.1215],[-98.9585,19.2615],[-98.99,19.3365],[-99.045,19.363],[-99.0385,19.4275],[-99.1235,19.571],[-99.2595,19.361],[-99.3095,19.3625],[-99.333,19.2975],[-99.285,19.1425]]]},"properties":{"name":"Distrito Federal","admin":"Mexico"}},
{"type":"Feature","geometry":{"type":"MultiPolygon","coordinates":[[[[-87.804,42.492],[-87.8105,42.6535],[-87.7805,42.704],[-87.783,42.812],[-87.8385,42.877],[-87.841,42.9585],[-87.8955,43.0405],[-87.872,43.096],[-87.9075,43.267],[-87.872,43.3735],[-87.808,43.466],[-87.7875,43.5815],[-87.7005,43.7095],[-87.732,43.8235],[-87.7245,43.9255],[-87.6375,44.1005],[-87.55,44.1485],[-87.496,44.2205],[-87.55,44.313],[-87.4855,44.526],[-87.3655,44.6925],[-87.328,44.8035],[-87.45,44.886],[-87.5895,44.856],[-87.66,44.813],[-87.767,44.6565],[-87.9045,44.5935],[-87.9225,44.553],[-88.0325,44.5675],[-87.9715,44.7405],[-87.841,44.8935],[-87.823,44.949],[-87.6365,45.007],[-87.5995,45.105],[-87.7265,45.183],[-87.7265,45.244],[-87.655,45.3615],[-87.882,45.3775],[-87.812,45.4845],[-87.7915,45.5955],[-87.8025,45.687],[-87.9095,45.7605],[-88.0725,45.7875],[-88.115,45.9245],[-88.1875,45.9595],[-88.336,45.9775],[-88.5375,46.026],[-88.642,46.008],[-88.8375,46.0355],[-89.119,46.148],[-90.1185,46.3405],[-90.2305,46.5085],[-90.3925,46.548],[-90.4095,46.589],[-90.57,46.607],[-90.73,46.684],[-90.781,46.637],[-90.901,46.602],[-90.8545,46.799],[-90.7615,46.8975],[-90.8395,46.9645],[-90.966,46.95],[-91.128,46.8595],[-91.225,46.8845],[-91.4145,46.7945],[-91.793,46.706],[-91.9635,46.6905],[-92.111,46.768],[-92.2075,46.674],[-92.2915,46.6595],[-92.2925,46.0835],[-92.3635,46.0275],[-92.704,45.913],[-92.7955,45.7755],[-92.882,45.716],[-92.883,45.576],[-92.751,45.559],[-92.6675,45.4455],[-92.7085,45.3325],[-92.751,45.2995],[-92.773,45.1875],[-92.7555,45.1065],[-92.8025,45.078],[-92.7585,44.9255],[-92.7785,44.82],[-92.82,44.758],[-92.5845,44.608],[-92.394,44.5795],[-92.2725,44.466],[-92.1025,44.437],[-91.95,44.3355],[-91.837,44.182],[-91.6625,44.0735],[-91.541,44.0655],[-91.426,44.0225],[-91.361,43.945],[-91.295,43.919],[-91.249,43.769],[-91.25,43.501],[-91.197,43.366],[-91.111,43.34],[-91.085,43.28],[-91.168,43.1605],[-91.1305,42.9115],[-91.0455,42.742],[-90.9665,42.7015],[-90.703,42.6555],[-90.6265,42.5445],[-90.6415,42.512],[-89.928,42.507],[-89.396,42.503],[-88.51,42.497],[-87.804,42.492]]],[[[-86.995,45.224],[-86.983,45.292],[-87.1115,45.265],[-87.139,45.197],[-87.235,45.1755],[-87.2895,45.073],[-87.3685,45.0005],[-87.4065,44.9225],[-87.374,44.845],[-87.2965,44.8205],[-87.2315,44.8785],[-87.184,44.9865],[-87.088,45.1425],[-86.995,45.224]]],[[[-86.854,45.387],[-86.9525,45.423],[-86.9645,45.343],[-86.854,45.387]]]]},"properties":{"name":"Wisconsin","admin":"United States of America"}},
{"type":"Feature","geometry":{"type":"Polygon","coordinates":[[[-89.1235,36.9795],[-89.1785,37.0625],[-89.0435,37.2085],[-88.907,37.22],[-88.633,37.115],[-88.561,37.077],[-88.4845,37.0725],[-88.434,37.1685],[-88.5035,37.267],[-88.508,37.3425],[-88.465,37.409],[-88.307,37.448],[-88.123,37.4745],[-88.083,37.5195],[-88.1635,37.64],[-88.1325,37.6995],[-88.0605,37.751],[-88.0455,37.8065],[-88.0455,38.0515],[-88.03,38.098],[-87.934,38.16],[-87.9925,38.21],[-87.9455,38.299],[-87.8445,38.318],[-87.7525,38.4215],[-87.7625,38.461],[-87.6465,38.52],[-87.667,38.5565],[-87.615,38.6515],[-87.548,38.683],[-87.511,38.7635],[-87.557,38.878],[-87.5425,38.97],[-87.5835,39.0015],[-87.6635,39.1565],[-87.5985,39.2055],[-87.6255,39.2995],[-87.5325,39.3615],[-87.529,40.124],[-87.526,40.7035],[-87.523,41.283],[-87.521,41.7275],[-87.5775,41.7885],[-87.6485,41.9445],[-87.6875,42.085],[-87.7515,42.125],[-87.8225,42.2795],[-87.804,42.492],[-88.51,42.497],[-89.396,42.503],[-89.928,42.507],[-90.6415,42.512],[-90.654,42.49],[-90.463,42.376],[-90.4145,42.3185],[-90.403,42.2455],[-90.1695,42.1165],[-90.1405,42.0305],[-90.201,41.8135],[-90.305,41.7485],[-90.3465,41.6055],[-90.441,41.5435],[-90.603,41.5105],[-90.7045,41.451],[-90.9915,41.4335],[-91.055,41.383],[-91.099,41.2565],[-91.0825,41.19],[-90.9975,41.1465],[-90.9515,41.0755],[-90.9665,40.946],[-91.0935,40.8235],[-91.127,40.7015],[-91.188,40.6535],[-91.3835,40.5985],[-91.3825,40.393],[-91.442,40.3795],[-91.496,40.3135],[-91.519,40.175],[-91.4925,40.0095],[-91.446,39.948],[-91.4495,39.8655],[-91.3915,39.8035],[-91.355,39.711],[-91.1045,39.533],[-91.051,39.4525],[-90.8195,39.32],[-90.73,39.201],[-90.7025,39.101],[-90.7025,38.9955],[-90.6575,38.921],[-90.5855,38.878],[-90.479,38.959],[-90.4285,38.9675],[-90.1835,38.8825],[-90.127,38.8305],[-90.198,38.744],[-90.1965,38.638],[-90.264,38.543],[-90.382,38.3005],[-90.3465,38.207],[-90.243,38.113],[-90.111,38.0165],[-90.005,37.9625],[-89.9225,37.9525],[-89.832,37.8845],[-89.722,37.837],[-89.647,37.7335],[-89.5495,37.6975],[-89.5165,37.614],[-89.527,37.562],[-89.451,37.4405],[-89.4585,37.3625],[-89.5235,37.268],[-89.327,37.014],[-89.246,37.0455],[-89.177,36.9785],[-89.1235,36.9795]]]},"properties":{"name":"Illinois","admin":"United States of America"}},
{"type":"Feature","geometry":{"type":"Polygon","coordinates":[[[-89.4245,36.499],[-88.561,36.499],[-88.0425,36.4985],[-88.067,36.6895],[-87.8685,36.674],[-87.8335,36.644],[-87.0825,36.6515],[-86.552,36.657],[-86.464,36.6625],[-86.067,36.6345],[-85.4265,36.6185],[-85.1215,36.625],[-84.6285,36.611],[-83.7305,36.586],[-83.6675,36.604],[-83.509,36.6685],[-83.413,36.6765],[-83.2395,36.737],[-83.137,36.75],[-83.0825,36.8345],[-82.8845,36.8945],[-82.8545,36.972],[-82.727,37.038],[-82.708,37.113],[-82.6325,37.164],[-82.3515,37.2785],[-81.965,37.5385],[-82.116,37.5635],[-82.181,37.63],[-82.2965,37.6885],[-82.317,37.747],[-82.399,37.823],[-82.4175,37.8875],[-82.483,37.9415],[-82.631,38.153],[-82.572,38.2475],[-82.5895,38.4195],[-82.698,38.5355],[-82.8265,38.5865],[-82.8865,38.745],[-83.031,38.716],[-83.1335,38.628],[-83.305,38.6015],[-83.3685,38.66],[-83.5345,38.7075],[-83.605,38.6895],[-83.6505,38.636],[-83.7145,38.6385],[-83.866,38.762],[-83.9725,38.7895],[-84.084,38.778],[-84.1955,38.8105],[-84.322,39.0295],[-84.408,39.057],[-84.444,39.102],[-84.637,39.0775],[-84.721,39.143],[-84.8235,39.0975],[-84.873,39.0615],[-84.828,38.9915],[-84.8775,38.9195],[-84.784,38.893],[-84.8195,38.7895],[-84.9015,38.796],[-84.9995,38.7715],[-85.186,38.6935],[-85.2575,38.741],[-85.436,38.7345],[-85.455,38.7075],[-85.41,38.572],[-85.5265,38.4685],[-85.6195,38.432],[-85.665,38.3095],[-85.77,38.27],[-85.816,38.289],[-85.8915,38.202],[-85.9145,38.0635],[-85.96,38.008],[-86.032,37.994],[-86.1835,38.023],[-86.275,38.07],[-86.2825,38.142],[-86.416,38.115],[-86.5235,38.019],[-86.536,37.9285],[-86.644,37.9015],[-86.742,37.904],[-86.819,37.995],[-87.043,37.892],[-87.0865,37.8055],[-87.4265,37.9465],[-87.549,37.9135],[-87.6015,37.857],[-87.6735,37.8985],[-87.797,37.878],[-87.8875,37.9285],[-87.93,37.889],[-87.8995,37.8295],[-87.946,37.7885],[-88.0455,37.8065],[-88.0605,37.751],[-88.1325,37.6995],[-88.1635,37.64],[-88.083,37.5195],[-88.123,37.4745],[-88.307,37.448],[-88.465,37.409],[-88.508,37.3425],[-88.5035,37.267],[-88.434,37.1685],[-88.4845,37.0725],[-88.561,37.077],[-88.633,37.115],[-88.907,37.22],[-89.0435,37.2085],[-89.1785,37.0625],[-89.1235,36.9795],[-89.1495,36.851],[-89.1405,36.7345],[-89.2055,36.6075],[-89.2535,36.569],[-89.359,36.638],[-89.4245,36.499]]]},"properties":{"name":"Kentucky","admin":"United States of America"}},
{"type":"Feature","geometry":{"type":"Polygon","coordinates":[[[-90.304,35],[-90.222,35.048],[-90.178,35.13],[-90.106,35.1235],[-90.0845,35.189],[-90.1145,35.2805],[-90.103,35.3855],[-90.0225,35.4525],[-90.0125,35.5115],[-89.918,35.548],[-89.9515,35.6025],[-89.91,35.652],[-89.938,35.7365],[-89.785,35.791],[-89.722,35.8335],[-89.7595,35.909],[-89.6675,35.915],[-89.724,36.0005],[-90.3735,35.986],[-90.3425,36.0615],[-90.2155,36.1845],[-90.1435,36.2115],[-90.0675,36.2875],[-90.063,36.369],[-90.1225,36.4185],[-90.162,36.5],[-91.054,36.5],[-92.1505,36.5],[-92.699,36.5],[-93.5215,36.5],[-94.6185,36.5],[-94.5065,35.804],[-94.439,35.386],[-94.4505,34.9515],[-94.473,34.082],[-94.484,33.6475],[-94.3875,33.562],[-94.3,33.595],[-94.101,33.5815],[-94.0475,33.554],[-94.0415,33.011],[-93.1475,33.012],[-92.432,33.0125],[-91.8955,33.013],[-91.1665,33.0145],[-91.1615,33.1185],[-91.099,33.1495],[-91.1075,33.268],[-91.182,33.32],[-91.134,33.3825],[-91.127,33.478],[-91.216,33.534],[-91.1515,33.6335],[-91.1925,33.708],[-91.1065,33.7865],[-91.0455,33.8145],[-91.0695,33.8835],[-91.0355,33.9305],[-91.0845,33.9965],[-90.909,34.0355],[-90.8825,34.0995],[-90.956,34.157],[-90.8645,34.2065],[-90.821,34.2855],[-90.594,34.425],[-90.576,34.5735],[-90.594,34.6425],[-90.5535,34.74],[-90.4545,34.7595],[-90.464,34.828],[-90.3525,34.864],[-90.272,34.923],[-90.304,35]]]},"properties":{"name":"Arkansas","admin":"United States of America"}},
{"type":"Feature","geometry":{"type":"Polygon","coordinates":[[[-90.304,35],[-89.2645,34.999],[-88.179,34.998],[-88.1855,35.0095],[-87.5145,35.0055],[-86.7265,34.99],[-85.9425,34.989],[-85.6055,34.985],[-84.87,34.9885],[-84.3245,34.987],[-84.3005,35.2085],[-84.261,35.2555],[-84.095,35.258],[-84.046,35.3015],[-84.0115,35.4245],[-83.88,35.5165],[-83.728,35.5665],[-83.499,35.57],[-83.244,35.7165],[-83.0755,35.7895],[-82.9825,35.788],[-82.932,35.843],[-82.8785,35.9555],[-82.81,35.9335],[-82.7705,36],[-82.63,36.0575],[-82.5835,35.969],[-82.4895,35.994],[-82.3945,36.0955],[-82.199,36.1585],[-82.0865,36.1005],[-82.0245,36.14],[-81.924,36.294],[-81.815,36.359],[-81.721,36.343],[-81.7405,36.4095],[-81.6985,36.488],[-81.715,36.5265],[-81.659,36.6095],[-81.9055,36.6175],[-81.9525,36.597],[-82.834,36.6005],[-83.6675,36.604],[-83.7305,36.586],[-84.6285,36.611],[-85.1215,36.625],[-85.4265,36.6185],[-86.067,36.6345],[-86.464,36.6625],[-86.552,36.657],[-87.0825,36.6515],[-87.8335,36.644],[-87.8685,36.674],[-88.067,36.6895],[-88.0425,36.4985],[-88.561,36.499],[-89.4245,36.499],[-89.4945,36.5015],[-89.56,36.5],[-89.531,36.3835],[-89.626,36.323],[-89.5835,36.2545],[-89.6945,36.247],[-89.614,36.1415],[-89.674,36.102],[-89.724,36.0005],[-89.6675,35.915],[-89.7595,35.909],[-89.722,35.8335],[-89.785,35.791],[-89.938,35.7365],[-89.91,35.652],[-89.9515,35.6025],[-89.918,35.548],[-90.0125,35.5115],[-90.0225,35.4525],[-90.103,35.3855],[-90.1145,35.2805],[-90.0845,35.189],[-90.106,35.1235],[-90.178,35.13],[-90.222,35.048],[-90.304,35]]]},"properties":{"name":"Tennessee","admin":"United States of America"}},
{"type":"Feature","geometry":{"type":"Polygon","coordinates":[[[-82.5895,38.4195],[-82.572,38.2475],[-82.631,38.153],[-82.483,37.9415],[-82.4175,37.8875],[-82.399,37.823],[-82.317,37.747],[-82.2965,37.6885],[-82.181,37.63],[-82.116,37.5635],[-81.965,37.5385],[-81.9775,37.465],[-81.9325,37.3795],[-81.824,37.2865],[-81.7715,37.283],[-81.6445,37.2095],[-81.5455,37.213],[-81.424,37.2715],[-81.3425,37.334],[-81.224,37.2445],[-81.132,37.2805],[-80.9485,37.295],[-80.865,37.3465],[-80.846,37.425],[-80.731,37.385],[-80.528,37.4685],[-80.4525,37.4295],[-80.2945,37.509],[-80.3015,37.5705],[-80.2305,37.6105],[-80.285,37.685],[-80.207,37.815],[-80,38.0015],[-79.9435,38.0885],[-79.9165,38.179],[-79.792,38.28],[-79.7655,38.3585],[-79.6925,38.442],[-79.688,38.501],[-79.636,38.592],[-79.5525,38.5675],[-79.5045,38.4785],[-79.2975,38.425],[-79.2025,38.515],[-79.146,38.6375],[-78.988,38.8455],[-78.862,38.793],[-78.743,38.93],[-78.6605,38.9345],[-78.414,39.1665],[-78.404,39.278],[-78.359,39.3315],[-78.3575,39.4095],[-78.322,39.451],[-77.8355,39.144],[-77.7345,39.331],[-77.739,39.406],[-77.791,39.484],[-77.86,39.5155],[-77.8825,39.6155],[-77.969,39.6015],[-78.133,39.7015],[-78.2135,39.6935],[-78.28,39.6355],[-78.434,39.624],[-78.469,39.5335],[-78.5775,39.529],[-78.745,39.5755],[-78.7785,39.637],[-78.8775,39.5215],[-78.969,39.4505],[-79.0645,39.4825],[-79.1795,39.3865],[-79.488,39.21],[-79.4775,39.722],[-80.5195,39.7215],[-80.52,40.647],[-80.677,40.589],[-80.6015,40.4715],[-80.627,40.4095],[-80.6005,40.3235],[-80.657,40.2555],[-80.739,40.061],[-80.7585,39.9295],[-80.841,39.7905],[-80.875,39.629],[-81.0555,39.53],[-81.126,39.4535],[-81.227,39.3985],[-81.3885,39.362],[-81.479,39.4005],[-81.5545,39.344],[-81.5695,39.2875],[-81.6825,39.271],[-81.746,39.1935],[-81.7835,38.9325],[-81.8485,38.9135],[-82.003,39.0215],[-82.0585,39.003],[-82.2085,38.786],[-82.1875,38.7155],[-82.1925,38.5955],[-82.263,38.5975],[-82.3315,38.4435],[-82.509,38.409],[-82.5895,38.4195]]]},"properties":{"name":"West Virginia","admin":"United States of America"}},
{"type":"Feature","geometry":{"type":"Polygon","coordinates":[[[-84.806,41.697],[-84.806,41.7585],[-85.8825,41.759],[-86.843,41.7595],[-87.0295,41.681],[-87.2015,41.635],[-87.292,41.628],[-87.423,41.654],[-87.521,41.7275],[-87.523,41.283],[-87.526,40.7035],[-87.529,40.124],[-87.5325,39.3615],[-87.6255,39.2995],[-87.5985,39.2055],[-87.6635,39.1565],[-87.5835,39.0015],[-87.5425,38.97],[-87.557,38.878],[-87.511,38.7635],[-87.548,38.683],[-87.615,38.6515],[-87.667,38.5565],[-87.6465,38.52],[-87.7625,38.461],[-87.7525,38.4215],[-87.8445,38.318],[-87.9455,38.299],[-87.9925,38.21],[-87.934,38.16],[-88.03,38.098],[-88.0455,38.0515],[-88.0455,37.8065],[-87.946,37.7885],[-87.8995,37.8295],[-87.93,37.889],[-87.8875,37.9285],[-87.797,37.878],[-87.6735,37.8985],[-87.6015,37.857],[-87.549,37.9135],[-87.4265,37.9465],[-87.0865,37.8055],[-87.043,37.892],[-86.819,37.995],[-86.742,37.904],[-86.644,37.9015],[-86.536,37.9285],[-86.5235,38.019],[-86.416,38.115],[-86.2825,38.142],[-86.275,38.07],[-86.1835,38.023],[-86.032,37.994],[-85.96,38.008],[-85.9145,38.0635],[-85.8915,38.202],[-85.816,38.289],[-85.77,38.27],[-85.665,38.3095],[-85.6195,38.432],[-85.5265,38.4685],[-85.41,38.572],[-85.455,38.7075],[-85.436,38.7345],[-85.2575,38.741],[-85.186,38.6935],[-84.9995,38.7715],[-84.9015,38.796],[-84.8195,38.7895],[-84.784,38.893],[-84.8775,38.9195],[-84.828,38.9915],[-84.873,39.0615],[-84.8235,39.0975],[-84.814,39.992],[-84.809,40.4805],[-84.8005,41.2935],[-84.806,41.697]]]},"properties":{"name":"Indiana","admin":"United States of America"}},
{"type":"Feature","geometry":{"type":"Polygon","coordinates":[[[-64.677,32.37],[-64.6685,32.3745],[-64.672,32.381],[-64.681,32.376],[-64.677,32.37]]]},"properties":{"name":"City of Saint George","admin":"Bermuda"}}
]}