{"type":"FeatureCollection", "features": [
{"type":"Feature","geometry":{"type":"MultiPolygon","coordinates":[[[[-54.456,5],[-52.433,5],[-52.541,5.079],[-52.753,5.2675],[-52.783,5.317],[-52.8965,5.4055],[-52.9945,5.4575],[-53.0825,5.472],[-53.13,5.505],[-53.2515,5.5485],[-53.3025,5.5355],[-53.5175,5.581],[-53.6955,5.6635],[-53.7765,5.714],[-53.9445,5.7445],[-53.992,5.6615],[-54.007,5.558],[-54.061,5.4365],[-54.1065,5.381],[-54.171,5.3485],[-54.269,5.269],[-54.3435,5.1565],[-54.43,5.0535],[-54.456,5]]],[[[-60.8105,14.462],[-60.8485,14.596],[-60.9345,14.6885],[-61.0025,14.8115],[-61.102,14.866],[-61.171,14.8765],[-61.229,14.822],[-61.175,14.733],[-61.1595,14.667],[-61.044,14.565],[-61.106,14.5165],[-61.0695,14.4665],[-61.006,14.4765],[-60.8105,14.462]]],[[[-61.194,15.932],[-61.2685,16.0095],[-61.332,15.932],[-61.305,15.8785],[-61.2405,15.882],[-61.194,15.932]]],[[[-61.5515,16.2855],[-61.722,16.351],[-61.771,16.349],[-61.7975,16.251],[-61.7695,16.1665],[-61.7685,16.0875],[-61.695,15.949],[-61.5975,15.9965],[-61.5575,16.0865],[-61.5795,16.2225],[-61.5515,16.2855]]],[[[-61.544,16.2855],[-61.5035,16.2135],[-61.4105,16.2195],[-61.1885,16.264],[-61.29,16.3325],[-61.3385,16.3325],[-61.394,16.3895],[-61.3975,16.452],[-61.4595,16.512],[-61.5345,16.4495],[-61.4995,16.353],[-61.544,16.2855]]]]},"properties":{"ADMIN":"France"}},
{"type":"Feature","geometry":{"type":"Polygon","coordinates":[[[-54.171,5.3485],[-54.1185,5.443],[-54.0735,5.49],[-54.031,5.6695],[-53.9865,5.7455],[-54.0365,5.8425],[-54.0975,5.8475],[-54.2525,5.895],[-54.472,5.941],[-54.7735,5.9855],[-55.014,5.9935],[-55.1445,5.974],[-55.148,5.908],[-55.2215,5.9],[-55.336,5.9625],[-55.395,5.974],[-55.6375,5.986],[-55.8445,5.976],[-55.886,5.963],[-55.9465,5.8965],[-55.936,5.8045],[-55.999,5.8105],[-56.304,5.8925],[-56.355,5.8945],[-56.574,5.941],[-56.6595,5.9795],[-56.867,5.9895],[-56.9565,6.0115],[-57.066,5.95],[-57.126,5.818],[-57.1395,5.665],[-57.1635,5.557],[-57.2475,5.485],[-57.265,5.4035],[-57.324,5.3385],[-57.2375,5.2685],[-57.185,5.183],[-57.2335,5.142],[-57.289,5.171],[-57.317,5.095],[-57.315,5.026],[-57.4375,5],[-54.456,5],[-54.43,5.0535],[-54.3435,5.1565],[-54.269,5.269],[-54.171,5.3485]]]},"properties":{"ADMIN":"Suriname"}},
{"type":"Feature","geometry":{"type":"Polygon","coordinates":[[[-59.9985,5],[-57.6995,5],[-57.63,5],[-57.586,5],[-57.5025,5],[-57.4375,5],[-57.315,5.026],[-57.317,5.095],[-57.289,5.171],[-57.2335,5.142],[-57.185,5.183],[-57.2375,5.2685],[-57.324,5.3385],[-57.265,5.4035],[-57.2475,5.485],[-57.1615,5.639],[-57.183,5.7315],[-57.1375,5.882],[-57.1675,6.085],[-57.2075,6.1515],[-57.29,6.2345],[-57.4665,6.338],[-57.5475,6.307],[-57.5985,6.427],[-57.892,6.6965],[-58.0055,6.792],[-58.068,6.8215],[-58.178,6.8175],[-58.274,6.8805],[-58.3985,6.8835],[-58.4615,6.822],[-58.567,6.6365],[-58.6115,6.688],[-58.5975,6.8085],[-58.5505,6.947],[-58.485,7.011],[-58.4675,7.116],[-58.464,7.312],[-58.4895,7.376],[-58.568,7.4535],[-58.663,7.585],[-58.7785,7.6625],[-58.8335,7.7385],[-58.885,7.7785],[-59.0215,7.931],[-59.165,8.0585],[-59.348,8.167],[-59.454,8.2425],[-59.5455,8.284],[-59.663,8.3635],[-59.756,8.411],[-59.8095,8.3545],[-59.8755,8.405],[-59.9325,8.492],[-60.021,8.558],[-59.9595,8.468],[-59.8555,8.352],[-59.8155,8.288],[-59.8485,8.2275],[-59.9395,8.2085],[-59.9935,8.1685],[-60.0195,8.0605],[-60.0465,8.033],[-60.129,8.029],[-60.231,7.964],[-60.375,7.8235],[-60.5035,7.821],[-60.582,7.7365],[-60.6015,7.634],[-60.7305,7.5255],[-60.7005,7.4535],[-60.6565,7.429],[-60.602,7.33],[-60.643,7.221],[-60.548,7.1255],[-60.4755,7.1885],[-60.372,7.1725],[-60.2925,7.1055],[-60.3135,7.04],[-60.3595,7.005],[-60.3775,6.9385],[-60.421,6.942],[-60.5485,6.863],[-60.6205,6.846],[-60.7215,6.7595],[-60.7935,6.794],[-60.901,6.7645],[-60.934,6.7315],[-61.13,6.716],[-61.205,6.596],[-61.2095,6.541],[-61.171,6.509],[-61.139,6.425],[-61.161,6.3425],[-61.113,6.254],[-61.1215,6.1865],[-61.1945,6.133],[-61.2695,6.107],[-61.338,5.987],[-61.3965,5.9455],[-61.3795,5.9055],[-61.12,5.619],[-60.74,5.202],[-60.673,5.213],[-60.4565,5.1745],[-60.42,5.207],[-60.333,5.194],[-60.2735,5.2475],[-60.2135,5.267],[-60.1765,5.227],[-60.1315,5.2435],[-60.091,5.158],[-59.983,5.086],[-59.9985,5]]]},"properties":{"ADMIN":"Guyana"}},
{"type":"Feature","geometry":{"type":"Polygon","coordinates":[[[-83.6965,10.9365],[-83.67,10.8915],[-83.663,10.807],[-83.9335,10.718],[-84.0225,10.787],[-84.0765,10.764],[-84.137,10.789],[-84.1915,10.7815],[-84.2085,10.861],[-84.3105,10.9195],[-84.3555,10.9945],[-84.418,10.955],[-84.6765,11.0705],[-84.708,11.063],[-84.885,10.9475],[-84.9315,10.942],[-85.5085,11.1525],[-85.598,11.21],[-85.631,11.196],[-85.7015,11.081],[-85.746,11.0205],[-85.6945,10.97],[-85.741,10.9395],[-85.878,10.9465],[-85.909,10.8865],[-85.803,10.8525],[-85.6655,10.779],[-85.663,10.679],[-85.6315,10.621],[-85.809,10.4945],[-85.7755,10.4475],[-85.8305,10.412],[-85.8615,10.347],[-85.844,10.231],[-85.7785,10.08],[-85.6385,9.9055],[-85.4705,9.85],[-85.44,9.8645],[-85.3325,9.8265],[-85.2755,9.782],[-85.146,9.6125],[-85.0895,9.5885],[-85.0625,9.6655],[-84.9595,9.7275],[-84.912,9.796],[-84.8645,9.823],[-84.93,9.8865],[-84.9595,9.9465],[-85.0145,9.945],[-85.1445,9.9995],[-85.24,10.1165],[-85.2475,10.2165],[-85.1755,10.1655],[-85.09,10.1725],[-85.014,10.116],[-84.851,9.967],[-84.7625,9.9755],[-84.7095,9.9225],[-84.6985,9.869],[-84.6345,9.7835],[-84.6785,9.6925],[-84.658,9.6245],[-84.6165,9.578],[-84.5215,9.5195],[-84.458,9.526],[-84.2725,9.4815],[-84.182,9.442],[-84.144,9.379],[-84.1035,9.3775],[-83.918,9.2945],[-83.8395,9.2205],[-83.787,9.199],[-83.63,9.0355],[-83.6035,8.9665],[-83.5875,8.8355],[-83.6425,8.782],[-83.63,8.7335],[-83.7025,8.6785],[-83.74,8.624],[-83.7,8.5705],[-83.5755,8.445],[-83.4625,8.4425],[-83.3465,8.3875],[-83.2765,8.4015],[-83.287,8.517],[-83.3255,8.561],[-83.405,8.589],[-83.4815,8.7125],[-83.3835,8.74],[-83.322,8.7055],[-83.319,8.6695],[-83.2405,8.624],[-83.1235,8.5965],[-83.1435,8.55],[-83.0995,8.4315],[-83.151,8.3695],[-82.9685,8.221],[-82.9005,8.105],[-82.8975,8.0345],[-82.8865,8.102],[-82.9435,8.2485],[-83.053,8.315],[-82.9535,8.402],[-82.8705,8.438],[-82.836,8.53],[-82.85,8.63],[-82.924,8.741],[-82.867,8.838],[-82.764,8.88],[-82.7195,8.9215],[-82.749,8.974],[-82.808,8.9985],[-82.9095,9.072],[-82.9395,9.0595],[-82.9445,9.437],[-82.9335,9.4705],[-82.8615,9.484],[-82.8795,9.56],[-82.829,9.6025],[-82.7115,9.545],[-82.678,9.498],[-82.619,9.4865],[-82.5735,9.576],[-82.636,9.6345],[-82.7725,9.661],[-82.95,9.8675],[-83.0165,9.963],[-83.026,10.005],[-83.0855,10.002],[-83.2035,10.1295],[-83.3945,10.376],[-83.466,10.4945],[-83.6245,10.903],[-83.6655,10.9355],[-83.687,10.938],[-83.6965,10.9365]]]},"properties":{"ADMIN":"Costa Rica"}},
{"type":"Feature","geometry":{"type":"Polygon","coordinates":[[[-85.7015,11.081],[-85.631,11.196],[-85.598,11.21],[-85.5085,11.1525],[-84.9315,10.942],[-84.885,10.9475],[-84.708,11.063],[-84.6765,11.0705],[-84.418,10.955],[-84.3555,10.9945],[-84.3105,10.9195],[-84.2085,10.861],[-84.1915,10.7815],[-84.137,10.789],[-84.0765,10.764],[-84.0225,10.787],[-83.9335,10.718],[-83.663,10.807],[-83.67,10.8915],[-83.6965,10.9365],[-83.752,10.982],[-83.8375,11.1425],[-83.868,11.2735],[-83.868,11.375],[-83.7945,11.444],[-83.761,11.557],[-83.653,11.6115],[-83.6535,11.6675],[-83.7,11.85],[-83.785,11.8135],[-83.836,11.871],[-83.76,11.947],[-83.767,12.043],[-83.713,12.0495],[-83.6635,12.256],[-83.617,12.348],[-83.7075,12.336],[-83.7195,12.4235],[-83.767,12.5465],[-83.6735,12.5705],[-83.589,12.632],[-83.5975,12.6945],[-83.646,12.787],[-83.6165,12.817],[-83.5445,12.797],[-83.564,12.591],[-83.624,12.5705],[-83.6345,12.474],[-83.6035,12.4135],[-83.6175,12.375],[-83.4925,12.4005],[-83.486,12.472],[-83.5415,12.5805],[-83.5415,12.639],[-83.5075,12.903],[-83.57,13.287],[-83.559,13.416],[-83.5205,13.5315],[-83.5175,13.6235],[-83.494,13.7375],[-83.4315,13.9565],[-83.3495,14.049],[-83.2185,14.2505],[-83.1915,14.3135],[-83.192,14.387],[-83.2405,14.524],[-83.299,14.771],[-83.3375,14.7315],[-83.387,14.7665],[-83.414,14.8275],[-83.37,14.883],[-83.308,14.9105],[-83.288,14.8445],[-83.18,14.986],[-83.1305,14.997],[-83.262,14.983],[-83.3905,15.031],[-83.459,14.9825],[-83.509,15.0115],[-83.527,14.9485],[-83.8695,14.777],[-84.0235,14.7585],[-84.183,14.714],[-84.2355,14.7545],[-84.288,14.667],[-84.3385,14.6745],[-84.4825,14.6195],[-84.5275,14.6605],[-84.6995,14.6745],[-84.77,14.805],[-84.818,14.8285],[-84.904,14.817],[-85.002,14.7405],[-85.033,14.6695],[-85.0295,14.589],[-85.0865,14.5445],[-85.1375,14.5785],[-85.152,14.486],[-85.206,14.407],[-85.158,14.3385],[-85.19,14.3095],[-85.3215,14.2815],[-85.3935,14.211],[-85.4315,14.133],[-85.5105,14.094],[-85.528,14.051],[-85.5935,14.0335],[-85.699,13.9615],[-85.7475,13.8885],[-85.7335,13.832],[-85.824,13.8475],[-85.8615,13.9045],[-85.9155,13.9075],[-86.0285,13.996],[-86.02,14.055],[-86.0965,14.044],[-86.184,13.967],[-86.284,13.8455],[-86.3135,13.7765],[-86.41,13.749],[-86.5415,13.782],[-86.766,13.7455],[-86.774,13.6545],[-86.7245,13.4395],[-86.7385,13.396],[-86.702,13.314],[-86.7585,13.264],[-86.816,13.292],[-86.911,13.2395],[-86.9485,13.0695],[-87.047,12.9805],[-87.0845,12.996],[-87.314,12.9815],[-87.435,12.9225],[-87.468,12.982],[-87.5475,13.052],[-87.584,13.0575],[-87.667,12.982],[-87.6855,12.9185],[-87.6465,12.8725],[-87.529,12.8035],[-87.455,12.744],[-87.345,12.619],[-87.1225,12.4605],[-87.0715,12.3885],[-86.7975,12.2185],[-86.7625,12.1825],[-86.69,12.024],[-86.6305,11.965],[-86.5895,11.883],[-86.5425,11.8425],[-86.4965,11.7595],[-86.3765,11.6695],[-86.3365,11.6115],[-86.2445,11.5715],[-86.176,11.5225],[-86.1625,11.4845],[-86.044,11.398],[-85.995,11.3435],[-85.928,11.3105],[-85.8215,11.193],[-85.786,11.1125],[-85.7015,11.081]]]},"properties":{"ADMIN":"Nicaragua"}},
{"type":"Feature","geometry":{"type":"Polygon","coordinates":[[[-63.0175,18.0335],[-63.0175,18.122],[-63.071,18.11],[-63.107,18.062],[-63.0175,18.0335]]]},"properties":{"ADMIN":"Saint Martin"}},
{"type":"Feature","geometry":{"type":"Polygon","coordinates":[[[-63.107,18.062],[-63.0975,18.036],[-63.0175,18.0335],[-63.107,18.062]]]},"properties":{"ADMIN":"Sint Maarten"}},
{"type":"Feature","geometry":{"type":"Polygon","coordinates":[[[-60.6,5],[-59.9985,5],[-59.983,5.086],[-60.091,5.158],[-60.1315,5.2435],[-60.1765,5.227],[-60.2135,5.267],[-60.2735,5.2475],[-60.333,5.194],[-60.42,5.207],[-60.4565,5.1745],[-60.673,5.213],[-60.74,5.202],[-60.6645,5.1705],[-60.6,5]]]},"properties":{"ADMIN":"Brazil"}},
{"type":"Feature","geometry":{"type":"Polygon","coordinates":[[[-172,66.957],[-172,65.5405],[-171.8085,65.4895],[-171.403,65.521],[-171.251,65.522],[-171.0385,65.467],[-170.9755,65.511],[-170.982,65.592],[-171.045,65.622],[-171.264,65.6555],[-171.3605,65.7095],[-171.385,65.8175],[-171.2085,65.751],[-171.1475,65.695],[-170.6675,65.5995],[-170.5355,65.618],[-170.489,65.671],[-170.571,65.761],[-170.5325,65.8525],[-170.427,65.9075],[-170.2365,65.955],[-170.143,66.004],[-169.8915,66.043],[-169.7185,66.006],[-169.6415,66.0685],[-169.701,66.1285],[-169.9065,66.1695],[-170.086,66.1695],[-170.154,66.249],[-170.2745,66.2905],[-170.5655,66.3535],[-170.8595,66.511],[-171.078,66.567],[-171.3635,66.675],[-171.331,66.745],[-171.671,66.8505],[-171.6295,66.9085],[-171.7185,66.951],[-171.895,66.9705],[-172,66.957]]]},"properties":{"ADMIN":"Russia"}},
{"type":"Feature","geometry":{"type":"Polygon","coordinates":[[[-68.2115,12.228],[-68.2525,12.2355],[-68.4,12.3045],[-68.4175,12.257],[-68.3025,12.203],[-68.2595,12.028],[-68.2055,12.118],[-68.2115,12.228]]]},"properties":{"ADMIN":"Netherlands"}},
{"type":"Feature","geometry":{"type":"MultiPolygon","coordinates":[[[[-71.7575,19.71],[-71.969,19.7325],[-72.0275,19.6995],[-72.141,19.7475],[-72.2565,19.762],[-72.3305,19.752],[-72.3975,19.807],[-72.5445,19.8515],[-72.5685,19.88],[-72.674,19.9215],[-72.776,19.944],[-72.978,19.9125],[-73.1435,19.9205],[-73.3445,19.834],[-73.4325,19.779],[-73.468,19.725],[-73.458,19.672],[-73.4095,19.636],[-73.284,19.6255],[-73.221,19.6495],[-73.019,19.6005],[-72.815,19.505],[-72.7285,19.4255],[-72.8035,19.232],[-72.7165,19.104],[-72.8135,19.053],[-72.7085,18.9455],[-72.618,18.8895],[-72.5495,18.7855],[-72.491,18.7685],[-72.4335,18.717],[-72.325,18.6715],[-72.354,18.53],[-72.43,18.5465],[-72.6285,18.554],[-72.6895,18.4595],[-72.755,18.4295],[-72.9855,18.4705],[-73.098,18.4555],[-73.167,18.4835],[-73.286,18.484],[-73.3685,18.512],[-73.5265,18.5235],[-73.6045,18.4985],[-73.742,18.542],[-73.8095,18.543],[-73.9715,18.6015],[-74.029,18.6035],[-74.16,18.659],[-74.256,18.6705],[-74.3845,18.6365],[-74.4265,18.608],[-74.4545,18.478],[-74.489,18.4295],[-74.446,18.3465],[-74.331,18.286],[-74.268,18.313],[-74.1835,18.2935],[-74.105,18.2475],[-73.968,18.1415],[-73.8735,18.026],[-73.807,18.026],[-73.803,18.072],[-73.845,18.1145],[-73.8095,18.159],[-73.738,18.1905],[-73.654,18.2525],[-73.578,18.217],[-73.458,18.2575],[-73.3775,18.258],[-73.296,18.231],[-73.1635,18.2105],[-73.1255,18.19],[-72.9855,18.1785],[-72.886,18.1415],[-72.8035,18.146],[-72.755,18.176],[-72.6135,18.185],[-72.5705,18.1725],[-72.519,18.2105],[-72.4405,18.224],[-72.1905,18.225],[-72.072,18.2375],[-71.928,18.184],[-71.8625,18.1365],[-71.776,18.0395],[-71.7605,18.087],[-71.766,18.2205],[-71.7095,18.3135],[-71.912,18.4305],[-71.9105,18.4945],[-72.001,18.5825],[-71.9555,18.6185],[-71.8415,18.618],[-71.744,18.7115],[-71.719,18.784],[-71.7335,18.8825],[-71.787,18.95],[-71.7835,18.9965],[-71.6615,19.1175],[-71.639,19.212],[-71.7165,19.248],[-71.7765,19.3275],[-71.704,19.4145],[-71.715,19.5375],[-71.743,19.6],[-71.7575,19.71]]],[[[-72.8505,20.0885],[-72.8445,20.0345],[-72.74,20.0025],[-72.668,20.0325],[-72.8025,20.087],[-72.8505,20.0885]]],[[[-73.2585,18.8785],[-73.2145,18.8365],[-73.1255,18.8135],[-73.0375,18.7595],[-72.8085,18.7205],[-72.846,18.827],[-72.9935,18.892],[-73.201,18.9685],[-73.246,18.9685],[-73.2995,18.9255],[-73.2585,18.8785]]]]},"properties":{"ADMIN":"Haiti"}},
{"type":"Feature","geometry":{"type":"MultiPolygon","coordinates":[[[[-71.7575,19.71],[-71.743,19.6],[-71.715,19.5375],[-71.704,19.4145],[-71.7765,19.3275],[-71.7165,19.248],[-71.639,19.212],[-71.6615,19.1175],[-71.7835,18.9965],[-71.787,18.95],[-71.7335,18.8825],[-71.719,18.784],[-71.744,18.7115],[-71.8415,18.618],[-71.9555,18.6185],[-72.001,18.5825],[-71.9105,18.4945],[-71.912,18.4305],[-71.7095,18.3135],[-71.766,18.2205],[-71.7605,18.087],[-71.776,18.0395],[-71.7205,18.019],[-71.659,17.9535],[-71.663,17.8975],[-71.631,17.817],[-71.645,17.7575],[-71.5655,17.7675],[-71.515,17.738],[-71.417,17.605],[-71.3655,17.6785],[-71.3095,17.8165],[-71.2045,17.911],[-71.061,18.142],[-71.1015,18.242],[-71.048,18.31],[-70.9325,18.2615],[-70.846,18.342],[-70.7605,18.3475],[-70.712,18.3835],[-70.704,18.43],[-70.6015,18.412],[-70.574,18.3735],[-70.5925,18.28],[-70.553,18.2045],[-70.46,18.209],[-70.3975,18.2375],[-70.158,18.2425],[-70.0675,18.329],[-70.0165,18.4115],[-69.8835,18.471],[-69.6975,18.4565],[-69.6235,18.4165],[-69.602,18.4555],[-69.5255,18.4085],[-69.2365,18.4505],[-69.0855,18.396],[-68.9225,18.4125],[-68.8495,18.375],[-68.787,18.2955],[-68.743,18.2045],[-68.6585,18.211],[-68.5745,18.378],[-68.5165,18.3475],[-68.4555,18.358],[-68.4445,18.4195],[-68.334,18.5775],[-68.356,18.6565],[-68.581,18.8125],[-68.7395,18.9645],[-68.9795,19.033],[-69.0425,18.987],[-69.356,19.053],[-69.42,19.111],[-69.6085,19.0935],[-69.6335,19.1235],[-69.603,19.229],[-69.4755,19.214],[-69.418,19.191],[-69.2535,19.1835],[-69.2025,19.217],[-69.1585,19.285],[-69.247,19.2995],[-69.2605,19.355],[-69.3355,19.2935],[-69.4375,19.333],[-69.5395,19.3395],[-69.6095,19.309],[-69.7335,19.2865],[-69.8015,19.331],[-69.868,19.4255],[-69.8765,19.5065],[-69.904,19.5325],[-69.898,19.636],[-69.9475,19.6785],[-70.042,19.6785],[-70.1315,19.622],[-70.3015,19.6575],[-70.4335,19.775],[-70.5185,19.76],[-70.6235,19.7665],[-70.787,19.853],[-70.831,19.9025],[-70.947,19.9105],[-71.001,19.9375],[-71.0785,19.909],[-71.107,19.869],[-71.212,19.837],[-71.357,19.8515],[-71.5045,19.9105],[-71.6485,19.8965],[-71.659,19.862],[-71.7445,19.817],[-71.7575,19.71]]],[[[-68.664,18.1695],[-68.787,18.1965],[-68.762,18.145],[-68.702,18.1145],[-68.664,18.1695]]]]},"properties":{"ADMIN":"Dominican Republic"}},
{"type":"Feature","geometry":{"type":"Polygon","coordinates":[[[-90.0985,13.7315],[-89.9515,13.664],[-89.837,13.597],[-89.808,13.527],[-89.68,13.5345],[-89.527,13.494],[-89.385,13.4955],[-89.2515,13.4725],[-89.065,13.372],[-88.7855,13.2455],[-88.5275,13.1985],[-88.469,13.223],[-88.389,13.171],[-88.338,13.1945],[-88.2085,13.1605],[-88.066,13.168],[-87.928,13.1585],[-87.9125,13.198],[-87.798,13.2655],[-87.7915,13.305],[-87.874,13.3655],[-87.817,13.4065],[-87.7385,13.4415],[-87.7255,13.499],[-87.79,13.533],[-87.76,13.617],[-87.755,13.69],[-87.7125,13.8005],[-87.833,13.9155],[-87.9255,13.8795],[-88.0235,13.891],[-88.0875,13.9805],[-88.235,13.993],[-88.2365,13.938],[-88.2855,13.906],[-88.488,13.8655],[-88.4955,13.975],[-88.634,14.0145],[-88.685,14.0125],[-88.7465,14.0525],[-88.739,14.1],[-88.839,14.1005],[-88.8815,14.184],[-88.957,14.185],[-89.0265,14.3115],[-89.2255,14.382],[-89.3615,14.4155],[-89.4085,14.4415],[-89.4855,14.4275],[-89.528,14.391],[-89.57,14.412],[-89.5985,14.328],[-89.55,14.2885],[-89.531,14.2255],[-89.6385,14.2005],[-89.71,14.1485],[-89.7625,14.03],[-89.836,14.059],[-89.88,14.0425],[-90.023,13.937],[-90.099,13.8585],[-90.1145,13.7965],[-90.0985,13.7315]]]},"properties":{"ADMIN":"El Salvador"}},
{"type":"Feature","geometry":{"type":"Polygon","coordinates":[[[-89.3615,14.4155],[-89.323,14.4875],[-89.2455,14.573],[-89.1605,14.5815],[-89.1445,14.7085],[-89.2275,14.8345],[-89.2315,14.8675],[-89.169,14.952],[-89.173,15.042],[-89.11,15.0915],[-88.9735,15.1405],[-88.399,15.573],[-88.3165,15.6745],[-88.221,15.7255],[-88.345,15.812],[-88.448,15.8585],[-88.5505,15.7985],[-88.5985,15.706],[-88.626,15.754],[-88.7875,15.859],[-88.866,15.8605],[-88.914,15.894],[-88.952,15.8795],[-89.0405,15.9015],[-89.2365,15.894],[-89.2085,16.186],[-89.1845,16.496],[-89.149,17.0365],[-89.1505,17.321],[-89.1605,17.8145],[-89.6,17.8145],[-90.2595,17.8155],[-90.962,17.816],[-90.991,17.802],[-90.992,17.252],[-91.431,17.255],[-91.365,17.19],[-91.2905,17.189],[-91.171,17.028],[-91.121,17.0185],[-91.067,16.918],[-90.969,16.8745],[-90.9005,16.826],[-90.8315,16.8055],[-90.7355,16.7465],[-90.634,16.592],[-90.648,16.5295],[-90.5845,16.48],[-90.5435,16.49],[-90.476,16.4305],[-90.395,16.419],[-90.399,16.3475],[-90.4595,16.259],[-90.4325,16.173],[-90.4855,16.0705],[-90.989,16.07],[-91.724,16.069],[-91.752,16.0465],[-92.2045,15.2895],[-92.2035,15.237],[-92.074,15.0735],[-92.104,15.018],[-92.154,14.996],[-92.1545,14.901],[-92.191,14.814],[-92.1615,14.7025],[-92.208,14.5705],[-92.2465,14.5465],[-92.0495,14.408],[-91.908,14.284],[-91.7625,14.18],[-91.552,14.0575],[-91.3165,13.9555],[-91.166,13.9265],[-90.9105,13.911],[-90.7075,13.929],[-90.5805,13.9135],[-90.401,13.8585],[-90.0985,13.7315],[-90.1145,13.7965],[-90.099,13.8585],[-90.023,13.937],[-89.88,14.0425],[-89.836,14.059],[-89.7625,14.03],[-89.71,14.1485],[-89.6385,14.2005],[-89.531,14.2255],[-89.55,14.2885],[-89.5985,14.328],[-89.57,14.412],[-89.528,14.391],[-89.4855,14.4275],[-89.4085,14.4415],[-89.3615,14.4155]]]},"properties":{"ADMIN":"Guatemala"}},
{"type":"Feature","geometry":{"type":"MultiPolygon","coordinates":[[[[-75.095,19.897],[-75.095,19.9715],[-75.137,19.9715],[-75.1645,19.9135],[-75.095,19.897]]],[[[-75.16,19.9705],[-75.229,19.9375],[-75.233,19.9],[-75.1565,19.939],[-75.16,19.9705]]]]},"properties":{"ADMIN":"US Naval Base Guantanamo Bay"}},
{"type":"Feature","geometry":{"type":"MultiPolygon","coordinates":[[[[-75.095,19.897],[-74.978,19.923],[-74.9475,19.976],[-74.888,19.984],[-74.813,20.0375],[-74.713,20.052],[-74.5805,20.0475],[-74.393,20.081],[-74.2675,20.0685],[-74.2305,20.1305],[-74.142,20.1825],[-74.1395,20.2425],[-74.2135,20.311],[-74.3105,20.294],[-74.401,20.3075],[-74.495,20.355],[-74.605,20.4855],[-74.735,20.5675],[-74.751,20.6195],[-74.851,20.6345],[-74.9,20.6705],[-74.9985,20.701],[-75.149,20.683],[-75.1945,20.7155],[-75.2945,20.723],[-75.313,20.6645],[-75.3595,20.6775],[-75.394,20.739],[-75.4395,20.7405],[-75.498,20.6935],[-75.6125,20.7185],[-75.643,20.7605],[-75.709,20.6905],[-75.784,20.7465],[-75.7705,20.836],[-75.7045,20.8285],[-75.5785,20.852],[-75.6815,20.8905],[-75.6265,20.924],[-75.5785,21.0135],[-75.636,21.0765],[-75.7325,21.1235],[-75.822,21.137],[-75.8735,21.102],[-76.117,21.0915],[-76.138,21.167],[-76.276,21.225],[-76.3875,21.2845],[-76.571,21.2825],[-76.6535,21.294],[-76.656,21.3495],[-76.8055,21.39],[-76.9625,21.4725],[-77.07,21.596],[-77.107,21.603],[-77.153,21.4955],[-77.258,21.4765],[-77.2775,21.5185],[-77.2495,21.61],[-77.1545,21.5545],[-77.1205,21.616],[-77.1415,21.6455],[-77.33,21.7665],[-77.4015,21.7905],[-77.5075,21.8625],[-77.5715,21.931],[-77.606,21.9015],[-77.5185,21.812],[-77.449,21.802],[-77.389,21.704],[-77.4305,21.6575],[-77.4555,21.777],[-77.525,21.754],[-77.604,21.7895],[-77.6645,21.781],[-77.761,21.8135],[-77.7705,21.8545],[-77.842,21.9],[-77.895,21.877],[-77.985,21.97],[-78.065,22.087],[-78.1555,22.1095],[-78.1635,22.1395],[-78.3015,22.164],[-78.3815,22.2465],[-78.484,22.2605],[-78.567,22.321],[-78.676,22.357],[-78.7575,22.3225],[-78.782,22.3905],[-78.9825,22.4045],[-79.1485,22.3775],[-79.342,22.413],[-79.4245,22.4785],[-79.4565,22.5285],[-79.512,22.5345],[-79.566,22.611],[-79.627,22.6575],[-79.6515,22.759],[-79.7,22.747],[-79.772,22.7965],[-79.8305,22.8055],[-79.8955,22.855],[-79.988,22.884],[-80.0245,22.9465],[-80.156,22.9385],[-80.2795,22.912],[-80.357,22.9455],[-80.4315,22.95],[-80.4645,22.9805],[-80.557,23.0075],[-80.622,23.0895],[-80.7595,23.097],[-80.9595,23.059],[-80.9855,23.102],[-81.078,23.104],[-81.1205,23.039],[-81.185,23.052],[-81.272,23.142],[-81.4805,23.1005],[-81.581,23.158],[-81.84,23.158],[-81.986,23.1715],[-82.033,23.2005],[-82.1505,23.179],[-82.2195,23.194],[-82.407,23.1475],[-82.5755,23.054],[-82.7125,23.035],[-82.9175,23.0325],[-82.964,22.973],[-83.061,23.0195],[-83.1605,22.98],[-83.2075,23.0025],[-83.3295,22.951],[-83.3695,22.894],[-83.4375,22.9035],[-83.5415,22.874],[-83.558,22.836],[-83.873,22.751],[-84.021,22.6785],[-84.153,22.582],[-84.201,22.563],[-84.2305,22.5035],[-84.292,22.4865],[-84.391,22.353],[-84.4295,22.2015],[-84.4055,22.158],[-84.336,22.1305],[-84.322,22.048],[-84.4625,22.022],[-84.5215,22.048],[-84.5835,22.0075],[-84.741,21.952],[-84.9475,21.8605],[-84.8835,21.8235],[-84.7995,21.832],[-84.66,21.912],[-84.536,21.94],[-84.4735,21.9045],[-84.5215,21.7865],[-84.466,21.7705],[-84.305,21.8845],[-84.142,21.9405],[-84.0415,21.9175],[-83.993,21.9515],[-84.002,22.0575],[-83.9665,22.134],[-83.9255,22.1715],[-83.7755,22.1705],[-83.6145,22.1955],[-83.5685,22.2465],[-83.517,22.188],[-83.4155,22.186],[-83.349,22.232],[-83.2875,22.3185],[-83.232,22.345],[-83.167,22.3395],[-83.086,22.463],[-82.9595,22.542],[-82.9215,22.5485],[-82.8005,22.6225],[-82.7805,22.696],[-82.7385,22.7065],[-82.633,22.68],[-82.199,22.686],[-82.099,22.655],[-81.8775,22.6795],[-81.7535,22.638],[-81.6435,22.5725],[-81.6515,22.488],[-81.6835,22.4635],[-81.841,22.431],[-82.1185,22.432],[-82.164,22.397],[-82.088,22.342],[-81.8795,22.2605],[-81.8245,22.189],[-81.6515,22.213],[-81.581,22.192],[-81.513,22.202],[-81.396,22.1705],[-81.374,22.104],[-81.2915,22.0975],[-81.1975,22.2125],[-81.136,22.23],[-81.1395,22.162],[-81.1035,22.096],[-80.992,22.0545],[-80.9055,22.046],[-80.761,22.061],[-80.5135,22.0565],[-80.471,22.089],[-80.538,22.1645],[-80.4845,22.192],[-80.458,22.143],[-80.396,22.1015],[-80.437,22.041],[-80.27,21.887],[-80.188,21.8485],[-80.067,21.817],[-80.003,21.721],[-79.8955,21.76],[-79.8955,21.6985],[-79.816,21.711],[-79.6395,21.6875],[-79.6215,21.6575],[-79.4505,21.5955],[-79.3645,21.5995],[-79.2495,21.552],[-79.1695,21.5515],[-79.0755,21.586],[-78.7665,21.6395],[-78.707,21.6125],[-78.734,21.5645],[-78.649,21.541],[-78.608,21.4935],[-78.5635,21.3835],[-78.538,21.2315],[-78.5045,21.147],[-78.4945,21.048],[-78.404,20.958],[-78.3425,20.9495],[-78.272,20.901],[-78.132,20.7575],[-78.0655,20.7115],[-77.942,20.698],[-77.8775,20.732],[-77.7785,20.701],[-77.5725,20.698],[-77.4935,20.6775],[-77.403,20.709],[-77.315,20.709],[-77.278,20.662],[-77.1955,20.6365],[-77.24,20.563],[-77.1135,20.5125],[-77.0825,20.4655],[-77.1135,20.3685],[-77.182,20.295],[-77.2505,20.2895],[-77.2665,20.253],[-77.4015,20.198],[-77.497,20.1295],[-77.6205,20.0205],[-77.737,19.8555],[-77.673,19.829],[-77.6115,19.8445],[-77.3585,19.8645],[-77.324,19.9005],[-77.189,19.9125],[-77.088,19.8855],[-76.959,19.891],[-76.8665,19.9375],[-76.6515,19.951],[-76.5245,19.944],[-76.248,19.9905],[-76.112,19.9825],[-75.98,19.9525],[-75.894,19.972],[-75.722,19.9575],[-75.6045,19.892],[-75.521,19.8795],[-75.4445,19.8965],[-75.3835,19.8825],[-75.233,19.9],[-75.229,19.9375],[-75.16,19.9705],[-75.137,19.9715],[-75.095,19.9715],[-75.095,19.897]]],[[[-82.568,21.6365],[-82.6165,21.6645],[-82.5925,21.729],[-82.6925,21.824],[-82.69,21.882],[-82.859,21.9335],[-82.9895,21.9485],[-83.075,21.843],[-83.0735,21.7605],[-82.969,21.5915],[-83.024,21.5485],[-83.1715,21.5685],[-83.0785,21.469],[-82.906,21.4375],[-82.8355,21.4445],[-82.5945,21.542],[-82.541,21.5955],[-82.568,21.6365]]],[[[-77.634,22.0545],[-77.6825,22.0545],[-77.8085,22.0995],[-77.947,22.073],[-77.902,22.015],[-77.847,22.041],[-77.8225,21.983],[-77.695,21.948],[-77.6485,21.971],[-77.634,22.0545]]],[[[-77.9975,22.1475],[-77.913,22.143],[-77.895,22.221],[-77.9785,22.233],[-78.0455,22.199],[-77.9975,22.1475]]],[[[-78.1965,22.329],[-78.1005,22.302],[-78.0755,22.354],[-78.144,22.429],[-78.2435,22.425],[-78.244,22.359],[-78.1965,22.329]]],[[[-78.426,22.4625],[-78.43,22.4185],[-78.282,22.4575],[-78.419,22.562],[-78.4665,22.53],[-78.5725,22.5305],[-78.6385,22.492],[-78.518,22.452],[-78.426,22.4625]]]]},"properties":{"ADMIN":"Cuba"}},
{"type":"Feature","geometry":{"type":"MultiPolygon","coordinates":[[[[-89.3615,14.4155],[-89.2255,14.382],[-89.0265,14.3115],[-88.957,14.185],[-88.8815,14.184],[-88.839,14.1005],[-88.739,14.1],[-88.7465,14.0525],[-88.685,14.0125],[-88.634,14.0145],[-88.4955,13.975],[-88.488,13.8655],[-88.2855,13.906],[-88.2365,13.938],[-88.235,13.993],[-88.0875,13.9805],[-88.0235,13.891],[-87.9255,13.8795],[-87.833,13.9155],[-87.7125,13.8005],[-87.755,13.69],[-87.76,13.617],[-87.79,13.533],[-87.7255,13.499],[-87.7385,13.4415],[-87.817,13.4065],[-87.721,13.359],[-87.6225,13.423],[-87.5475,13.355],[-87.482,13.359],[-87.4475,13.4205],[-87.4005,13.411],[-87.512,13.2865],[-87.436,13.1895],[-87.4195,13.1115],[-87.353,13.0725],[-87.2935,13.011],[-87.314,12.9815],[-87.0845,12.996],[-87.047,12.9805],[-86.9485,13.0695],[-86.911,13.2395],[-86.816,13.292],[-86.7585,13.264],[-86.702,13.314],[-86.7385,13.396],[-86.7245,13.4395],[-86.774,13.6545],[-86.766,13.7455],[-86.5415,13.782],[-86.41,13.749],[-86.3135,13.7765],[-86.284,13.8455],[-86.184,13.967],[-86.0965,14.044],[-86.02,14.055],[-86.0285,13.996],[-85.9155,13.9075],[-85.8615,13.9045],[-85.824,13.8475],[-85.7335,13.832],[-85.7475,13.8885],[-85.699,13.9615],[-85.5935,14.0335],[-85.528,14.051],[-85.5105,14.094],[-85.4315,14.133],[-85.3935,14.211],[-85.3215,14.2815],[-85.19,14.3095],[-85.158,14.3385],[-85.206,14.407],[-85.152,14.486],[-85.1375,14.5785],[-85.0865,14.5445],[-85.0295,14.589],[-85.033,14.6695],[-85.002,14.7405],[-84.904,14.817],[-84.818,14.8285],[-84.77,14.805],[-84.6995,14.6745],[-84.5275,14.6605],[-84.4825,14.6195],[-84.3385,14.6745],[-84.288,14.667],[-84.2355,14.7545],[-84.183,14.714],[-84.0235,14.7585],[-83.8695,14.777],[-83.527,14.9485],[-83.509,15.0115],[-83.459,14.9825],[-83.3905,15.031],[-83.262,14.983],[-83.1305,14.997],[-83.254,15.0445],[-83.3285,15.1465],[-83.3565,15.2295],[-83.408,15.2665],[-83.5425,15.3155],[-83.6735,15.3805],[-83.6695,15.343],[-83.517,15.2895],[-83.482,15.2155],[-83.533,15.211],[-83.5445,15.281],[-83.6235,15.296],[-83.634,15.2565],[-83.7695,15.219],[-83.7745,15.2855],[-83.905,15.3835],[-83.9945,15.4215],[-83.988,15.3525],[-83.9115,15.326],[-83.822,15.2705],[-83.922,15.248],[-83.959,15.298],[-84.0825,15.36],[-84.124,15.43],[-84.0245,15.535],[-83.946,15.518],[-84.167,15.7095],[-84.2945,15.811],[-84.464,15.83],[-84.4775,15.779],[-84.5505,15.7875],[-84.66,15.7745],[-84.6765,15.876],[-84.8545,15.93],[-85,15.988],[-85.076,15.986],[-85.1965,15.9075],[-85.254,15.884],[-85.4885,15.8695],[-85.6085,15.907],[-85.703,15.9765],[-85.8135,16.0045],[-85.903,15.9835],[-85.9335,15.9365],[-85.995,15.9005],[-86.138,15.8955],[-86.207,15.874],[-86.3385,15.7815],[-86.4145,15.7765],[-86.4705,15.804],[-86.699,15.7885],[-86.7705,15.8065],[-86.8785,15.764],[-86.9525,15.7635],[-87.1515,15.797],[-87.345,15.8505],[-87.4475,15.792],[-87.5095,15.7985],[-87.6175,15.8945],[-87.722,15.923],[-87.76,15.8995],[-87.846,15.894],[-87.909,15.868],[-87.934,15.819],[-88.0315,15.79],[-88.119,15.696],[-88.1695,15.692],[-88.221,15.7255],[-88.3165,15.6745],[-88.399,15.573],[-88.9735,15.1405],[-89.11,15.0915],[-89.173,15.042],[-89.169,14.952],[-89.2315,14.8675],[-89.2275,14.8345],[-89.1445,14.7085],[-89.1605,14.5815],[-89.2455,14.573],[-89.323,14.4875],[-89.3615,14.4155]]],[[[-86.8785,16.1275],[-86.9885,16.0955],[-86.9635,16.0665],[-86.8785,16.1275]]],[[[-86.6065,16.285],[-86.491,16.3255],[-86.312,16.4125],[-86.332,16.4295],[-86.5305,16.356],[-86.6065,16.285]]]]},"properties":{"ADMIN":"Honduras"}},
{"type":"Feature","geometry":{"type":"Polygon","coordinates":[[[-77.3665,5],[-67.8055,5],[-67.793,5.0635],[-67.8245,5.1105],[-67.8135,5.1865],[-67.8435,5.297],[-67.81,5.379],[-67.647,5.4835],[-67.6145,5.5535],[-67.649,5.656],[-67.641,5.745],[-67.601,5.8205],[-67.485,5.944],[-67.435,5.968],[-67.4285,6.0385],[-67.491,6.1145],[-67.476,6.1785],[-67.574,6.266],[-67.731,6.3025],[-67.839,6.3075],[-67.9045,6.275],[-67.924,6.2345],[-68.019,6.2115],[-68.1465,6.224],[-68.304,6.177],[-68.449,6.195],[-68.5845,6.17],[-68.6355,6.136],[-68.829,6.188],[-68.893,6.1845],[-69.061,6.218],[-69.189,6.1125],[-69.246,6.0805],[-69.3115,6.146],[-69.358,6.1515],[-69.4435,6.122],[-69.7,6.4455],[-70.0965,6.9445],[-70.158,6.9795],[-70.319,6.9385],[-70.4615,7.0085],[-70.521,7.0155],[-70.5785,7.086],[-70.6395,7.0735],[-70.7035,7.1],[-70.9035,7.063],[-70.9615,7.0095],[-71.0655,6.9845],[-71.136,6.992],[-71.184,6.9625],[-71.2755,6.9845],[-71.2835,7.019],[-71.51,7.0345],[-71.5945,7.03],[-71.6545,7.0535],[-71.774,7.029],[-71.8325,6.9865],[-71.994,7.013],[-72.081,7.0665],[-72.1535,7.1925],[-72.1715,7.25],[-72.164,7.329],[-72.206,7.382],[-72.322,7.39],[-72.4515,7.44],[-72.482,7.508],[-72.4635,7.571],[-72.4835,7.6495],[-72.452,7.833],[-72.488,7.949],[-72.43,7.9905],[-72.407,8.044],[-72.35,8.0425],[-72.336,8.104],[-72.396,8.2565],[-72.387,8.3385],[-72.4565,8.404],[-72.6555,8.618],[-72.6755,8.6515],[-72.783,9.06],[-72.8265,9.1415],[-72.9365,9.099],[-72.9785,9.15],[-72.98,9.2165],[-73.0095,9.2955],[-73.1245,9.2345],[-73.176,9.191],[-73.254,9.1675],[-73.378,9.1645],[-73.391,9.1945],[-73.312,9.276],[-73.2775,9.362],[-73.1785,9.523],[-73.1235,9.5615],[-73.017,9.7485],[-72.9775,9.838],[-72.997,9.9005],[-72.9875,9.9995],[-72.9355,10.175],[-72.9075,10.4525],[-72.843,10.5605],[-72.7545,10.675],[-72.706,10.8115],[-72.6565,10.885],[-72.5765,10.9575],[-72.542,11.041],[-72.4815,11.1325],[-72.3415,11.162],[-72.2565,11.168],[-72.008,11.6245],[-71.971,11.662],[-71.4495,11.7955],[-71.3275,11.85],[-71.299,11.92],[-71.138,12.016],[-71.114,12.0945],[-71.2425,12.3275],[-71.39,12.3935],[-71.439,12.396],[-71.5315,12.447],[-71.656,12.4655],[-71.6915,12.3935],[-71.803,12.3235],[-71.878,12.345],[-71.9055,12.2075],[-71.9675,12.153],[-72.015,12.194],[-72.005,12.263],[-72.1705,12.2345],[-72.1455,12.201],[-72.1385,12.1045],[-72.263,11.886],[-72.452,11.7915],[-72.5115,11.7895],[-72.5775,11.756],[-72.7595,11.697],[-72.934,11.557],[-73.055,11.494],[-73.2925,11.294],[-73.4025,11.277],[-73.705,11.2685],[-73.826,11.277],[-73.951,11.3205],[-74.0045,11.3555],[-74.0655,11.352],[-74.1875,11.317],[-74.242,11.2005],[-74.218,11.079],[-74.2805,10.9895],[-74.362,10.7755],[-74.4565,10.748],[-74.4895,10.841],[-74.5455,10.7995],[-74.605,10.834],[-74.589,10.8845],[-74.525,10.8835],[-74.503,10.9745],[-74.523,10.996],[-74.6455,11.033],[-74.8445,11.1095],[-74.8615,11.049],[-74.9235,11.0455],[-74.963,10.995],[-75.0235,10.9745],[-75.036,10.9165],[-75.2675,10.7955],[-75.3075,10.7095],[-75.3975,10.682],[-75.455,10.611],[-75.51,10.586],[-75.489,10.5015],[-75.4935,10.4345],[-75.524,10.3915],[-75.5155,10.319],[-75.592,10.2685],[-75.6465,10.1935],[-75.541,10.1885],[-75.5895,10.1285],[-75.574,10.074],[-75.5895,9.964],[-75.658,9.705],[-75.618,9.6895],[-75.5765,9.621],[-75.577,9.562],[-75.6205,9.453],[-75.6725,9.41],[-75.739,9.4255],[-75.812,9.3915],[-75.843,9.4365],[-75.91,9.428],[-76.0055,9.366],[-76.078,9.344],[-76.117,9.266],[-76.168,9.247],[-76.1865,9.1495],[-76.255,9.071],[-76.2565,9.0075],[-76.324,8.9415],[-76.427,8.9105],[-76.428,8.8845],[-76.5605,8.7755],[-76.628,8.7505],[-76.673,8.6805],[-76.8935,8.6205],[-76.947,8.5455],[-76.8385,8.5005],[-76.77,8.398],[-76.77,8.2585],[-76.732,8.0795],[-76.757,7.9235],[-76.8535,7.9125],[-76.9335,7.9645],[-76.8325,8.1365],[-76.9425,8.129],[-76.9175,8.189],[-76.963,8.2035],[-76.9765,8.254],[-77.053,8.2765],[-77.1335,8.4085],[-77.2745,8.496],[-77.307,8.589],[-77.3735,8.6645],[-77.434,8.6285],[-77.429,8.5925],[-77.4805,8.526],[-77.4795,8.468],[-77.4225,8.4565],[-77.3915,8.3935],[-77.363,8.272],[-77.3245,8.261],[-77.231,8.0985],[-77.201,7.982],[-77.3215,7.881],[-77.38,7.7745],[-77.3395,7.707],[-77.5095,7.594],[-77.58,7.5285],[-77.68,7.671],[-77.74,7.719],[-77.7705,7.669],[-77.731,7.5305],[-77.755,7.486],[-77.82,7.4765],[-77.896,7.235],[-77.8255,7.163],[-77.787,7.149],[-77.713,7.0705],[-77.6525,6.9765],[-77.7015,6.9185],[-77.5735,6.801],[-77.532,6.712],[-77.4625,6.7205],[-77.411,6.694],[-77.415,6.6365],[-77.353,6.5815],[-77.343,6.544],[-77.3965,6.396],[-77.3765,6.337],[-77.415,6.239],[-77.4765,6.3005],[-77.4845,6.189],[-77.383,6.0425],[-77.353,6.026],[-77.3025,5.8885],[-77.2465,5.7875],[-77.261,5.701],[-77.3555,5.608],[-77.405,5.6285],[-77.491,5.595],[-77.552,5.492],[-77.462,5.501],[-77.4085,5.4645],[-77.359,5.2975],[-77.373,5.149],[-77.3665,5]]]},"properties":{"ADMIN":"Colombia"}},
{"type":"Feature","geometry":{"type":"MultiPolygon","coordinates":[[[[-122.753,48.9925],[-122.7725,48.8865],[-122.6495,48.7635],[-122.53,48.7685],[-122.499,48.7395],[-122.484,48.635],[-122.4405,48.5805],[-122.4945,48.5295],[-122.5005,48.4505],[-122.633,48.5165],[-122.6835,48.43],[-122.5845,48.438],[-122.534,48.3745],[-122.392,48.31],[-122.436,48.2345],[-122.3755,48.213],[-122.3625,48.1225],[-122.3075,48.0655],[-122.2075,48.0145],[-122.3205,47.942],[-122.3395,47.873],[-122.406,47.778],[-122.381,47.72],[-122.4135,47.6415],[-122.367,47.442],[-122.3235,47.3725],[-122.4095,47.325],[-122.4485,47.2685],[-122.537,47.2785],[-122.5715,47.2095],[-122.6525,47.128],[-122.7225,47.0895],[-122.798,47.1575],[-122.901,47.1305],[-122.965,47.181],[-122.9205,47.278],[-122.846,47.316],[-122.7985,47.205],[-122.7235,47.2385],[-122.6865,47.301],[-122.5835,47.264],[-122.586,47.3365],[-122.508,47.5205],[-122.592,47.597],[-122.6285,47.693],[-122.4685,47.7565],[-122.528,47.9055],[-122.5885,47.9045],[-122.734,47.7425],[-122.7635,47.669],[-122.949,47.597],[-122.839,47.782],[-122.7365,47.7945],[-122.668,47.871],[-122.678,47.9355],[-122.792,48.083],[-122.795,48.141],[-122.9275,48.095],[-122.999,48.0915],[-123.112,48.149],[-123.247,48.1155],[-123.4215,48.118],[-123.5845,48.1355],[-123.7005,48.165],[-123.971,48.1655],[-124.05,48.1775],[-124.2275,48.2585],[-124.399,48.2935],[-124.575,48.3705],[-124.6965,48.391],[-124.6615,48.3195],[-124.6895,48.2135],[-124.7345,48.1705],[-124.6895,48.1],[-124.638,47.908],[-124.4835,47.813],[-124.423,47.742],[-124.351,47.547],[-124.318,47.3575],[-124.2535,47.3015],[-124.2115,47.2265],[-124.172,47.042],[-124.0275,47.028],[-124.013,46.9835],[-123.8815,46.9415],[-124.047,46.891],[-124.1015,46.8085],[-124.0935,46.743],[-123.913,46.728],[-123.9225,46.658],[-123.8965,46.5445],[-123.936,46.4725],[-123.898,46.4415],[-123.958,46.378],[-124.0145,46.385],[-124.018,46.5685],[-124.0625,46.596],[-124.064,46.3565],[-123.925,46.2515],[-123.873,46.24],[-123.8065,46.2835],[-123.693,46.305],[-123.6625,46.2705],[-123.5195,46.2355],[-123.614,46.1865],[-123.727,46.1705],[-123.767,46.204],[-123.867,46.16],[-123.9905,46.2005],[-123.937,46.082],[-123.934,45.9795],[-123.9905,45.938],[-123.9565,45.873],[-123.981,45.7605],[-123.9205,45.6625],[-123.958,45.576],[-123.971,45.452],[-123.9185,45.4175],[-123.981,45.3495],[-123.9605,45.3],[-123.971,45.1535],[-124.0345,44.8785],[-124.065,44.8235],[-124.063,44.6095],[-124.0845,44.4115],[-124.1135,44.3015],[-124.114,44.1905],[-124.151,43.8815],[-124.176,43.7625],[-124.277,43.4215],[-124.3085,43.355],[-124.3765,43.34],[-124.445,43.03],[-124.5475,42.8455],[-124.515,42.7485],[-124.4145,42.6625],[-124.3945,42.5665],[-124.4205,42.491],[-124.433,42.3295],[-124.379,42.2205],[-124.3595,42.113],[-124.293,42.0465],[-124.217,42.006],[-124.202,41.9605],[-124.219,41.85],[-124.263,41.7765],[-124.1595,41.7365],[-124.103,41.6025],[-124.062,41.436],[-124.1245,41.182],[-124.163,41.139],[-124.1105,41.0155],[-124.214,40.7015],[-124.274,40.7],[-124.386,40.5095],[-124.409,40.444],[-124.3485,40.319],[-124.3635,40.2615],[-124.116,40.107],[-124.0805,40.0355],[-124.0335,40.012],[-123.854,39.8335],[-123.824,39.718],[-123.796,39.692],[-123.77,39.5445],[-123.8165,39.444],[-123.825,39.3475],[-123.768,39.194],[-123.7355,39.159],[-123.689,39.028],[-123.725,38.9605],[-123.6485,38.8495],[-123.4335,38.687],[-123.2525,38.5105],[-123.1285,38.4495],[-123.0295,38.3125],[-122.9745,38.266],[-122.869,38.1105],[-122.9495,38.144],[-123.016,38.0005],[-122.921,38.035],[-122.8215,37.9975],[-122.7275,37.903],[-122.6725,37.9065],[-122.5285,37.8165],[-122.4775,37.825],[-122.439,37.882],[-122.5035,37.925],[-122.4875,38.105],[-122.3965,38.153],[-122.2715,38.0745],[-122.121,38.06],[-122.055,38.1335],[-122.0005,38.1375],[-121.9715,38.075],[-121.78,38.0615],[-121.837,38.023],[-122.004,38.056],[-122.148,38.0235],[-122.227,38.0585],[-122.395,37.9705],[-122.41,37.932],[-122.329,37.908],[-122.2955,37.8315],[-122.3315,37.7825],[-122.249,37.7485],[-122.163,37.6645],[-122.1465,37.579],[-122.0935,37.5035],[-122.183,37.5075],[-122.258,37.5715],[-122.3585,37.593],[-122.3925,37.7105],[-122.3545,37.73],[-122.419,37.811],[-122.515,37.781],[-122.4945,37.665],[-122.5205,37.5315],[-122.463,37.4965],[-122.4005,37.3595],[-122.4185,37.2525],[-122.4045,37.1945],[-122.281,37.0965],[-122.1535,36.977],[-122.061,36.949],[-121.937,36.9785],[-121.86,36.9275],[-121.79,36.806],[-121.8145,36.683],[-121.87,36.607],[-121.9375,36.639],[-121.9465,36.492],[-121.904,36.3845],[-121.8955,36.314],[-121.8355,36.249],[-121.729,36.198],[-121.63,36.113],[-121.5665,36.02],[-121.49,35.982],[-121.463,35.8865],[-121.337,35.7865],[-121.3145,35.7135],[-121.269,35.664],[-121.1695,35.637],[-121.102,35.5495],[-121.0055,35.4605],[-120.908,35.448],[-120.871,35.4055],[-120.868,35.3305],[-120.8975,35.25],[-120.791,35.179],[-120.7065,35.174],[-120.645,35.1395],[-120.6335,35.035],[-120.673,34.9075],[-120.6155,34.858],[-120.64,34.7585],[-120.603,34.705],[-120.648,34.5855],[-120.51,34.5215],[-120.4725,34.4505],[-120.293,34.4685],[-120.1335,34.4725],[-120.01,34.461],[-119.8785,34.4065],[-119.7875,34.417],[-119.733,34.3975],[-119.617,34.4205],[-119.453,34.3685],[-119.3915,34.3185],[-119.2695,34.255],[-119.217,34.1455],[-118.937,34.043],[-118.7835,34.022],[-118.6755,34.038],[-118.544,34.039],[-118.4445,33.9495],[-118.3915,33.836],[-118.412,33.7415],[-118.301,33.71],[-118.2545,33.7655],[-118.1525,33.759],[-118.0905,33.731],[-117.9785,33.636],[-117.7765,33.5295],[-117.509,33.335],[-117.322,33.1085],[-117.275,32.9935],[-117.2535,32.885],[-117.2835,32.8375],[-117.2575,32.784],[-117.2575,32.7015],[-117.1665,32.6695],[-117.125,32.5315],[-116.5295,32.5765],[-115.794,32.632],[-115.2795,32.671],[-114.7245,32.713],[-114.8025,32.5945],[-114.822,32.5],[-113.9615,32.234],[-113.143,31.981],[-112.3245,31.728],[-111.506,31.475],[-111.067,31.3335],[-111.0065,31.327],[-110.5215,31.327],[-109.582,31.3275],[-108.9835,31.3275],[-108.215,31.3275],[-108.215,31.778],[-107.2835,31.7755],[-106.517,31.774],[-106.429,31.7585],[-106.3585,31.7175],[-106.2865,31.58],[-106.209,31.4775],[-106.1645,31.448],[-106.0045,31.397],[-105.862,31.2885],[-105.768,31.18],[-105.591,31.0715],[-105.556,31.0025],[-105.4155,30.9025],[-105.364,30.8505],[-105.2295,30.81],[-105.1335,30.758],[-105.087,30.71],[-105.0085,30.677],[-104.8865,30.552],[-104.8525,30.439],[-104.7495,30.2645],[-104.6815,30.193],[-104.699,30.0315],[-104.6805,29.9425],[-104.6195,29.833],[-104.5705,29.7875],[-104.531,29.668],[-104.444,29.589],[-104.349,29.5375],[-104.267,29.5265],[-104.1945,29.449],[-104.0575,29.339],[-103.928,29.293],[-103.794,29.2775],[-103.7775,29.2355],[-103.673,29.1735],[-103.5415,29.149],[-103.4785,29.082],[-103.3015,29.0025],[-103.148,28.985],[-103.1045,29.058],[-103.016,29.127],[-102.9885,29.177],[-102.897,29.2205],[-102.883,29.344],[-102.8375,29.3665],[-102.841,29.4385],[-102.7795,29.5925],[-102.6835,29.7435],[-102.621,29.7475],[-102.5155,29.7845],[-102.406,29.7775],[-102.3745,29.848],[-102.302,29.8895],[-102.1095,29.802],[-101.972,29.818],[-101.632,29.7755],[-101.554,29.7965],[-101.4095,29.766],[-101.3645,29.6765],[-101.219,29.6105],[-101.2265,29.5545],[-101.1635,29.5015],[-101.038,29.46],[-101.016,29.39],[-100.816,29.271],[-100.7625,29.174],[-100.669,29.116],[-100.6245,28.9245],[-100.519,28.805],[-100.494,28.7085],[-100.397,28.5925],[-100.3515,28.4965],[-100.2845,28.2965],[-100.1975,28.207],[-100.075,28.1545],[-100.0005,28.0205],[-99.879,27.902],[-99.8635,27.8045],[-99.7405,27.722],[-99.7005,27.659],[-99.6,27.6465],[-99.507,27.574],[-99.5095,27.5],[-99.473,27.4265],[-99.4975,27.339],[-99.432,27.2075],[-99.4615,27.057],[-99.3995,27.0125],[-99.377,26.954],[-99.2485,26.827],[-99.181,26.63],[-99.165,26.5405],[-99.115,26.5255],[-99.0855,26.4075],[-98.963,26.3995],[-98.893,26.368],[-98.796,26.3685],[-98.74,26.3035],[-98.6405,26.242],[-98.5815,26.2625],[-98.3695,26.194],[-98.3005,26.1115],[-98.2225,26.0755],[-97.9415,26.057],[-97.802,26.0635],[-97.6795,26.0345],[-97.5205,25.913],[-97.4485,25.8925],[-97.4255,25.855],[-97.3455,25.852],[-97.355,25.913],[-97.253,25.9635],[-97.1395,25.966],[-97.143,26.048],[-97.236,25.984],[-97.2465,26.0705],[-97.3105,26.1235],[-97.3085,26.201],[-97.361,26.286],[-97.352,26.354],[-97.448,26.42],[-97.425,26.535],[-97.4885,26.775],[-97.555,26.825],[-97.55,27.009],[-97.4805,27.022],[-97.497,27.106],[-97.446,27.1325],[-97.44,27.272],[-97.521,27.232],[-97.6295,27.2445],[-97.74,27.3935],[-97.7175,27.4275],[-97.63,27.3],[-97.534,27.352],[-97.4225,27.328],[-97.3295,27.5495],[-97.263,27.6795],[-97.267,27.708],[-97.356,27.742],[-97.3855,27.83],[-97.487,27.8355],[-97.521,27.873],[-97.267,27.8795],[-97.184,27.8365],[-97.025,28.0415],[-97.021,28.1005],[-97.106,28.071],[-97.13,28.017],[-97.2175,28.075],[-97.1575,28.134],[-97.0075,28.1945],[-97.02,28.14],[-96.945,28.1265],[-96.88,28.1505],[-96.7825,28.2415],[-96.781,28.332],[-96.8445,28.4155],[-96.7775,28.4375],[-96.706,28.3885],[-96.6535,28.3195],[-96.404,28.435],[-96.5205,28.549],[-96.582,28.579],[-96.6455,28.687],[-96.5905,28.7205],[-96.5595,28.6545],[-96.447,28.6355],[-96.39,28.6885],[-96.346,28.6355],[-96.2605,28.6885],[-96.2155,28.648],[-96.205,28.5865],[-96.0265,28.651],[-95.94,28.6255],[-95.952,28.6885],[-95.8175,28.7325],[-95.689,28.7365],[-95.602,28.764],[-95.419,28.8725],[-95.3795,28.8805],[-95.26,28.982],[-95.159,29.0455],[-95.159,29.1525],[-95.065,29.204],[-94.889,29.376],[-94.943,29.422],[-94.984,29.514],[-95.024,29.542],[-95.0155,29.7205],[-94.876,29.666],[-94.8265,29.768],[-94.7445,29.782],[-94.6925,29.6965],[-94.755,29.5245],[-94.6055,29.5525],[-94.6225,29.49],[-94.701,29.463],[-94.782,29.3935],[-94.7425,29.3745],[-94.6545,29.452],[-94.06,29.682],[-93.876,29.675],[-93.876,29.7235],[-93.9325,29.776],[-93.9245,29.8655],[-93.854,29.9865],[-93.76,29.9605],[-93.782,29.8565],[-93.888,29.807],[-93.879,29.75],[-93.831,29.7],[-93.7395,29.737],[-93.4535,29.7705],[-93.3455,29.762],[-93.1995,29.773],[-93.027,29.733],[-92.683,29.604],[-92.546,29.5715],[-92.2765,29.534],[-92.137,29.587],[-92.1075,29.6205],[-92.15,29.7075],[-92.134,29.757],[-92.0005,29.799],[-91.9845,29.832],[-91.8475,29.831],[-91.878,29.7595],[-91.8585,29.719],[-91.7785,29.7485],[-91.6845,29.753],[-91.6305,29.729],[-91.644,29.645],[-91.569,29.647],[-91.5345,29.534],[-91.429,29.528],[-91.321,29.4965],[-91.278,29.524],[-91.22,29.4045],[-91.1215,29.338],[-91.113,29.271],[-91.154,29.2505],[-91.1915,29.3315],[-91.2465,29.378],[-91.328,29.295],[-91.2285,29.2385],[-91.124,29.223],[-91.0795,29.196],[-90.93,29.1715],[-90.884,29.134],[-90.8285,29.1765],[-90.706,29.1195],[-90.641,29.1575],[-90.6405,29.202],[-90.562,29.3005],[-90.483,29.291],[-90.426,29.3505],[-90.3935,29.2985],[-90.3375,29.2935],[-90.251,29.2475],[-90.2715,29.1675],[-90.229,29.0865],[-90.131,29.132],[-90.08,29.1745],[-90.095,29.284],[-90.051,29.3075],[-90.0365,29.366],[-90.07,29.46],[-90.1435,29.477],[-90.2095,29.5385],[-90.0805,29.5375],[-89.971,29.4735],[-89.9075,29.477],[-89.782,29.3915],[-89.7575,29.343],[-89.818,29.316],[-89.6225,29.285],[-89.608,29.256],[-89.4825,29.243],[-89.3835,29.088],[-89.312,29.0725],[-89.4075,28.9695],[-89.374,28.9475],[-89.3095,29.05],[-89.2495,29.065],[-89.188,29.0305],[-89.0825,29.119],[-89.023,29.1475],[-89.1265,29.2495],[-89.202,29.353],[-89.3425,29.346],[-89.434,29.4035],[-89.516,29.3925],[-89.5415,29.471],[-89.6685,29.522],[-89.7235,29.6015],[-89.639,29.6205],[-89.654,29.675],[-89.5855,29.6885],[-89.5445,29.751],[-89.457,29.8295],[-89.42,29.792],[-89.3315,29.88],[-89.4345,29.929],[-89.4275,30.0585],[-89.571,29.9885],[-89.5755,29.931],[-89.6195,29.88],[-89.6865,29.8825],[-89.839,29.9955],[-89.8005,30.051],[-89.7475,30.041],[-89.681,30.0765],[-89.6395,30.1405],[-89.789,30.099],[-89.8805,30.155],[-89.9275,30.0955],[-90.037,30.0405],[-90.1685,30.0245],[-90.266,30.06],[-90.339,30.066],[-90.433,30.1435],[-90.405,30.22],[-90.331,30.276],[-90.2225,30.3875],[-90.0585,30.3605],[-89.969,30.2645],[-89.884,30.2645],[-89.826,30.2315],[-89.7705,30.2395],[-89.7085,30.1755],[-89.5235,30.196],[-89.4425,30.19],[-89.421,30.258],[-89.33,30.303],[-89.322,30.381],[-89.24,30.3205],[-89.0135,30.3775],[-88.9275,30.442],[-88.846,30.4225],[-88.742,30.354],[-88.662,30.3545],[-88.5985,30.395],[-88.5585,30.3485],[-88.4705,30.324],[-88.3555,30.404],[-88.187,30.3675],[-88.12,30.3385],[-88.112,30.453],[-88.0525,30.6545],[-88.0065,30.688],[-87.9425,30.6595],[-87.9105,30.549],[-87.9405,30.483],[-87.9165,30.4235],[-87.776,30.313],[-87.7865,30.237],[-87.6545,30.252],[-87.59,30.2755],[-87.573,30.3215],[-87.4735,30.359],[-87.471,30.2935],[-87.329,30.3195],[-87.2025,30.419],[-87.157,30.4745],[-87.1545,30.5805],[-87.0605,30.495],[-87.0155,30.521],[-86.94,30.4565],[-87.0445,30.3895],[-86.68,30.4225],[-86.4845,30.48],[-86.4085,30.4615],[-86.286,30.4975],[-86.1515,30.4575],[-86.145,30.396],[-86.231,30.415],[-86.365,30.381],[-86.066,30.306],[-85.8645,30.2165],[-85.7445,30.1395],[-85.767,30.2405],[-85.8545,30.265],[-85.7545,30.3195],[-85.7085,30.247],[-85.671,30.123],[-85.3565,29.8885],[-85.302,29.798],[-85.308,29.6935],[-85.2405,29.6885],[-85.1245,29.722],[-85.0045,29.716],[-84.8735,29.8045],[-84.8865,29.73],[-84.7335,29.7915],[-84.653,29.853],[-84.5085,29.922],[-84.349,29.902],[-84.343,29.947],[-84.445,29.9685],[-84.391,30.0245],[-84.2695,30.0925],[-84.1475,30.088],[-84.024,30.1065],[-83.8565,30.0025],[-83.7875,29.9895],[-83.6805,29.9215],[-83.5935,29.826],[-83.577,29.765],[-83.5275,29.716],[-83.409,29.6675],[-83.393,29.6335],[-83.405,29.5315],[-83.278,29.4385],[-83.2155,29.4105],[-83.1575,29.305],[-83.085,29.272],[-83.024,29.175],[-82.849,29.182],[-82.7735,29.1195],[-82.746,29.065],[-82.755,29.01],[-82.685,28.913],[-82.6445,28.9005],[-82.6385,28.8245],[-82.6845,28.805],[-82.637,28.7465],[-82.664,28.448],[-82.7875,28.194],[-82.7675,28.106],[-82.8425,27.8285],[-82.796,27.8155],[-82.6845,27.701],[-82.638,27.701],[-82.596,27.83],[-82.6045,27.8815],[-82.719,27.928],[-82.68,28.0135],[-82.596,27.983],[-82.485,27.8925],[-82.4215,27.917],[-82.398,27.796],[-82.544,27.65],[-82.5785,27.5475],[-82.661,27.5205],[-82.6455,27.443],[-82.5735,27.395],[-82.542,27.3085],[-82.562,27.2765],[-82.3765,26.9405],[-82.343,26.935],[-82.314,26.8495],[-82.198,26.803],[-82.16,26.8625],[-82.1445,26.9405],[-82.057,26.866],[-82.082,26.68],[-82.039,26.528],[-81.9745,26.5105],[-81.9235,26.455],[-81.856,26.449],[-81.852,26.342],[-81.822,26.293],[-81.819,26.1705],[-81.801,26.0985],[-81.6645,25.9815],[-81.6845,25.925],[-81.564,25.9205],[-81.396,25.8515],[-81.3215,25.7825],[-81.357,25.7535],[-81.2795,25.704],[-81.2145,25.5275],[-81.171,25.475],[-81.149,25.3955],[-81.095,25.3515],[-80.981,25.3185],[-80.924,25.2635],[-80.9445,25.2125],[-81.078,25.273],[-81.1485,25.331],[-81.177,25.228],[-81.149,25.1655],[-81.0865,25.1215],[-80.91,25.1455],[-80.855,25.186],[-80.773,25.1455],[-80.711,25.1455],[-80.657,25.19],[-80.6065,25.1885],[-80.5805,25.2415],[-80.519,25.217],[-80.427,25.2215],[-80.396,25.2955],[-80.3145,25.371],[-80.3425,25.4935],[-80.3115,25.55],[-80.307,25.618],[-80.2405,25.7295],[-80.196,25.754],[-80.1765,25.8585],[-80.1295,25.888],[-80.113,26.069],[-80.0775,26.2875],[-80.0535,26.5565],[-80.0325,26.5875],[-80.038,26.811],[-80.0755,26.973],[-80.149,27.1385],[-80.177,27.1505],[-80.3455,27.5145],[-80.381,27.666],[-80.7385,28.3735],[-80.766,28.451],[-80.7975,28.6085],[-80.828,28.6615],[-80.848,28.7905],[-80.7495,28.724],[-80.7805,28.6805],[-80.766,28.6125],[-80.684,28.595],[-80.6095,28.61],[-80.588,28.506],[-80.618,28.3795],[-80.62,28.207],[-80.592,28.208],[-80.594,28.4015],[-80.5405,28.4515],[-80.5675,28.558],[-80.922,29.0685],[-81.072,29.363],[-81.1785,29.5855],[-81.256,29.7895],[-81.274,29.89],[-81.3285,30.053],[-81.395,30.2985],[-81.3895,30.384],[-81.4475,30.508],[-81.4285,30.6815],[-81.4995,30.7045],[-81.4925,30.772],[-81.519,30.842],[-81.4995,30.968],[-81.424,31.025],[-81.4565,31.1905],[-81.386,31.142],[-81.27,31.275],[-81.3285,31.3155],[-81.364,31.416],[-81.301,31.571],[-81.1965,31.7175],[-81.119,31.7375],[-81.061,31.788],[-81.0745,31.8885],[-80.9805,31.8655],[-80.9495,31.9135],[-80.8355,32.003],[-80.8875,32.0695],[-80.737,32.152],[-80.678,32.2145],[-80.799,32.3195],[-80.7875,32.3575],[-80.829,32.4555],[-80.797,32.4745],[-80.7595,32.361],[-80.692,32.3095],[-80.67,32.3735],[-80.629,32.382],[-80.637,32.267],[-80.5535,32.279],[-80.471,32.3225],[-80.441,32.366],[-80.47,32.442],[-80.571,32.4915],[-80.525,32.54],[-80.4095,32.481],[-80.331,32.4865],[-80.149,32.5815],[-80.005,32.6115],[-79.9815,32.6485],[-79.8875,32.688],[-79.851,32.7585],[-79.7445,32.7995],[-79.693,32.86],[-79.6075,32.916],[-79.623,32.9555],[-79.585,33.014],[-79.52,33.041],[-79.4915,32.9915],[-79.387,33.0175],[-79.3715,33.064],[-79.3075,33.0955],[-79.203,33.193],[-79.133,33.4175],[-78.938,33.642],[-78.7635,33.7785],[-78.559,33.869],[-78.3675,33.917],[-78.2525,33.925],[-78.0325,33.8925],[-77.972,33.9525],[-77.911,33.958],[-77.8745,34.1225],[-77.8325,34.207],[-77.6685,34.376],[-77.536,34.4685],[-77.379,34.527],[-77.2535,34.5945],[-77.2015,34.6505],[-76.896,34.739],[-76.658,34.722],[-76.5715,34.781],[-76.504,34.7665],[-76.4145,34.849],[-76.3355,34.8995],[-76.2935,34.985],[-76.3775,34.966],[-76.419,34.9865],[-76.548,34.9995],[-76.596,34.9585],[-76.6425,34.984],[-76.762,34.9125],[-76.8055,34.9445],[-76.9405,34.98],[-76.9995,35.062],[-76.9465,35.0685],[-76.839,34.9925],[-76.7645,34.989],[-76.608,35.08],[-76.5605,35.1245],[-76.664,35.181],[-76.493,35.23],[-76.497,35.3115],[-76.694,35.3535],[-76.817,35.3965],[-76.904,35.444],[-76.9765,35.438],[-76.994,35.497],[-76.822,35.453],[-76.7585,35.419],[-76.7045,35.4305],[-76.6,35.395],[-76.575,35.4975],[-76.4985,35.3915],[-76.4425,35.404],[-76.2685,35.3485],[-76.1505,35.347],[-75.897,35.579],[-75.754,35.612],[-75.725,35.698],[-75.743,35.768],[-75.722,35.829],[-75.7905,35.9325],[-75.853,35.98],[-75.99,35.887],[-75.995,35.7305],[-76.065,35.768],[-76.051,35.819],[-76.0855,35.8635],[-76.0485,35.9835],[-76.1955,35.9935],[-76.3875,35.9385],[-76.473,35.9725],[-76.558,35.9385],[-76.73,35.9455],[-76.687,36.056],[-76.5895,36.017],[-76.5245,36.0135],[-76.436,36.048],[-76.4115,36.083],[-76.1955,36.1035],[-76.0205,36.1915],[-75.8595,36.1615],[-75.838,36.098],[-75.7855,36.0815],[-75.8805,36.3005],[-75.9215,36.357],[-75.9165,36.4025],[-76.0115,36.4605],[-76.037,36.501],[-75.901,36.496],[-75.9145,36.576],[-75.9755,36.6065],[-75.9625,36.7095],[-75.928,36.706],[-75.989,36.912],[-76.0355,36.935],[-76.126,36.9165],[-76.269,36.9615],[-76.3285,36.9295],[-76.3175,36.8835],[-76.476,36.908],[-76.4945,36.954],[-76.5715,37.0275],[-76.6595,37.0435],[-76.67,37.185],[-76.718,37.15],[-76.802,37.2065],[-76.8935,37.2065],[-76.878,37.269],[-76.73,37.22],[-76.655,37.234],[-76.6175,37.199],[-76.611,37.1195],[-76.453,37.03],[-76.429,36.9765],[-76.296,37.0135],[-76.27,37.0695],[-76.298,37.1445],[-76.3795,37.1855],[-76.403,37.234],[-76.468,37.214],[-76.606,37.296],[-76.6765,37.395],[-76.6425,37.409],[-76.496,37.249],[-76.3785,37.2725],[-76.4095,37.408],[-76.3215,37.3865],[-76.2575,37.3355],[-76.2445,37.4495],[-76.3565,37.522],[-76.443,37.6185],[-76.522,37.615],[-76.571,37.653],[-76.6135,37.7395],[-76.6685,37.7555],[-76.713,37.847],[-76.5835,37.7775],[-76.4895,37.6585],[-76.4465,37.671],[-76.3495,37.628],[-76.317,37.732],[-76.25,37.823],[-76.248,37.9035],[-76.5305,38.025],[-76.5345,38.075],[-76.607,38.113],[-76.6145,38.1505],[-76.882,38.177],[-76.954,38.21],[-76.9655,38.267],[-77.03,38.3075],[-77.015,38.3725],[-77.249,38.33],[-77.292,38.3405],[-77.3265,38.451],[-77.23,38.6565],[-77.1845,38.605],[-77.267,38.494],[-77.2555,38.3935],[-77.2035,38.3645],[-77.06,38.4285],[-77.0215,38.4615],[-76.9735,38.3445],[-76.922,38.2915],[-76.7545,38.2275],[-76.6165,38.2235],[-76.434,38.132],[-76.3515,38.0575],[-76.3205,38.139],[-76.3875,38.227],[-76.4195,38.3215],[-76.396,38.3915],[-76.512,38.5275],[-76.5215,38.725],[-76.5515,38.7755],[-76.4595,38.912],[-76.486,38.9865],[-76.3985,39.0145],[-76.449,39.195],[-76.3905,39.2715],[-76.4245,39.3235],[-76.2095,39.3645],[-76.1225,39.411],[-76.065,39.471],[-76.1205,39.495],[-76.083,39.558],[-76.0085,39.5485],[-75.9995,39.4855],[-75.9345,39.4745],[-76.0345,39.393],[-76.1055,39.372],[-76.175,39.316],[-76.2725,39.1515],[-76.2425,39.127],[-76.1305,39.118],[-76.168,39.0565],[-76.151,39.009],[-76.216,38.9745],[-76.322,39.0065],[-76.3565,38.9485],[-76.329,38.9165],[-76.247,38.951],[-76.1545,38.8955],[-76.2125,38.8075],[-76.3045,38.8225],[-76.3405,38.7285],[-76.2365,38.715],[-76.1455,38.665],[-76.182,38.618],[-76.2775,38.6245],[-76.2425,38.5565],[-76.2545,38.48],[-76.319,38.474],[-76.221,38.344],[-76.193,38.383],[-76.1175,38.2985],[-76.0285,38.242],[-75.9065,38.271],[-75.856,38.2195],[-75.9415,38.1555],[-75.8145,38.135],[-75.8465,38.0395],[-75.8865,37.988],[-75.858,37.931],[-75.7865,37.976],[-75.6725,37.972],[-75.743,37.912],[-75.671,37.8925],[-75.708,37.833],[-75.798,37.796],[-75.7885,37.7275],[-75.9215,37.6105],[-75.894,37.5625],[-75.952,37.516],[-75.926,37.4785],[-76.0105,37.3165],[-76.017,37.258],[-75.9665,37.135],[-75.936,37.135],[-75.9235,37.2445],[-75.8875,37.357],[-75.8285,37.3905],[-75.8185,37.454],[-75.4925,37.831],[-75.425,37.875],[-75.4345,37.962],[-75.3785,38.0115],[-75.334,38.1115],[-75.2905,38.111],[-75.2425,38.227],[-75.1545,38.241],[-75.1045,38.316],[-75.1255,38.3605],[-75.0575,38.5525],[-75.126,38.59],[-75.121,38.684],[-75.066,38.678],[-75.0845,38.796],[-75.1665,38.7945],[-75.3105,38.928],[-75.315,38.984],[-75.394,39.0555],[-75.394,39.2245],[-75.4345,39.315],[-75.491,39.3535],[-75.588,39.463],[-75.5315,39.478],[-75.3595,39.338],[-75.2495,39.297],[-75.167,39.2345],[-75.1595,39.1985],[-75.0265,39.2105],[-74.9385,39.1925],[-74.8875,39.147],[-74.9525,39.0075],[-74.9675,38.936],[-74.875,38.9445],[-74.8035,38.9875],[-74.7455,39.0545],[-74.6545,39.2015],[-74.579,39.268],[-74.5095,39.379],[-74.359,39.55],[-74.2565,39.6115],[-74.1675,39.6995],[-74.19,39.744],[-74.1275,39.8485],[-74.1035,40.014],[-74.0575,40.012],[-73.992,40.227],[-73.9725,40.3275],[-73.979,40.4495],[-74.0325,40.4215],[-74.12,40.4455],[-74.197,40.441],[-74.2825,40.4975],[-74.2215,40.572],[-74.2095,40.634],[-74.096,40.655],[-74.032,40.714],[-73.918,40.9315],[-73.9065,41.0165],[-73.918,41.1635],[-73.8755,41.1535],[-73.872,41.0335],[-73.927,40.805],[-73.82,40.839],[-73.7645,40.91],[-73.677,40.955],[-73.6345,41.007],[-73.565,41.019],[-73.3325,41.1135],[-73.2715,41.1175],[-73.17,41.1695],[-73.014,41.2065],[-72.906,41.3005],[-72.8925,41.245],[-72.7795,41.27],[-72.6865,41.2565],[-72.605,41.284],[-72.508,41.2565],[-72.4335,41.29],[-72.288,41.283],[-72.1945,41.324],[-72.1105,41.311],[-71.898,41.3465],[-71.829,41.317],[-71.599,41.3675],[-71.4975,41.3665],[-71.426,41.4685],[-71.443,41.5745],[-71.3555,41.7465],[-71.2605,41.651],[-71.207,41.646],[-71.186,41.4685],[-71.0495,41.552],[-71.04,41.507],[-70.925,41.5505],[-70.9075,41.615],[-70.7745,41.646],[-70.722,41.7015],[-70.6585,41.722],[-70.6585,41.5215],[-70.5045,41.5635],[-70.4285,41.632],[-70.24,41.6435],[-69.978,41.682],[-69.939,41.674],[-69.9435,41.8575],[-70.07,41.7735],[-70.2745,41.715],[-70.439,41.756],[-70.533,41.816],[-70.524,41.8685],[-70.566,41.9555],[-70.655,41.957],[-70.665,42.0105],[-70.631,42.0925],[-70.784,42.2595],[-70.963,42.28],[-71.0385,42.308],[-70.9745,42.4165],[-70.9155,42.4695],[-70.838,42.499],[-70.8615,42.547],[-70.6475,42.6045],[-70.598,42.665],[-70.659,42.6845],[-70.757,42.657],[-70.8195,42.7185],[-70.801,42.7925],[-70.8155,42.8705],[-70.7095,43.065],[-70.66,43.094],[-70.569,43.229],[-70.5815,43.275],[-70.5195,43.3395],[-70.3825,43.3935],[-70.3565,43.527],[-70.205,43.561],[-70.198,43.6095],[-70.239,43.7],[-70.109,43.8065],[-69.986,43.863],[-69.858,43.7545],[-69.7875,43.7375],[-69.7075,43.827],[-69.759,43.8865],[-69.657,44.009],[-69.6495,43.8975],[-69.5675,43.9415],[-69.479,43.8805],[-69.4305,43.993],[-69.37,44.0215],[-69.2635,43.93],[-69.1915,43.952],[-69.119,44.041],[-69.076,44.0525],[-69.0885,44.1365],[-68.999,44.295],[-68.9445,44.349],[-68.9865,44.421],[-68.8275,44.479],[-68.8015,44.5605],[-68.7425,44.5375],[-68.8005,44.4455],[-68.821,44.3145],[-68.756,44.3345],[-68.6335,44.2965],[-68.5415,44.2375],[-68.526,44.295],[-68.563,44.4005],[-68.4645,44.4345],[-68.423,44.405],[-68.3545,44.466],[-68.27,44.486],[-68.1115,44.48],[-68.0975,44.3855],[-68.0195,44.3765],[-67.8995,44.422],[-67.8525,44.4825],[-67.875,44.542],[-67.8065,44.5755],[-67.714,44.501],[-67.6835,44.548],[-67.575,44.5535],[-67.539,44.646],[-67.4725,44.603],[-67.4045,44.6055],[-67.327,44.6575],[-67.2245,44.644],[-67.0325,44.767],[-66.9775,44.8155],[-67.0435,44.894],[-67.1145,44.847],[-67.163,44.8665],[-67.0625,44.9315],[-67.052,44.9835],[-67.1045,45.038],[-67.176,45.1785],[-67.2425,45.2025],[-67.3565,45.166],[-67.475,45.2825],[-67.429,45.387],[-67.493,45.493],[-67.426,45.5335],[-67.45,45.611],[-67.552,45.6105],[-67.6605,45.6375],[-67.7175,45.6855],[-67.8,45.7],[-67.811,45.7665],[-67.773,45.828],[-67.799,45.8755],[-67.7845,45.96],[-67.7895,46.229],[-67.805,47.0355],[-67.9625,47.1975],[-68.197,47.3415],[-68.2995,47.368],[-68.3855,47.3015],[-68.5395,47.3],[-68.644,47.2455],[-68.762,47.237],[-68.906,47.19],[-69.04,47.249],[-69.0695,47.432],[-69.222,47.4595],[-69.2675,47.44],[-69.8095,46.9015],[-70.008,46.704],[-70.0745,46.4195],[-70.1885,46.3585],[-70.281,46.212],[-70.244,46.141],[-70.3115,46.072],[-70.317,45.999],[-70.2625,45.923],[-70.417,45.794],[-70.4075,45.7315],[-70.5895,45.652],[-70.687,45.5725],[-70.723,45.471],[-70.6505,45.4275],[-70.6965,45.3885],[-70.772,45.43],[-70.834,45.393],[-70.8355,45.31],[-70.907,45.246],[-70.9515,45.332],[-71.0165,45.343],[-71.1415,45.2525],[-71.2935,45.2925],[-71.395,45.2415],[-71.504,45.0135],[-72.302,45.01],[-73.399,45.0045],[-74.197,45.0005],[-74.713,44.9995],[-74.8685,45.01],[-75.1295,44.925],[-75.27,44.864],[-75.6995,44.5815],[-75.7915,44.4965],[-75.77,44.446],[-76.054,44.2655],[-76.1835,44.223],[-76.3575,44.1315],[-76.3605,44.096],[-76.2745,44.062],[-76.2095,44.0855],[-76.1325,44.046],[-76.146,43.917],[-76.205,43.8745],[-76.2785,43.884],[-76.168,43.6685],[-76.188,43.5865],[-76.2465,43.5385],[-76.334,43.521],[-76.4195,43.534],[-76.4905,43.484],[-76.668,43.4015],[-76.713,43.339],[-76.983,43.2845],[-77.3665,43.298],[-77.538,43.257],[-77.6245,43.2715],[-77.749,43.3445],[-78.1065,43.394],[-78.227,43.38],[-78.38,43.396],[-78.6895,43.3615],[-79.0585,43.278],[-79.0485,43.1705],[-79.065,43.1055],[-78.915,43.0765],[-78.893,43.0295],[-78.9365,42.9795],[-78.8675,42.8455],[-78.916,42.7575],[-79.0315,42.714],[-79.1505,42.581],[-79.3685,42.49],[-79.471,42.407],[-79.752,42.272],[-79.889,42.2295],[-80.019,42.167],[-80.1625,42.1185],[-80.376,42.0235],[-80.8695,41.8935],[-81.026,41.8455],[-81.3485,41.7295],[-81.672,41.522],[-81.743,41.4975],[-81.8775,41.49],[-82.0405,41.511],[-82.251,41.45],[-82.363,41.439],[-82.4385,41.399],[-82.505,41.3955],[-82.6165,41.4545],[-82.829,41.4705],[-82.9255,41.4325],[-82.959,41.4895],[-82.822,41.4955],[-82.7855,41.5435],[-82.828,41.5865],[-82.8845,41.5365],[-83.019,41.5535],[-83.0955,41.6195],[-83.2185,41.646],[-83.315,41.709],[-83.459,41.7215],[-83.4205,41.8105],[-83.267,41.9825],[-83.2215,41.9945],[-83.146,42.233],[-83.1255,42.2685],[-83.0425,42.341],[-82.938,42.366],[-82.89,42.4035],[-82.8635,42.5575],[-82.7735,42.5995],[-82.8145,42.6315],[-82.7055,42.702],[-82.6315,42.6695],[-82.6445,42.5575],[-82.576,42.572],[-82.5115,42.6465],[-82.4715,42.78],[-82.4855,42.8185],[-82.4165,43.0175],[-82.476,43.102],[-82.5265,43.2765],[-82.547,43.451],[-82.5795,43.5285],[-82.637,43.812],[-82.6895,43.9215],[-82.8115,44.026],[-82.9235,44.07],[-83.0335,44.052],[-83.0865,44.014],[-83.267,43.9765],[-83.389,43.8545],[-83.4905,43.703],[-83.538,43.7265],[-83.6045,43.6515],[-83.679,43.608],[-83.9045,43.682],[-83.9435,43.728],[-83.9255,43.8805],[-83.8895,43.9585],[-83.822,44.0045],[-83.696,44.0045],[-83.6785,44.045],[-83.5925,44.0625],[-83.5325,44.266],[-83.3535,44.3295],[-83.3215,44.408],[-83.315,44.624],[-83.2875,44.703],[-83.309,44.833],[-83.3425,44.8925],[-83.4345,44.9535],[-83.46,44.998],[-83.4345,45.065],[-83.305,45.096],[-83.322,45.162],[-83.409,45.238],[-83.3835,45.279],[-83.51,45.3585],[-83.6745,45.387],[-83.7195,45.4225],[-83.844,45.4415],[-83.943,45.501],[-84.096,45.5045],[-84.224,45.6425],[-84.318,45.674],[-84.4585,45.6705],[-84.576,45.7305],[-84.7745,45.8],[-84.823,45.765],[-84.9455,45.737],[-85.0825,45.6315],[-85.104,45.527],[-85.021,45.439],[-85.042,45.3795],[-85.1745,45.377],[-85.3345,45.3155],[-85.3995,45.227],[-85.378,45.101],[-85.424,44.93],[-85.5095,44.88],[-85.485,44.993],[-85.522,44.998],[-85.5695,44.9085],[-85.587,44.827],[-85.6595,44.8545],[-85.607,44.9495],[-85.623,45.0245],[-85.579,45.0615],[-85.6035,45.144],[-85.693,45.1145],[-85.7615,45.0625],[-85.847,44.9495],[-85.937,44.9835],[-86.001,44.9155],[-86.0595,44.9225],[-86.103,44.7475],[-86.226,44.731],[-86.2695,44.6885],[-86.234,44.5855],[-86.2635,44.4955],[-86.2675,44.3745],[-86.4125,44.162],[-86.5185,44.083],[-86.522,44.045],[-86.4525,43.958],[-86.442,43.785],[-86.522,43.699],[-86.543,43.6275],[-86.505,43.5395],[-86.2725,43.1035],[-86.2225,42.9645],[-86.219,42.7095],[-86.273,42.472],[-86.379,42.255],[-86.4925,42.1295],[-86.603,41.94],[-86.6565,41.876],[-86.801,41.777],[-87.0295,41.681],[-87.2015,41.635],[-87.386,41.64],[-87.4935,41.698],[-87.5775,41.7885],[-87.6485,41.9445],[-87.6875,42.085],[-87.7515,42.125],[-87.8225,42.2795],[-87.8035,42.4825],[-87.8105,42.6535],[-87.7805,42.704],[-87.783,42.812],[-87.8385,42.877],[-87.841,42.9585],[-87.8955,43.0405],[-87.872,43.096],[-87.9075,43.267],[-87.872,43.3735],[-87.808,43.466],[-87.7875,43.5815],[-87.7005,43.7095],[-87.732,43.8235],[-87.7245,43.9255],[-87.6375,44.1005],[-87.55,44.1485],[-87.496,44.2205],[-87.55,44.313],[-87.4855,44.526],[-87.3655,44.6925],[-87.328,44.8035],[-87.45,44.886],[-87.5895,44.856],[-87.66,44.813],[-87.767,44.6565],[-87.9045,44.5935],[-87.9225,44.553],[-88.0325,44.5675],[-87.9715,44.7405],[-87.841,44.8935],[-87.823,44.949],[-87.6875,44.9775],[-87.6365,45.007],[-87.5605,45.191],[-87.345,45.4225],[-87.282,45.539],[-87.1735,45.669],[-87.0945,45.7],[-87.0565,45.818],[-86.9815,45.7855],[-86.9835,45.705],[-86.857,45.7315],[-86.7385,45.868],[-86.6775,45.8425],[-86.57,45.8925],[-86.536,45.868],[-86.569,45.8025],[-86.6285,45.7845],[-86.7125,45.6735],[-86.6245,45.653],[-86.5245,45.762],[-86.374,45.8065],[-86.298,45.9265],[-86.252,45.9545],[-86.08,45.9735],[-85.9235,45.953],[-85.8975,45.9755],[-85.662,45.985],[-85.5455,46.098],[-85.3395,46.1095],[-85.261,46.075],[-85.1705,46.0695],[-85.021,46.025],[-84.8245,45.8805],[-84.7345,45.857],[-84.73,45.9525],[-84.6565,46.0565],[-84.4535,46.0135],[-84.223,45.9935],[-84.0225,45.964],[-83.903,45.982],[-83.8905,46.0115],[-83.9975,46.048],[-84.0495,46.0935],[-84.028,46.1495],[-84.2585,46.2125],[-84.2025,46.2505],[-84.2245,46.3555],[-84.106,46.3465],[-84.159,46.4335],[-84.1105,46.5265],[-84.1975,46.5465],[-84.3055,46.5015],[-84.423,46.5115],[-84.4915,46.4575],[-84.57,46.4235],[-84.6565,46.502],[-84.8355,46.4595],[-85.056,46.533],[-85.0135,46.724],[-85.039,46.7725],[-85.2005,46.7755],[-85.522,46.684],[-85.8605,46.7085],[-86.091,46.6755],[-86.1455,46.6905],[-86.283,46.622],[-86.4885,46.5535],[-86.6255,46.444],[-86.76,46.501],[-86.882,46.46],[-86.9705,46.5405],[-87.081,46.5395],[-87.1115,46.5125],[-87.226,46.5025],[-87.348,46.5165],[-87.3925,46.5975],[-87.4595,46.6255],[-87.598,46.7655],[-87.6295,46.8285],[-87.731,46.855],[-87.7965,46.901],[-88.064,46.931],[-88.1985,46.9115],[-88.235,46.944],[-88.3865,46.8545],[-88.483,46.848],[-88.441,46.982],[-88.518,47.062],[-88.5355,47.125],[-88.635,47.151],[-88.626,47.2145],[-88.684,47.228],[-88.8865,47.115],[-88.9685,47.019],[-89.131,47.006],[-89.227,46.936],[-89.3975,46.864],[-89.794,46.83],[-90.0595,46.6805],[-90.362,46.6085],[-90.4355,46.5765],[-90.57,46.607],[-90.73,46.684],[-90.781,46.637],[-90.901,46.602],[-90.863,46.701],[-90.8545,46.799],[-90.7615,46.8975],[-90.8395,46.9645],[-90.966,46.95],[-91.128,46.8595],[-91.225,46.8845],[-91.4145,46.7945],[-91.793,46.706],[-91.9635,46.6905],[-92.059,46.724],[-92.0955,46.804],[-91.8975,46.9115],[-91.7985,46.95],[-91.655,47.0335],[-91.582,47.0965],[-91.511,47.122],[-91.0125,47.493],[-90.949,47.5125],[-90.7915,47.616],[-90.533,47.7115],[-90.0855,47.8115],[-89.743,47.931],[-89.6365,47.999],[-89.582,47.9965],[-89.8035,48.014],[-89.9025,47.986],[-89.9805,48.01],[-90.0735,48.101],[-90.1785,48.1165],[-90.5315,48.0845],[-90.587,48.105],[-90.7015,48.0845],[-90.7865,48.1005],[-90.8405,48.22],[-90.923,48.227],[-91.071,48.171],[-91.2765,48.065],[-91.428,48.0365],[-91.575,48.048],[-91.581,48.081],[-91.6925,48.098],[-91.765,48.1875],[-91.9575,48.2285],[-92.0435,48.3345],[-92.1545,48.35],[-92.303,48.311],[-92.291,48.2495],[-92.3845,48.2325],[-92.4625,48.3295],[-92.4675,48.3945],[-92.527,48.4455],[-92.704,48.445],[-92.6485,48.5365],[-92.884,48.58],[-92.9795,48.6175],[-93.2575,48.6305],[-93.4515,48.5975],[-93.492,48.5425],[-93.757,48.5165],[-93.8095,48.5435],[-93.875,48.636],[-94.232,48.652],[-94.3115,48.714],[-94.4795,48.7005],[-94.593,48.7265],[-94.711,48.8075],[-94.711,48.9145],[-94.811,49.1665],[-94.8275,49.293],[-94.9825,49.356],[-95.1605,49.3695],[-95.1595,49.012],[-95.177,48.9925],[-95.8365,48.9925],[-96.716,48.9925],[-97.375,48.9925],[-98.474,48.9925],[-99.1335,48.9925],[-99.793,48.9925],[-100.6725,48.9925],[-101.3315,48.9925],[-101.991,48.9925],[-102.8705,48.9925],[-103.53,48.9925],[-104.189,48.9925],[-105.0575,48.9925],[-105.9475,48.9925],[-106.607,48.9925],[-107.2665,48.9925],[-108.146,48.9925],[-109.025,48.9925],[-109.4645,48.9925],[-110.5635,48.9925],[-111.443,48.9925],[-112.322,48.9925],[-112.9815,48.9925],[-113.641,48.9925],[-114.5205,48.9925],[-115.6195,48.9925],[-116.4985,48.9925],[-117.378,48.9925],[-118.257,48.9925],[-119.136,48.9925],[-119.576,48.9925],[-120.675,48.9925],[-121.554,48.9925],[-122.753,48.9925]]],[[[-141.0055,69.651],[-141.2205,69.674],[-141.413,69.6505],[-141.6535,69.762],[-142.1075,69.849],[-142.271,69.856],[-142.601,70.013],[-142.8795,70.074],[-142.9635,70.0625],[-143.2355,70.118],[-143.919,70.0715],[-144.0175,70.0925],[-144.187,70.0435],[-144.386,70.044],[-144.59,69.983],[-144.8715,69.998],[-144.9415,69.978],[-145.339,70.0305],[-145.5995,70.081],[-145.88,70.175],[-146.0825,70.1555],[-146.2305,70.186],[-146.849,70.1935],[-147.1235,70.1675],[-147.4165,70.2025],[-147.6795,70.212],[-147.806,70.2365],[-147.7985,70.2905],[-148.2575,70.3545],[-148.3815,70.3125],[-148.6825,70.42],[-148.796,70.4145],[-149.0445,70.4685],[-149.3445,70.51],[-149.8895,70.513],[-150.119,70.443],[-150.4165,70.4215],[-150.3615,70.4795],[-150.513,70.504],[-150.7935,70.5035],[-150.8625,70.47],[-151.1775,70.4485],[-151.2435,70.3795],[-151.454,70.439],[-151.9795,70.4485],[-151.7905,70.5025],[-151.7605,70.5665],[-151.969,70.5715],[-152.456,70.556],[-152.448,70.626],[-152.514,70.689],[-152.219,70.818],[-152.3275,70.857],[-152.546,70.8875],[-152.8155,70.887],[-153.165,70.928],[-153.3025,70.9285],[-153.514,70.887],[-153.8935,70.8985],[-154.131,70.7915],[-154.309,70.831],[-154.539,70.826],[-154.713,70.9055],[-154.597,71.0005],[-154.7755,71.084],[-155.1095,71.1505],[-155.289,71.086],[-155.1965,71.0415],[-155.518,70.952],[-155.5425,70.8665],[-155.647,70.836],[-155.92,70.8255],[-156.087,70.927],[-156.072,70.974],[-155.831,70.983],[-155.5935,71.0695],[-155.556,71.127],[-155.6245,71.1835],[-155.801,71.209],[-155.9995,71.1945],[-156.237,71.269],[-156.4285,71.265],[-156.6045,71.3535],[-156.817,71.3065],[-157.0255,71.203],[-157.231,71.0715],[-157.559,70.9515],[-157.865,70.8665],[-158.043,70.837],[-158.7155,70.7915],[-159.357,70.76],[-159.3465,70.8635],[-159.668,70.805],[-159.948,70.6365],[-159.8645,70.599],[-159.7995,70.499],[-159.887,70.399],[-160.0565,70.375],[-159.922,70.545],[-159.947,70.597],[-160.216,70.579],[-160.8605,70.3475],[-161.342,70.259],[-161.632,70.256],[-161.8405,70.1955],[-161.861,70.2905],[-162.015,70.2775],[-162.1995,70.1645],[-162.4615,70.0595],[-162.538,69.9565],[-162.95,69.7905],[-163.0485,69.687],[-163.0255,69.6265],[-163.156,69.3595],[-163.286,69.311],[-163.6225,69.119],[-163.9645,69.003],[-164.3465,68.9295],[-164.791,68.9145],[-165.044,68.8815],[-165.6645,68.8615],[-165.8135,68.8795],[-166.237,68.875],[-166.194,68.7795],[-166.24,68.5645],[-166.3705,68.441],[-166.548,68.359],[-166.1035,68.24],[-165.928,68.137],[-165.437,68.06],[-165.054,67.933],[-164.856,67.8495],[-164.6935,67.8245],[-164.446,67.71],[-164.1515,67.6195],[-163.9615,67.4985],[-163.81,67.335],[-163.7655,67.14],[-163.6885,67.103],[-163.1425,67.057],[-162.9375,67.0295],[-162.7335,67.049],[-162.4355,66.991],[-161.99,67.049],[-161.835,67.055],[-161.5895,66.993],[-161.7305,66.9535],[-161.8805,66.815],[-161.8685,66.7065],[-161.5625,66.5665],[-161.3135,66.5355],[-161.136,66.652],[-160.881,66.6725],[-160.6985,66.613],[-160.5515,66.591],[-160.485,66.6345],[-160.3255,66.605],[-160.219,66.532],[-160.249,66.4025],[-160.617,66.3715],[-160.785,66.3745],[-161.061,66.486],[-161.263,66.529],[-161.339,66.4885],[-161.607,66.454],[-161.871,66.532],[-162.081,66.666],[-162.015,66.7725],[-162.121,66.806],[-162.327,66.9605],[-162.417,66.9225],[-162.6385,66.8995],[-162.6255,66.8615],[-162.4405,66.731],[-162.2645,66.7225],[-161.9325,66.5565],[-161.8675,66.4815],[-161.9485,66.3665],[-161.7445,66.4055],[-161.5105,66.4075],[-161.1355,66.343],[-160.997,66.241],[-161.1145,66.207],[-161.3205,66.233],[-161.36,66.275],[-161.571,66.258],[-161.6855,66.1385],[-161.8955,65.9795],[-161.9155,66.0425],[-162.1795,66.076],[-162.388,66.0355],[-162.488,66.063],[-162.6545,66.0385],[-162.765,66.104],[-162.9475,66.1035],[-163.1215,66.0705],[-163.3545,66.0975],[-163.6805,66.0785],[-163.759,66.09],[-163.8905,66.1675],[-164.078,66.2225],[-163.919,66.2465],[-163.8545,66.2895],[-163.8955,66.3995],[-163.759,66.505],[-163.807,66.57],[-163.9865,66.6125],[-164.2745,66.6025],[-164.718,66.5565],[-164.9505,66.46],[-165.3055,66.437],[-165.4875,66.4025],[-165.7665,66.3235],[-165.89,66.241],[-165.711,66.2125],[-165.5,66.1525],[-165.755,66.1055],[-166.0935,66.1255],[-166.185,66.175],[-166.2875,66.1795],[-166.725,66.0615],[-166.877,65.947],[-167.06,65.8775],[-167.213,65.8645],[-167.346,65.8985],[-167.561,65.809],[-167.5005,65.741],[-167.581,65.7205],[-167.8225,65.7205],[-168.081,65.5915],[-167.722,65.5045],[-167.6045,65.4535],[-167.3985,65.401],[-167.0005,65.378],[-166.9385,65.385],[-166.31,65.312],[-166.2515,65.258],[-166.4885,65.2345],[-166.469,65.1895],[-166.61,65.1225],[-166.8785,65.1025],[-166.7495,65.062],[-166.6845,64.982],[-166.39,64.8985],[-166.394,64.8225],[-166.4805,64.802],[-166.4835,64.7295],[-166.3705,64.638],[-166.1895,64.585],[-165.8775,64.548],[-165.446,64.512],[-165.0355,64.4485],[-164.6915,64.5315],[-164.6505,64.5025],[-164.342,64.59],[-163.9715,64.5695],[-163.817,64.59],[-163.5365,64.5645],[-163.2795,64.4855],[-163.135,64.4125],[-163.053,64.51],[-163.1625,64.522],[-163.39,64.597],[-163.2425,64.6485],[-163.1475,64.627],[-162.8275,64.5005],[-162.8745,64.4595],[-162.7815,64.3435],[-162.6425,64.3945],[-162.607,64.507],[-162.511,64.5585],[-162.27,64.6195],[-162.081,64.721],[-161.9825,64.703],[-161.8965,64.754],[-161.7165,64.795],[-161.5645,64.7705],[-161.422,64.7745],[-161.1825,64.9395],[-161.0445,64.8625],[-160.8845,64.81],[-160.7875,64.718],[-160.803,64.6435],[-161.035,64.508],[-161.457,64.521],[-161.4855,64.457],[-161.227,64.412],[-161.203,64.364],[-160.9735,64.2505],[-160.929,64.048],[-160.805,63.9045],[-160.767,63.824],[-160.7915,63.7465],[-160.95,63.6365],[-161.1865,63.5055],[-161.5735,63.4555],[-161.6605,63.4695],[-162.087,63.4525],[-162.084,63.5145],[-162.2375,63.5465],[-162.28,63.489],[-162.4015,63.431],[-162.5965,63.2765],[-162.6965,63.229],[-162.8065,63.2195],[-162.881,63.141],[-163.094,63.0575],[-163.3505,63.031],[-163.4405,63.096],[-163.6025,63.1055],[-163.7675,63.225],[-164.1455,63.262],[-164.366,63.229],[-164.579,63.1405],[-164.4415,63.032],[-164.6625,63.032],[-164.7235,63.013],[-164.883,62.8415],[-164.883,62.739],[-164.813,62.62],[-164.868,62.538],[-165.0205,62.541],[-165.133,62.5155],[-165.2735,62.4375],[-165.5945,62.1785],[-165.7055,62.1165],[-165.7595,62.0255],[-165.739,61.965],[-165.609,61.8515],[-165.78,61.828],[-165.976,61.8355],[-166.103,61.821],[-166.0035,61.735],[-165.911,61.704],[-166.2,61.5945],[-166.1385,61.516],[-165.924,61.562],[-165.777,61.516],[-165.78,61.458],[-165.9215,61.3995],[-165.8285,61.313],[-165.6235,61.2805],[-165.6215,61.1435],[-165.513,61.087],[-165.3735,61.0715],[-165.3465,61.1565],[-165.2115,61.1495],[-165.0585,61.063],[-165.1985,60.978],[-165.129,60.9235],[-165.015,60.921],[-164.856,60.951],[-164.815,60.908],[-164.628,60.9325],[-164.5645,60.8545],[-164.364,60.872],[-164.007,60.862],[-163.704,60.9995],[-163.766,60.8895],[-163.8615,60.8545],[-163.5435,60.81],[-163.4245,60.7645],[-163.4645,60.6765],[-163.6435,60.6015],[-163.7945,60.584],[-163.836,60.6395],[-163.807,60.735],[-163.9555,60.78],[-164.2185,60.69],[-164.271,60.788],[-164.465,60.8205],[-164.669,60.826],[-164.6685,60.922],[-164.8485,60.8715],[-165.0315,60.787],[-164.999,60.7115],[-165.3145,60.581],[-165.431,60.553],[-165.3695,60.512],[-165.2215,60.499],[-165.0105,60.5545],[-165.024,60.469],[-165.1215,60.4505],[-164.989,60.3415],[-164.7535,60.287],[-164.6735,60.312],[-164.6145,60.232],[-164.4855,60.1835],[-164.4125,60.092],[-164.2005,60.0345],[-164.1365,59.9915],[-164.2125,59.955],[-164.16,59.8645],[-164.0985,59.8335],[-163.877,59.7995],[-163.615,59.801],[-163.0875,59.859],[-162.808,59.9425],[-162.7515,60.005],[-162.64,59.9815],[-162.526,59.9975],[-162.4755,60.0735],[-162.469,60.205],[-162.5585,60.2375],[-162.6085,60.327],[-162.498,60.3615],[-162.429,60.437],[-162.224,60.588],[-162.2275,60.509],[-162.303,60.471],[-162.3905,60.3295],[-162.4585,60.295],[-162.3415,60.219],[-162.375,60.1765],[-162.317,60.113],[-162.24,60.09],[-162.21,60.0255],[-162.109,59.965],[-162.082,59.878],[-161.8815,59.697],[-161.859,59.628],[-161.714,59.5015],[-161.8015,59.479],[-161.8475,59.422],[-161.9465,59.388],[-161.9685,59.281],[-162.0295,59.23],[-161.974,59.1315],[-161.723,59.116],[-161.614,59.081],[-161.8345,59.003],[-161.7995,58.984],[-161.7585,58.8265],[-161.6555,58.8065],[-161.7175,58.755],[-161.8655,58.7165],[-161.913,58.632],[-161.5625,58.602],[-161.4885,58.6405],[-161.364,58.6595],[-161.3575,58.726],[-161.29,58.7705],[-161.1795,58.7825],[-160.8885,58.884],[-160.8295,58.8525],[-160.667,58.9475],[-160.352,59.0705],[-160.255,58.9905],[-160.257,58.912],[-160.046,58.8825],[-159.9115,58.776],[-159.795,58.8005],[-159.807,58.8445],[-159.725,58.9105],[-159.587,58.9075],[-159.5515,58.8475],[-159.385,58.756],[-159.0515,58.4245],[-158.94,58.398],[-158.8295,58.405],[-158.7085,58.4925],[-158.77,58.5185],[-158.8515,58.677],[-158.8895,58.7065],[-158.788,58.77],[-158.794,58.8165],[-158.578,58.959],[-158.4575,59.076],[-158.3165,59.0625],[-158.4915,59.0015],[-158.489,58.9225],[-158.566,58.8195],[-158.4085,58.77],[-158.3455,58.724],[-158.316,58.6465],[-158.1535,58.614],[-157.568,58.748],[-157.475,58.7995],[-157.2545,58.8405],[-157.0845,58.8865],[-157.035,58.9595],[-156.9615,58.9635],[-157.0025,58.84],[-157.069,58.7785],[-157.062,58.726],[-157.2675,58.6205],[-157.3585,58.5465],[-157.5025,58.4635],[-157.5685,58.3205],[-157.529,58.256],[-157.4275,58.176],[-157.5435,58.176],[-157.6055,58.105],[-157.6365,57.9095],[-157.709,57.73],[-157.7045,57.6375],[-157.602,57.624],[-157.5975,57.501],[-157.6565,57.4835],[-157.7095,57.5685],[-157.9405,57.4975],[-158.0795,57.3965],[-158.3125,57.315],[-158.608,57.101],[-158.682,57.022],[-158.6815,56.7865],[-158.781,56.7775],[-158.945,56.843],[-159.025,56.7965],[-159.1755,56.7635],[-159.3245,56.674],[-159.4565,56.6295],[-159.7455,56.5795],[-159.8475,56.5405],[-160.017,56.4455],[-160.1885,56.387],[-160.2375,56.339],[-160.3685,56.277],[-160.4555,56.1725],[-160.4625,56.1125],[-160.568,56.0075],[-160.5205,55.935],[-160.319,55.8665],[-160.319,55.8255],[-160.4765,55.805],[-160.512,55.87],[-160.6885,55.8625],[-160.7845,55.8875],[-160.7565,55.786],[-160.8205,55.739],[-161.124,55.961],[-161.4575,55.954],[-161.8265,55.88],[-161.913,55.831],[-162.227,55.698],[-162.55,55.4585],[-162.491,55.3805],[-162.567,55.3455],[-162.6535,55.3615],[-162.737,55.311],[-162.8965,55.2665],[-162.8335,55.2295],[-162.962,55.169],[-163.0515,55.2145],[-163.3345,55.1195],[-163.299,55.061],[-163.2815,54.9445],[-163.39,54.859],[-163.321,54.814],[-163.0625,54.929],[-163.067,54.9735],[-163.175,55.0015],[-163.2175,55.0455],[-163.183,55.139],[-163.041,55.0995],[-162.9745,55.0095],[-162.8775,54.939],[-162.783,54.936],[-162.6455,54.9985],[-162.614,55.1665],[-162.7185,55.218],[-162.6685,55.2915],[-162.5835,55.301],[-162.4165,55.098],[-162.4225,55.0365],[-162.275,55.0195],[-162.202,55.04],[-162.231,55.1125],[-162.106,55.0895],[-161.9565,55.1255],[-162.0325,55.174],[-162.018,55.24],[-161.8945,55.2425],[-161.7165,55.3935],[-161.7085,55.527],[-161.621,55.613],[-161.439,55.6385],[-161.3885,55.572],[-161.482,55.4805],[-161.5185,55.3835],[-161.3685,55.3855],[-161.279,55.355],[-161.025,55.4275],[-160.9245,55.519],[-160.7825,55.447],[-160.6835,55.4645],[-160.6135,55.6055],[-160.5485,55.489],[-160.4775,55.4945],[-160.435,55.577],[-160.257,55.6465],[-160.164,55.657],[-159.973,55.7775],[-159.857,55.7905],[-159.8305,55.8525],[-159.702,55.844],[-159.625,55.8125],[-159.678,55.752],[-159.5645,55.7045],[-159.4755,55.8315],[-159.356,55.8795],[-159.2015,55.893],[-159.0995,55.9285],[-158.9285,55.921],[-158.8595,56.013],[-158.7565,56.008],[-158.712,55.954],[-158.601,56.0405],[-158.4835,56.0325],[-158.4415,56.133],[-158.3185,56.1745],[-158.349,56.2295],[-158.208,56.284],[-158.3455,56.3255],[-158.633,56.298],[-158.431,56.438],[-158.355,56.471],[-158.1665,56.459],[-158.068,56.512],[-157.877,56.478],[-157.859,56.565],[-157.9635,56.57],[-157.9135,56.654],[-157.751,56.6745],[-157.6645,56.6115],[-157.4825,56.6205],[-157.486,56.675],[-157.5735,56.7165],[-157.509,56.7635],[-157.404,56.7735],[-157.466,56.84],[-157.4195,56.8675],[-157.287,56.8015],[-157.1895,56.7765],[-157.0505,56.878],[-156.8895,56.952],[-156.8095,56.9065],[-156.7675,57.012],[-156.574,56.983],[-156.6455,57.0585],[-156.509,57.0515],[-156.4885,57.114],[-156.346,57.178],[-156.4475,57.23],[-156.3575,57.252],[-156.392,57.315],[-156.557,57.3055],[-156.339,57.4155],[-156.1675,57.4735],[-156.0605,57.43],[-156.051,57.518],[-155.816,57.5725],[-155.734,57.627],[-155.612,57.666],[-155.6385,57.7265],[-155.605,57.792],[-155.3945,57.7255],[-155.3105,57.7405],[-155.3345,57.8265],[-155.227,57.842],[-155.0685,57.8975],[-155.023,58.0255],[-154.881,58.031],[-154.789,58.004],[-154.6925,58.069],[-154.583,58.025],[-154.47,58.09],[-154.443,58.1445],[-154.2805,58.133],[-154.1655,58.217],[-154.3,58.3205],[-154,58.3855],[-154.069,58.422],[-154.0815,58.495],[-153.967,58.491],[-153.8995,58.6165],[-153.6905,58.6215],[-153.439,58.7335],[-153.3385,58.855],[-153.3315,58.934],[-153.4975,59.0035],[-153.624,59.0115],[-153.7115,59.0705],[-153.895,59.0655],[-154.022,59.084],[-154.1405,59.031],[-154.1985,59.077],[-154.1465,59.2025],[-154.14,59.2815],[-154.027,59.3415],[-154.0765,59.381],[-153.7245,59.466],[-153.792,59.543],[-153.5865,59.5675],[-153.573,59.642],[-153.473,59.6625],[-153.317,59.639],[-153.166,59.664],[-153.0555,59.71],[-153,59.8005],[-153.151,59.8195],[-153.2295,59.8685],[-153.021,59.889],[-152.8565,59.882],[-152.738,59.9085],[-152.617,60.0195],[-152.5905,60.092],[-152.6985,60.17],[-152.8625,60.2075],[-152.6715,60.245],[-152.616,60.2245],[-152.416,60.298],[-152.3175,60.4205],[-152.34,60.476],[-152.233,60.56],[-152.1015,60.614],[-152.0515,60.673],[-151.8405,60.751],[-151.718,60.743],[-151.801,60.8285],[-151.747,60.917],[-151.567,60.9945],[-151.3625,61.0125],[-151.155,61.0645],[-151.061,61.1635],[-150.9475,61.211],[-150.731,61.254],[-150.6335,61.2985],[-150.4505,61.2525],[-150.2805,61.26],[-149.984,61.2465],[-149.911,61.3525],[-149.7575,61.4535],[-149.6485,61.488],[-149.428,61.513],[-149.32,61.479],[-149.6555,61.409],[-149.7965,61.339],[-149.896,61.232],[-150.0675,61.1555],[-149.783,61.0455],[-149.618,60.9945],[-149.4835,60.9825],[-149.334,60.9305],[-149.225,60.951],[-149.1115,60.9285],[-149.126,60.8835],[-149.6215,60.937],[-149.824,60.978],[-150.044,60.917],[-150.2255,60.937],[-150.335,61.033],[-150.4525,61.034],[-150.7635,60.9265],[-151.0715,60.7855],[-151.253,60.7755],[-151.4175,60.718],[-151.283,60.537],[-151.306,60.387],[-151.39,60.3595],[-151.4035,60.2525],[-151.4655,60.1875],[-151.706,60.0415],[-151.883,59.7865],[-151.8315,59.716],[-151.747,59.683],[-151.4725,59.6355],[-151.109,59.7865],[-150.993,59.779],[-151.1845,59.6555],[-151.195,59.5975],[-151.2735,59.56],[-151.4415,59.532],[-151.4405,59.4935],[-151.652,59.486],[-151.7185,59.451],[-151.894,59.413],[-151.8965,59.3595],[-151.977,59.2795],[-151.7415,59.167],[-151.568,59.176],[-151.5015,59.2345],[-151.397,59.2585],[-151.2945,59.224],[-151.1105,59.219],[-151.0925,59.285],[-150.892,59.2575],[-150.9175,59.3265],[-150.653,59.424],[-150.5535,59.5355],[-150.465,59.4945],[-150.326,59.476],[-150.1995,59.569],[-150.1105,59.58],[-149.9575,59.67],[-149.9165,59.7175],[-149.807,59.7175],[-149.7385,59.891],[-149.6705,59.94],[-149.577,59.8975],[-149.341,60.0225],[-149.2315,59.9155],[-149.1925,60.014],[-148.926,59.9715],[-148.875,59.9375],[-148.759,59.964],[-148.562,59.957],[-148.402,59.9915],[-148.333,60.17],[-148.2785,60.1275],[-148.165,60.149],[-148.1415,60.232],[-148.265,60.232],[-148.276,60.2795],[-148.0875,60.396],[-147.942,60.443],[-147.957,60.4985],[-148.0835,60.605],[-148.2765,60.495],[-148.3155,60.5495],[-148.2065,60.6205],[-148.2645,60.761],[-148.396,60.6565],[-148.433,60.7795],[-148.579,60.736],[-148.5865,60.8305],[-148.396,60.8615],[-148.3065,60.8955],[-148.1725,61.0235],[-148.021,61.0375],[-147.957,61.0125],[-148.0505,60.95],[-147.938,60.909],[-147.87,60.8375],[-147.7925,60.917],[-147.682,60.8645],[-147.597,60.8855],[-147.604,60.961],[-147.3645,60.8915],[-147.1005,61.0155],[-146.979,60.9985],[-146.8155,61.032],[-146.586,61.1365],[-146.326,61.1365],[-146.284,61.0815],[-146.557,61.086],[-146.673,61.0325],[-146.7535,60.955],[-146.6835,60.88],[-146.5115,60.8185],[-146.3875,60.848],[-146.263,60.811],[-146.5625,60.751],[-146.644,60.6975],[-146.4825,60.687],[-146.2225,60.756],[-146.1175,60.7215],[-146.1975,60.6365],[-145.9145,60.704],[-145.824,60.665],[-145.692,60.6565],[-145.6815,60.608],[-145.939,60.456],[-145.7315,60.4655],[-145.5725,60.451],[-145.389,60.3625],[-145.236,60.368],[-145.114,60.4295],[-145.0195,60.5265],[-144.809,60.6035],[-144.832,60.526],[-144.791,60.465],[-144.9145,60.381],[-144.9415,60.3065],[-144.784,60.306],[-144.571,60.1905],[-144.4485,60.1765],[-144.3475,60.201],[-144.1905,60.1865],[-144.2055,60.145],[-144.051,60.0795],[-143.9185,59.997],[-143.6095,60.0495],[-143.196,60.0675],[-142.7985,60.1125],[-142.4875,60.076],[-141.969,60.028],[-141.7325,59.963],[-141.614,59.969],[-141.386,60.035],[-141.2615,60.012],[-141.2755,59.9435],[-141.413,59.9],[-141.274,59.849],[-140.863,59.7455],[-140.617,59.7085],[-140.3225,59.701],[-140.137,59.74],[-139.849,59.8195],[-139.706,59.922],[-139.585,59.955],[-139.58,60.0075],[-139.507,60.0465],[-139.39,59.9915],[-139.2185,59.871],[-139.305,59.8645],[-139.473,59.9935],[-139.621,59.8905],[-139.562,59.7725],[-139.4735,59.7175],[-139.6575,59.5755],[-139.857,59.5465],[-139.206,59.32],[-138.9815,59.275],[-138.6535,59.164],[-138.449,59.1915],[-138.507,59.1245],[-138.185,59.0255],[-137.9845,58.92],[-137.931,58.803],[-137.7045,58.6865],[-137.643,58.6345],[-137.5545,58.621],[-137.5185,58.565],[-137.1315,58.4015],[-136.9795,58.407],[-136.8475,58.3725],[-136.826,58.319],[-136.5985,58.223],[-136.5605,58.2715],[-136.6565,58.3395],[-136.5845,58.357],[-136.493,58.3145],[-136.3705,58.2995],[-136.0765,58.3455],[-136.0265,58.388],[-136.132,58.5195],[-136.128,58.5705],[-136.384,58.725],[-136.5195,58.741],[-136.485,58.7995],[-136.896,58.8925],[-136.911,58.9545],[-136.6335,58.892],[-136.511,58.9425],[-136.475,58.8365],[-136.269,58.764],[-136.1595,58.7685],[-136.0605,58.826],[-135.964,58.7165],[-135.841,58.5285],[-135.903,58.4775],[-135.8865,58.3795],[-135.6275,58.4265],[-135.507,58.3805],[-135.416,58.395],[-135.3815,58.311],[-135.3095,58.252],[-135.1455,58.217],[-135.053,58.3095],[-135.0995,58.444],[-135.226,58.6125],[-135.1685,58.6455],[-135.23,58.715],[-135.231,58.7715],[-135.386,58.9545],[-135.375,59.087],[-135.485,59.183],[-135.3955,59.183],[-135.3605,59.114],[-135.2295,59.126],[-135.2035,59.0325],[-135.1285,58.895],[-135.1435,58.834],[-135.052,58.7525],[-134.946,58.8],[-134.921,58.6785],[-134.9755,58.659],[-134.827,58.511],[-134.783,58.493],[-134.7675,58.4005],[-134.498,58.354],[-134.2415,58.2145],[-134.113,58.232],[-134.147,58.285],[-134.0045,58.4085],[-133.9825,58.3155],[-134.0675,58.279],[-134.087,58.1865],[-134.0595,58.072],[-133.861,57.9565],[-133.6865,57.7905],[-133.64,57.868],[-133.5545,57.9295],[-133.5525,57.7925],[-133.529,57.751],[-133.1825,57.624],[-133.2105,57.589],[-133.573,57.716],[-133.6485,57.703],[-133.659,57.621],[-133.4975,57.5315],[-133.5005,57.476],[-133.4375,57.4235],[-133.4565,57.381],[-133.3915,57.335],[-133.2235,57.3195],[-133.255,57.281],[-133.485,57.277],[-133.4885,57.221],[-133.552,57.1815],[-133.2665,57.113],[-133.244,57.1685],[-133.121,57.1445],[-133.093,57.0865],[-132.8775,57.0215],[-132.7675,56.9695],[-132.8605,56.919],[-132.673,56.803],[-132.4795,56.743],[-132.4685,56.692],[-132.55,56.639],[-132.477,56.6045],[-132.305,56.64],[-132.3495,56.537],[-132.2035,56.4715],[-132.161,56.38],[-131.9715,56.3565],[-131.9595,56.2945],[-131.814,56.196],[-131.963,56.1575],[-131.9435,56.007],[-131.9685,55.9585],[-132.057,55.9445],[-132.036,55.894],[-132.086,55.846],[-132.2615,55.7395],[-132.212,55.698],[-132.1715,55.5885],[-131.9615,55.501],[-131.9365,55.598],[-131.8275,55.668],[-131.8255,55.7255],[-131.764,55.7975],[-131.8935,55.8555],[-131.736,55.8865],[-131.4145,56.01],[-131.342,55.961],[-131.192,56.0145],[-131.165,55.9405],[-131.0615,55.877],[-130.89,55.7155],[-130.8665,55.5505],[-130.887,55.4515],[-130.873,55.342],[-131.0575,55.1985],[-131.065,55.1435],[-130.9495,55.074],[-131.0095,55.0055],[-130.9325,54.94],[-130.934,54.8245],[-130.8665,54.773],[-130.777,54.8315],[-130.5805,54.8065],[-130.3655,54.9075],[-130.229,55.044],[-130.2005,55.104],[-130.078,55.234],[-129.989,55.284],[-130.0395,55.331],[-130.0525,55.414],[-130.147,55.547],[-130.1265,55.654],[-130.1735,55.7495],[-130.149,55.7955],[-130.0195,55.908],[-130.019,56.002],[-130.0715,56.084],[-130.211,56.09],[-130.404,56.122],[-130.4955,56.2325],[-130.646,56.262],[-130.7605,56.345],[-130.839,56.3725],[-131.1005,56.4075],[-131.586,56.595],[-131.799,56.5875],[-131.888,56.748],[-131.8715,56.7935],[-132.1075,56.859],[-132.032,57.0285],[-132.341,57.0805],[-132.231,57.197],[-132.3625,57.3455],[-132.5525,57.499],[-132.917,57.8805],[-133.075,58.008],[-133.1655,58.1475],[-133.3745,58.291],[-133.43,58.372],[-133.392,58.404],[-133.463,58.462],[-133.6265,58.5465],[-133.7965,58.6935],[-133.871,58.736],[-134.222,58.8425],[-134.3995,58.975],[-134.398,59.052],[-134.4775,59.115],[-134.5565,59.123],[-134.6605,59.1815],[-134.7055,59.24],[-134.9325,59.2705],[-135.016,59.336],[-134.9935,59.382],[-135.096,59.419],[-135.0235,59.477],[-135.016,59.5435],[-135.26,59.698],[-135.483,59.7925],[-135.924,59.6665],[-136.2585,59.6215],[-136.275,59.4865],[-136.367,59.4495],[-136.4675,59.4615],[-136.4665,59.288],[-136.6135,59.154],[-136.841,59.148],[-137.282,58.987],[-137.423,58.9075],[-137.508,58.94],[-137.4845,58.992],[-137.6115,59.2395],[-138.599,59.754],[-138.692,59.887],[-138.7425,59.913],[-139.004,59.977],[-139.182,60.0735],[-139.073,60.3],[-139.1015,60.3465],[-139.6285,60.334],[-139.7285,60.309],[-139.917,60.208],[-140.016,60.1875],[-140.424,60.293],[-140.5335,60.2185],[-140.9795,60.296],[-141.001,60.321],[-141.0015,60.7585],[-141.002,61.633],[-141.002,62.216],[-141.0025,62.6535],[-141.0025,63.3825],[-141.003,63.9655],[-141.003,64.5485],[-141.0035,64.986],[-141.0035,65.569],[-141.004,66.1525],[-141.004,66.5895],[-141.0045,67.1725],[-141.0045,67.756],[-141.005,68.6305],[-141.0055,69.2135],[-141.0055,69.651]]],[[[-132.6475,54.818],[-132.6295,54.904],[-132.71,54.941],[-132.794,54.902],[-132.682,54.784],[-132.6475,54.818]]],[[[-131.2435,54.9345],[-131.33,54.9615],[-131.4415,54.9205],[-131.331,54.861],[-131.203,54.9005],[-131.2435,54.9345]]],[[[-132.8265,55.0545],[-132.7505,54.9955],[-132.668,55.0505],[-132.723,55.133],[-132.8225,55.1905],[-132.8675,55.1605],[-132.8265,55.0545]]],[[[-132.703,54.701],[-132.7225,54.7765],[-132.8265,54.8445],[-132.8875,54.9345],[-132.9425,54.948],[-132.997,55.0645],[-133.0865,55.092],[-133.067,55.201],[-133.1215,55.2515],[-133.217,55.099],[-133.135,54.9975],[-133.0645,54.947],[-133.037,54.8775],[-132.938,54.7875],[-132.856,54.7445],[-132.843,54.694],[-132.703,54.701]]],[[[-131.4795,55.0065],[-131.3455,55.058],[-131.3955,55.2155],[-131.531,55.274],[-131.5865,55.2185],[-131.5315,55.152],[-131.6245,55.0175],[-131.4795,55.0065]]],[[[-133.2915,55.263],[-133.318,55.339],[-133.432,55.3145],[-133.4455,55.229],[-133.3065,55.203],[-133.2915,55.263]]],[[[-131.8185,55.414],[-131.853,55.3005],[-131.818,55.198],[-131.7435,55.1425],[-131.636,55.2995],[-131.8185,55.414]]],[[[-133.4495,55.407],[-133.5805,55.426],[-133.6555,55.373],[-133.6365,55.253],[-133.4495,55.407]]],[[[-133.3465,55.448],[-133.2735,55.5005],[-133.3245,55.557],[-133.433,55.528],[-133.3465,55.448]]],[[[-133.604,55.4895],[-133.587,55.544],[-133.703,55.558],[-133.7095,55.466],[-133.604,55.4895]]],[[[-133.3055,55.7975],[-133.467,55.7905],[-133.5045,55.823],[-133.6825,55.7905],[-133.624,55.7295],[-133.487,55.7065],[-133.3055,55.7975]]],[[[-133.285,55.907],[-133.34,55.846],[-133.236,55.7855],[-133.217,55.8665],[-133.285,55.907]]],[[[-155.6525,55.8865],[-155.7415,55.8315],[-155.7185,55.775],[-155.5975,55.7605],[-155.557,55.8005],[-155.556,55.9145],[-155.6525,55.8865]]],[[[-134.1795,55.9145],[-134.2985,55.9265],[-134.3185,55.834],[-134.2585,55.8185],[-134.1795,55.9145]]],[[[-130.962,55.585],[-130.9385,55.6515],[-131.0445,55.7905],[-131.1795,55.9235],[-131.2805,55.965],[-131.404,55.9285],[-131.579,55.907],[-131.5345,55.852],[-131.6705,55.8395],[-131.6295,55.7675],[-131.709,55.7395],[-131.7075,55.6295],[-131.62,55.5955],[-131.6505,55.5505],[-131.8105,55.4765],[-131.7865,55.4275],[-131.6615,55.343],[-131.509,55.3115],[-131.4655,55.3725],[-131.3945,55.366],[-131.404,55.263],[-131.192,55.1855],[-131.065,55.261],[-131.0185,55.3545],[-130.962,55.585]]],[[[-133.6075,56.0785],[-133.689,56.044],[-133.795,55.9435],[-133.631,55.9185],[-133.4705,56.0175],[-133.2995,56.012],[-133.309,56.103],[-133.3925,56.1605],[-133.6075,56.0785]]],[[[-132.5485,56.3045],[-132.6035,56.236],[-132.6815,56.229],[-132.705,56.1175],[-132.6455,56.058],[-132.449,56.065],[-132.3875,56.0305],[-132.4285,55.9695],[-132.3035,55.9155],[-132.1225,55.9455],[-132.168,56.051],[-132.092,56.1065],[-132.192,56.1765],[-132.3595,56.218],[-132.3855,56.332],[-132.521,56.343],[-132.5485,56.3045]]],[[[-131.9765,54.8315],[-132.0455,54.887],[-131.976,54.908],[-131.997,55.0345],[-132.1345,54.97],[-132.209,55.0025],[-132.077,55.049],[-131.976,55.177],[-131.9945,55.268],[-132.0905,55.277],[-132.25,55.414],[-132.4015,55.517],[-132.2875,55.5375],[-132.3465,55.643],[-132.4625,55.6675],[-132.4625,55.777],[-132.5315,55.8485],[-132.7365,55.9965],[-132.9185,56.066],[-133.063,56.0525],[-133.054,56.2345],[-133.1405,56.2665],[-133.182,56.3325],[-133.294,56.314],[-133.587,56.353],[-133.6195,56.2895],[-133.612,56.2125],[-133.4255,56.168],[-133.2855,56.1675],[-133.25,56.056],[-133.2365,55.9005],[-133.148,55.8185],[-133.214,55.7835],[-133.3055,55.764],[-133.385,55.7095],[-133.357,55.616],[-133.2515,55.585],[-133.063,55.6235],[-133.125,55.502],[-133.0465,55.437],[-133.0175,55.3505],[-133.1785,55.3865],[-133.257,55.334],[-133.213,55.279],[-132.9595,55.2765],[-132.808,55.228],[-132.785,55.1885],[-132.6085,55.119],[-132.511,55.1125],[-132.5795,54.9545],[-132.4225,54.93],[-132.265,54.8445],[-132.2975,54.7445],[-132.15,54.6985],[-132.004,54.694],[-131.9765,54.8315]]],[[[-132.613,56.4005],[-132.703,56.462],[-132.7965,56.444],[-132.924,56.452],[-133.049,56.363],[-133.039,56.3305],[-132.869,56.2435],[-132.7325,56.2515],[-132.647,56.2825],[-132.6595,56.368],[-132.613,56.4005]]],[[[-132.004,56.339],[-132.124,56.343],[-132.196,56.38],[-132.24,56.4455],[-132.339,56.483],[-132.327,56.3305],[-132.353,56.278],[-132.243,56.202],[-132.176,56.1895],[-132.0725,56.1195],[-131.996,56.1885],[-131.9285,56.1945],[-132.004,56.339]]],[[[-157.0605,56.582],[-157.2595,56.5835],[-157.3085,56.5305],[-157.16,56.5305],[-157.0605,56.582]]],[[[-154.425,56.593],[-154.5365,56.5975],[-154.7,56.5305],[-154.791,56.431],[-154.738,56.3985],[-154.611,56.483],[-154.4875,56.517],[-154.5165,56.59],[-154.425,56.593]]],[[[-154.0825,56.552],[-154.0825,56.606],[-154.226,56.6085],[-154.338,56.564],[-154.334,56.5195],[-154.21,56.5035],[-154.0825,56.552]]],[[[-132.9595,56.788],[-132.9245,56.7575],[-132.891,56.6295],[-132.9545,56.5925],[-132.9375,56.5175],[-132.7915,56.497],[-132.5735,56.5595],[-132.5335,56.6005],[-132.7335,56.726],[-132.8165,56.7975],[-132.922,56.826],[-132.9595,56.788]]],[[[-133.8845,56.49],[-133.8575,56.5875],[-133.7055,56.604],[-133.775,56.699],[-133.717,56.771],[-133.801,56.777],[-133.921,56.7],[-133.9355,56.812],[-134.0125,56.885],[-134.176,56.922],[-134.2205,56.89],[-134.4085,56.843],[-134.397,56.7295],[-134.3575,56.6765],[-134.2275,56.6075],[-134.247,56.5635],[-134.0675,56.4775],[-134.032,56.421],[-134.1145,56.394],[-134.239,56.4045],[-134.282,56.363],[-134.2145,56.2915],[-134.263,56.2465],[-134.2,56.1505],[-134.2105,56.063],[-134.0865,56.092],[-134.09,56.1925],[-134.0095,56.185],[-134.0365,56.123],[-133.949,56.0925],[-133.8955,56.22],[-133.9815,56.284],[-133.9565,56.3595],[-133.845,56.4345],[-133.8845,56.49]]],[[[-133.9125,57.083],[-134.018,57.0175],[-133.839,56.9195],[-133.82,56.8555],[-133.6965,56.832],[-133.6955,56.6595],[-133.646,56.5925],[-133.6595,56.464],[-133.527,56.439],[-133.3465,56.4755],[-133.148,56.462],[-133.079,56.5305],[-133.111,56.6605],[-132.999,56.6055],[-132.934,56.6415],[-132.991,56.8085],[-132.9355,56.867],[-132.9805,56.935],[-133.109,56.9985],[-133.388,56.997],[-133.583,57.05],[-133.9125,57.083]]],[[[-152.908,57.1645],[-153.1545,57.1645],[-153.2605,57.2055],[-153.4115,57.079],[-153.3255,57.022],[-153.2355,57.01],[-153.2155,57.072],[-152.908,57.1645]]],[[[-135.6015,57.1715],[-135.615,57.2845],[-135.725,57.329],[-135.824,57.3325],[-135.839,57.2455],[-135.762,57.114],[-135.823,57.08],[-135.841,56.9895],[-135.628,57.01],[-135.5465,57.141],[-135.6015,57.1715]]],[[[-134.6215,56.744],[-134.69,56.8495],[-134.724,56.996],[-134.8085,57.1815],[-134.971,57.3125],[-134.9095,57.34],[-134.995,57.398],[-135.1305,57.441],[-135.381,57.5535],[-135.519,57.5075],[-135.5045,57.4665],[-135.673,57.3495],[-135.529,57.2365],[-135.334,57.2505],[-135.413,57.158],[-135.3105,57.0475],[-135.1655,57.0415],[-135.35,56.9705],[-135.2945,56.892],[-135.3675,56.829],[-135.2695,56.789],[-135.174,56.8265],[-135.1545,56.746],[-135.053,56.538],[-134.9425,56.4215],[-134.8825,56.3295],[-134.75,56.2175],[-134.6265,56.2615],[-134.649,56.339],[-134.6145,56.5585],[-134.6215,56.744]]],[[[-153.3015,57.833],[-153.2795,57.903],[-153.482,57.978],[-153.542,57.9355],[-153.3015,57.833]]],[[[-152.161,57.627],[-152.343,57.634],[-152.468,57.657],[-152.459,57.768],[-152.329,57.826],[-152.4865,57.9105],[-152.637,57.915],[-152.7265,57.833],[-152.818,57.8605],[-152.8625,57.9345],[-153.013,57.929],[-153.2025,57.946],[-153.192,57.805],[-153.35,57.8125],[-153.425,57.8425],[-153.4745,57.7735],[-153.5585,57.7385],[-153.5745,57.8395],[-153.724,57.902],[-153.8435,57.8705],[-153.9245,57.8105],[-153.9255,57.7295],[-153.811,57.659],[-153.8685,57.6285],[-153.754,57.562],[-153.809,57.518],[-153.8115,57.4125],[-153.8905,57.408],[-153.9355,57.535],[-154.0005,57.6295],[-154.056,57.655],[-154.2395,57.6735],[-154.4555,57.5765],[-154.6145,57.5265],[-154.6535,57.461],[-154.727,57.4285],[-154.734,57.367],[-154.81,57.3465],[-154.6015,57.259],[-154.535,57.1745],[-154.5285,56.9915],[-154.3885,56.964],[-154.238,56.8995],[-154.1585,56.969],[-154.112,57.0765],[-154.121,57.1235],[-154.2725,57.1175],[-154.384,57.0515],[-154.495,57.1135],[-154.3605,57.148],[-154.1205,57.148],[-153.9595,57.12],[-154.08,57.0665],[-154.138,57.004],[-154.0995,56.965],[-153.9625,56.995],[-153.877,56.9765],[-154.13,56.7865],[-153.9625,56.748],[-153.8375,56.844],[-153.71,56.86],[-153.7135,56.9145],[-153.56,56.9865],[-153.611,57.024],[-153.527,57.1265],[-153.4555,57.117],[-153.2535,57.2365],[-153.0965,57.218],[-152.959,57.257],[-153.0575,57.3265],[-152.9145,57.34],[-152.8375,57.2705],[-152.692,57.2835],[-152.596,57.374],[-152.7265,57.4285],[-152.6945,57.475],[-152.591,57.451],[-152.3305,57.446],[-152.309,57.509],[-152.161,57.627]]],[[[-136.39,57.9635],[-136.362,58.031],[-136.4755,58.098],[-136.561,58.0175],[-136.533,57.9495],[-136.39,57.9635]]],[[[-153.4185,58.066],[-153.2535,58.0525],[-153.027,57.989],[-153.106,58.0945],[-153.182,58.093],[-153.2955,58.1465],[-153.4185,58.066]]],[[[-135.848,57.3945],[-135.7075,57.3665],[-135.5465,57.466],[-135.605,57.607],[-135.7725,57.7295],[-135.628,57.706],[-135.512,57.6485],[-135.321,57.585],[-135.057,57.4665],[-134.906,57.4575],[-134.814,57.4975],[-134.914,57.756],[-134.983,57.7615],[-135.1975,57.7095],[-135.3275,57.7295],[-135.3725,57.805],[-135.5,57.835],[-135.5055,57.8915],[-135.2595,57.796],[-135.014,57.786],[-134.9425,57.8065],[-134.965,57.886],[-134.916,57.921],[-134.925,58.0275],[-135.3895,58.141],[-135.6355,58.2305],[-135.715,58.2295],[-135.8135,58.2745],[-135.923,58.232],[-135.9825,58.1675],[-136.103,58.2215],[-136.2245,58.149],[-136.4055,58.134],[-136.4095,58.08],[-136.297,58.0105],[-136.3645,57.976],[-136.395,57.8855],[-136.2775,57.7755],[-136.088,57.6885],[-136.143,57.645],[-135.947,57.5165],[-135.949,57.462],[-135.848,57.3945]]],[[[-134.5975,58.2375],[-134.2585,58.1965],[-134.482,58.3335],[-134.5635,58.3445],[-134.68,58.3095],[-134.5975,58.2375]]],[[[-134.354,57.0925],[-134.2455,57.1825],[-134.1675,57.1915],[-134.1275,57.2645],[-134.142,57.35],[-133.9825,57.3085],[-133.865,57.355],[-133.893,57.435],[-134.0665,57.4615],[-134.04,57.4955],[-133.913,57.492],[-133.938,57.6185],[-134.011,57.654],[-134.2085,57.84],[-134.252,57.857],[-134.312,57.9795],[-134.238,57.993],[-134.1415,57.9565],[-134.1145,57.8805],[-134.0105,57.8065],[-133.963,57.6925],[-133.86,57.658],[-133.8885,57.7985],[-133.9795,57.878],[-134.0025,57.9395],[-134.1695,58.078],[-134.1865,58.1685],[-134.3315,58.148],[-134.4445,58.1775],[-134.693,58.1685],[-134.7115,58.223],[-134.8745,58.3675],[-134.969,58.363],[-134.9155,58.21],[-134.798,58.113],[-134.8,58.035],[-134.7215,57.8975],[-134.716,57.746],[-134.6535,57.598],[-134.5625,57.48],[-134.464,57.3945],[-134.6215,57.23],[-134.58,57.155],[-134.623,57.111],[-134.5745,57.029],[-134.502,57.029],[-134.354,57.0925]]],[[[-151.966,58.333],[-152.1,58.312],[-152.095,58.3675],[-152.236,58.36],[-152.299,58.4265],[-152.38,58.354],[-152.477,58.3615],[-152.5,58.463],[-152.6505,58.4835],[-152.785,58.371],[-152.7935,58.287],[-152.9025,58.28],[-153.0415,58.3055],[-153.2295,58.169],[-153.1675,58.111],[-153.081,58.111],[-153.0145,58.0455],[-152.805,57.9915],[-152.708,58.052],[-152.4895,58.1285],[-152.331,58.165],[-152.3045,58.2575],[-152.13,58.166],[-152.0575,58.1735],[-151.972,58.2375],[-151.966,58.333]]],[[[-152.6445,58.5185],[-152.483,58.4805],[-152.3635,58.552],[-152.3695,58.638],[-152.5725,58.58],[-152.6445,58.5185]]],[[[-160.9475,58.7375],[-161.0615,58.7005],[-161.074,58.547],[-160.898,58.5705],[-160.686,58.811],[-160.858,58.7475],[-160.9475,58.7375]]],[[[-150.704,59.3955],[-150.78,59.334],[-150.6775,59.32],[-150.6085,59.381],[-150.704,59.3955]]],[[[-153.5245,59.3305],[-153.406,59.3385],[-153.398,59.4085],[-153.538,59.377],[-153.5245,59.3305]]],[[[-148.1595,60.043],[-148.0905,60.1],[-148.0775,60.16],[-148.271,60.103],[-148.1595,60.043]]],[[[-147.107,60.286],[-147.011,60.3475],[-147.203,60.3415],[-147.201,60.242],[-147.2955,60.232],[-147.38,60.1395],[-147.533,60.0585],[-147.703,59.9975],[-147.886,59.8575],[-147.84,59.7865],[-147.6435,59.8625],[-147.4685,59.877],[-147.4905,59.939],[-147.234,60.133],[-147.0105,60.2335],[-146.9225,60.3135],[-147.107,60.286]]],[[[-147.9775,60.3755],[-148.0755,60.3695],[-148.1285,60.3065],[-148.0185,60.3],[-147.9775,60.3755]]],[[[-146.1885,60.402],[-146.367,60.4095],[-146.353,60.471],[-146.545,60.465],[-146.588,60.484],[-146.7225,60.386],[-146.4905,60.3615],[-146.6555,60.307],[-146.6,60.245],[-146.4935,60.304],[-146.3335,60.352],[-146.224,60.3515],[-146.1885,60.402]]],[[[-147.7715,60.4095],[-147.847,60.3825],[-147.8675,60.2725],[-147.739,60.26],[-147.631,60.375],[-147.6145,60.437],[-147.793,60.4715],[-147.7715,60.4095]]],[[[-145.757,60.6285],[-145.949,60.5675],[-146.2865,60.5175],[-146.2945,60.455],[-146.097,60.4795],[-145.764,60.587],[-145.757,60.6285]]],[[[-148.0875,60.8],[-147.9195,60.8385],[-148.032,60.9305],[-148.1285,60.858],[-148.0875,60.8]]],[[[-162.341,63.6025],[-162.4365,63.6405],[-162.6765,63.6115],[-162.615,63.5485],[-162.388,63.562],[-162.341,63.6025]]],[[[-97.0755,27.8145],[-97.2305,27.651],[-97.3705,27.3485],[-97.39,27.2455],[-97.3515,27.235],[-97.3205,27.3575],[-97.178,27.653],[-97.0755,27.8145]]],[[[-96.88,28.13],[-96.9725,28.01],[-96.938,27.983],[-96.85,28.071],[-96.88,28.13]]],[[[-96.4275,28.3935],[-96.4555,28.336],[-96.515,28.337],[-96.7105,28.2135],[-96.808,28.1875],[-96.781,28.1265],[-96.7025,28.1855],[-96.6085,28.2295],[-96.5225,28.2895],[-96.417,28.329],[-96.4275,28.3935]]],[[[-80.6775,28.579],[-80.74,28.5175],[-80.7195,28.3885],[-80.664,28.315],[-80.658,28.4375],[-80.612,28.569],[-80.6775,28.579]]],[[[-94.8145,29.353],[-94.943,29.223],[-95.0815,29.136],[-95.076,29.114],[-94.7245,29.333],[-94.8145,29.353]]],[[[-91.802,29.49],[-91.72,29.5815],[-91.7885,29.5925],[-91.8615,29.637],[-91.9295,29.647],[-92.0125,29.6135],[-92.0205,29.569],[-91.8405,29.484],[-91.802,29.49]]],[[[-86.694,30.408],[-86.8905,30.393],[-86.902,30.3635],[-86.694,30.408]]],[[[-81.4785,30.806],[-81.4415,30.8275],[-81.4195,30.9255],[-81.482,30.9045],[-81.4785,30.806]]],[[[-118.359,32.828],[-118.4835,32.9215],[-118.577,33.0325],[-118.607,33.031],[-118.499,32.8505],[-118.425,32.8025],[-118.359,32.828]]],[[[-118.5155,33.423],[-118.4635,33.3235],[-118.3085,33.3365],[-118.369,33.4085],[-118.5155,33.423]]],[[[-120.044,34.0375],[-120.2175,34.0105],[-120.1755,33.922],[-120.11,33.893],[-119.9995,33.9415],[-120.044,34.0375]]],[[[-119.5295,34.025],[-119.565,34.0555],[-119.633,34.0135],[-119.7595,34.056],[-119.8565,34.0705],[-119.887,34.009],[-119.851,33.9675],[-119.7195,33.959],[-119.6575,33.986],[-119.5595,33.9945],[-119.5295,34.025]]],[[[-75.7155,35.925],[-75.6595,35.836],[-75.6125,35.8635],[-75.661,35.925],[-75.7155,35.925]]],[[[-74.126,40.6335],[-74.192,40.6285],[-74.1925,40.5115],[-74.102,40.5545],[-74.0535,40.6025],[-74.126,40.6335]]],[[[-71.919,41.065],[-71.958,41.0695],[-72.109,41.0015],[-72.1555,41.055],[-72.2335,41.044],[-72.27,41.0025],[-72.367,40.9945],[-72.457,40.9105],[-72.5015,40.8975],[-72.58,40.933],[-72.5205,40.985],[-72.4335,40.993],[-72.4715,41.056],[-72.606,40.99],[-72.781,40.965],[-73.0485,40.963],[-73.113,40.9735],[-73.2245,40.9085],[-73.4855,40.9455],[-73.5205,40.9175],[-73.72,40.866],[-73.7645,40.81],[-73.861,40.7765],[-73.9085,40.7885],[-74.036,40.639],[-73.988,40.5695],[-73.9265,40.5835],[-73.8295,40.649],[-73.7075,40.583],[-73.561,40.638],[-73.372,40.6625],[-73.2335,40.7145],[-72.947,40.742],[-72.727,40.808],[-72.6055,40.8015],[-72.4065,40.862],[-71.9295,41.038],[-71.919,41.065]]],[[[-70.054,41.3925],[-70.0325,41.3395],[-70.1375,41.247],[-70.001,41.2395],[-69.958,41.2755],[-70.054,41.3925]]],[[[-70.5765,41.428],[-70.605,41.474],[-70.7155,41.4205],[-70.782,41.354],[-70.5075,41.3625],[-70.5175,41.4135],[-70.5765,41.428]]],[[[-122.435,47.4255],[-122.51,47.456],[-122.5105,47.332],[-122.3745,47.383],[-122.435,47.4255]]],[[[-122.497,47.607],[-122.511,47.696],[-122.579,47.6695],[-122.578,47.6015],[-122.497,47.607]]],[[[-122.3595,47.9765],[-122.46,48.0535],[-122.5465,48.017],[-122.5585,48.1215],[-122.5955,48.2055],[-122.665,48.2265],[-122.594,48.308],[-122.6685,48.363],[-122.751,48.25],[-122.744,48.206],[-122.6,48.13],[-122.615,48.075],[-122.5305,47.9675],[-122.4605,47.978],[-122.4415,47.9155],[-122.382,47.908],[-122.3595,47.9765]]],[[[-123.02,48.4995],[-122.9775,48.5315],[-123.129,48.62],[-123.1775,48.599],[-123.1545,48.513],[-123.1165,48.484],[-123.02,48.4995]]],[[[-122.746,48.6645],[-122.858,48.7085],[-122.9295,48.7085],[-123.0265,48.6365],[-122.862,48.6015],[-122.746,48.6645]]],[[[-170.6045,52.687],[-170.6705,52.701],[-170.821,52.616],[-170.798,52.5405],[-170.701,52.5975],[-170.598,52.6115],[-170.6045,52.687]]],[[[-169.6865,52.872],[-169.8505,52.8825],[-170.0115,52.8375],[-169.957,52.7905],[-169.865,52.821],[-169.738,52.7785],[-169.6795,52.8235],[-169.6865,52.872]]],[[[-167.8575,53.393],[-167.871,53.427],[-167.795,53.502],[-167.96,53.538],[-168.0085,53.5705],[-168.2,53.54],[-168.3735,53.46],[-168.4065,53.4095],[-168.361,53.2715],[-168.4645,53.277],[-168.5415,53.2495],[-168.6055,53.275],[-168.7595,53.1865],[-168.796,53.1385],[-168.7685,53.0815],[-168.862,53.007],[-168.891,52.9405],[-168.7805,52.9135],[-168.7515,52.96],[-168.584,53.0305],[-168.49,53.042],[-168.3905,53.1245],[-168.2875,53.243],[-168.138,53.2735],[-167.8575,53.393]]],[[[-166.137,53.838],[-166.2995,53.7815],[-166.2265,53.728],[-166.117,53.793],[-166.137,53.838]]],[[[-166.2945,53.728],[-166.4405,53.7545],[-166.3495,53.876],[-166.225,53.9055],[-166.2765,53.975],[-166.456,53.896],[-166.636,53.8765],[-166.6055,53.986],[-166.754,54.016],[-166.8565,53.9675],[-167.0215,53.961],[-167.1635,53.8575],[-167.038,53.7555],[-166.9685,53.7725],[-166.768,53.7145],[-166.8705,53.674],[-166.9465,53.716],[-167.0645,53.6825],[-167.038,53.6285],[-167.1555,53.6225],[-167.1585,53.477],[-167.2915,53.476],[-167.3215,53.4165],[-167.4745,53.434],[-167.594,53.3785],[-167.7185,53.3815],[-167.85,53.3095],[-167.665,53.242],[-167.606,53.2805],[-167.5005,53.2755],[-167.3915,53.3445],[-166.877,53.4815],[-166.7645,53.449],[-166.7295,53.509],[-166.6565,53.5025],[-166.547,53.626],[-166.408,53.6725],[-166.2735,53.687],[-166.2945,53.728]]],[[[-165.739,54.125],[-165.8795,54.2135],[-165.9715,54.2195],[-166.071,54.185],[-166.1225,54.1185],[-166.041,54.0365],[-165.839,54.085],[-165.739,54.125]]],[[[-165.486,54.1735],[-165.5475,54.222],[-165.531,54.2945],[-165.6645,54.2725],[-165.6845,54.235],[-165.589,54.111],[-165.486,54.1735]]],[[[-159.524,55.071],[-159.507,55.171],[-159.5825,55.177],[-159.5925,55.11],[-159.524,55.071]]],[[[-159.9015,55.14],[-160.004,55.1195],[-160.153,55.1215],[-160.1485,55.071],[-160.017,55.0455],[-159.9015,55.14]]],[[[-154.8995,19.567],[-154.98,19.663],[-155.0185,19.746],[-155.0855,19.7275],[-155.087,19.8605],[-155.168,19.947],[-155.3325,20.0465],[-155.527,20.1265],[-155.5865,20.123],[-155.7115,20.196],[-155.738,20.244],[-155.867,20.263],[-155.8995,20.2165],[-155.8825,20.105],[-155.824,20.02],[-155.926,19.869],[-155.968,19.854],[-156.039,19.783],[-156.06,19.731],[-156.0365,19.668],[-155.982,19.6075],[-155.8855,19.334],[-155.92,19.1385],[-155.878,19.029],[-155.8175,19.013],[-155.683,18.933],[-155.6185,18.9555],[-155.5525,19.0455],[-155.546,19.098],[-155.503,19.1375],[-155.364,19.2035],[-155.291,19.2595],[-155.203,19.2555],[-155.093,19.286],[-154.9825,19.339],[-154.8745,19.413],[-154.817,19.4795],[-154.8465,19.545],[-154.8995,19.567]]],[[[-156.562,20.598],[-156.609,20.591],[-156.7005,20.5255],[-156.6795,20.5045],[-156.5445,20.513],[-156.562,20.598]]],[[[-156.8485,20.877],[-156.8925,20.914],[-156.9905,20.9275],[-157.055,20.9115],[-157.051,20.8715],[-156.992,20.8465],[-156.9825,20.7595],[-156.9135,20.7345],[-156.8315,20.764],[-156.8035,20.8125],[-156.8485,20.877]]],[[[-156.0015,20.8005],[-156.1195,20.836],[-156.243,20.9415],[-156.2985,20.9525],[-156.4815,20.9045],[-156.526,20.9875],[-156.598,21.0325],[-156.6665,21.0035],[-156.696,20.916],[-156.62,20.807],[-156.534,20.774],[-156.4645,20.7815],[-156.4425,20.6605],[-156.4075,20.587],[-156.3025,20.581],[-156.204,20.626],[-156.1295,20.6245],[-156.003,20.686],[-155.9795,20.7575],[-156.0015,20.8005]]],[[[-156.749,21.171],[-156.897,21.165],[-157.26,21.222],[-157.251,21.1805],[-157.3045,21.128],[-157.273,21.0875],[-157.0725,21.0995],[-156.8695,21.0535],[-156.7555,21.0955],[-156.749,21.171]]],[[[-157.707,21.352],[-157.7385,21.4055],[-157.842,21.461],[-157.8365,21.534],[-157.92,21.6275],[-157.9625,21.705],[-158.0145,21.7015],[-158.121,21.586],[-158.2365,21.585],[-158.2275,21.483],[-158.1345,21.3655],[-158.0945,21.2935],[-157.9985,21.3115],[-157.905,21.3055],[-157.795,21.2545],[-157.647,21.3065],[-157.707,21.352]]],[[[-160.114,22.0005],[-160.1235,21.9565],[-160.2345,21.8745],[-160.248,21.828],[-160.198,21.784],[-160.1715,21.8485],[-160.085,21.8935],[-160.0515,21.983],[-160.114,22.0005]]],[[[-159.3015,22.151],[-159.3385,22.213],[-159.3995,22.2355],[-159.5895,22.221],[-159.7165,22.1575],[-159.785,22.0575],[-159.76,21.9785],[-159.676,21.955],[-159.61,21.8995],[-159.4375,21.869],[-159.334,21.958],[-159.333,22.0495],[-159.2945,22.1075],[-159.3015,22.151]]],[[[-162.587,54.441],[-162.8275,54.502],[-162.7965,54.4235],[-162.7285,54.396],[-162.55,54.386],[-162.587,54.441]]],[[[-162.375,54.9545],[-162.424,54.898],[-162.3745,54.853],[-162.279,54.852],[-162.2295,54.9205],[-162.3025,54.9855],[-162.375,54.9545]]],[[[-163.074,54.6875],[-163.144,54.7705],[-163.3035,54.762],[-163.373,54.7925],[-163.423,54.912],[-163.5715,55.057],[-163.7565,55.0605],[-163.9165,55.0365],[-164.0505,54.971],[-164.157,54.957],[-164.314,54.893],[-164.3995,54.9275],[-164.5475,54.883],[-164.7005,54.6785],[-164.958,54.585],[-164.8455,54.4235],[-164.6525,54.392],[-164.4055,54.436],[-164.3345,54.4885],[-164.3295,54.535],[-164.1325,54.623],[-163.79,54.638],[-163.6225,54.612],[-163.4305,54.68],[-163.431,54.735],[-163.3695,54.7645],[-163.2385,54.683],[-163.074,54.6875]]],[[[-161.7305,55.1605],[-161.844,55.1715],[-161.906,55.1345],[-161.751,55.058],[-161.653,55.1065],[-161.7305,55.1605]]],[[[-160.3255,55.3585],[-160.487,55.353],[-160.4985,55.302],[-160.3255,55.2765],[-160.3255,55.3585]]],[[[-160.4975,55.1945],[-160.5635,55.23],[-160.5745,55.325],[-160.696,55.407],[-160.784,55.39],[-160.8535,55.332],[-160.8475,55.207],[-160.816,55.1775],[-160.6855,55.1805],[-160.627,55.1535],[-160.4975,55.1945]]],[[[-169.581,56.6095],[-169.743,56.6205],[-169.6325,56.5445],[-169.581,56.6095]]],[[[-170.2415,57.2165],[-170.396,57.202],[-170.399,57.161],[-170.255,57.141],[-170.1685,57.169],[-170.2415,57.2165]]],[[[-165.582,59.951],[-165.677,60.063],[-165.6715,60.1215],[-165.733,60.1765],[-165.6845,60.3],[-165.7875,60.3415],[-165.988,60.3205],[-166.1855,60.402],[-166.38,60.349],[-166.459,60.387],[-166.7925,60.2925],[-166.874,60.2105],[-167.288,60.2385],[-167.436,60.1955],[-167.254,60.0875],[-167.19,60.028],[-167.045,60.0015],[-166.671,59.8855],[-166.6135,59.8565],[-166.4065,59.855],[-166.244,59.808],[-165.979,59.876],[-165.771,59.907],[-165.5985,59.9095],[-165.582,59.951]]],[[[-168.7405,63.281],[-168.715,63.312],[-169.0075,63.3495],[-169.124,63.3005],[-169.3255,63.363],[-169.5495,63.363],[-169.5975,63.4245],[-169.782,63.4355],[-170.0385,63.532],[-170.0825,63.615],[-170.2975,63.6955],[-170.4965,63.7],[-170.6625,63.6725],[-170.937,63.5715],[-171.0875,63.582],[-171.3105,63.623],[-171.487,63.609],[-171.5045,63.6535],[-171.7205,63.7525],[-171.7515,63.664],[-171.8095,63.635],[-171.853,63.521],[-171.821,63.4415],[-171.7355,63.376],[-171.4395,63.32],[-171.084,63.445],[-170.856,63.4605],[-170.4445,63.359],[-170.235,63.2835],[-170.236,63.1975],[-170.1135,63.203],[-169.8175,63.127],[-169.716,63.025],[-169.5975,62.984],[-169.5265,63.0915],[-169.2875,63.1935],[-168.812,63.17],[-168.729,63.234],[-168.7405,63.281]]],[[[-68.642,44.26],[-68.6905,44.26],[-68.7165,44.1675],[-68.623,44.1715],[-68.642,44.26]]],[[[-68.245,44.4245],[-68.355,44.4235],[-68.435,44.3],[-68.414,44.2585],[-68.326,44.226],[-68.32,44.285],[-68.1765,44.3285],[-68.245,44.4245]]],[[[-81.2515,31.5045],[-81.3005,31.4115],[-81.2615,31.388],[-81.1745,31.5215],[-81.2515,31.5045]]],[[[-88.636,48.0345],[-88.5755,48.116],[-88.6325,48.15],[-88.833,48.0605],[-89.1235,47.9645],[-89.2155,47.917],[-89.2155,47.866],[-89.1375,47.835],[-88.9665,47.891],[-88.948,47.938],[-88.636,48.0345]]],[[[-87.715,47.417],[-87.8195,47.484],[-88.0525,47.4845],[-88.2095,47.4535],[-88.431,47.3725],[-88.5265,47.283],[-88.6055,47.239],[-88.619,47.1525],[-88.516,47.136],[-88.424,46.9925],[-88.336,47.1005],[-88.242,47.188],[-88.0605,47.3035],[-87.949,47.355],[-87.8995,47.4085],[-87.7735,47.4],[-87.715,47.417]]],[[[-86.604,46.473],[-86.6455,46.5665],[-86.699,46.554],[-86.676,46.475],[-86.604,46.473]]],[[[-85.488,45.6355],[-85.505,45.7525],[-85.558,45.7475],[-85.625,45.615],[-85.573,45.5915],[-85.488,45.6355]]],[[[-86.995,45.224],[-86.983,45.292],[-87.1115,45.265],[-87.139,45.197],[-87.235,45.1755],[-87.2895,45.073],[-87.3685,45.0005],[-87.4065,44.9225],[-87.374,44.845],[-87.2965,44.8205],[-87.2315,44.8785],[-87.184,44.9865],[-87.088,45.1425],[-86.995,45.224]]],[[[-86.854,45.387],[-86.9525,45.423],[-86.9645,45.343],[-86.854,45.387]]],[[[-83.4825,45.994],[-83.562,46.076],[-83.6875,46.1105],[-83.6955,46.0455],[-83.778,46.021],[-83.8325,45.9685],[-83.7115,45.9375],[-83.6575,45.955],[-83.563,45.928],[-83.4825,45.994]]],[[[-84.367,45.7745],[-84.42,45.8265],[-84.5825,45.8135],[-84.488,45.744],[-84.414,45.7335],[-84.367,45.7745]]],[[[-78.9815,42.979],[-78.9125,43.037],[-79.0115,43.0655],[-78.9815,42.979]]]]},"properties":{"ADMIN":"United States of America"}},
{"type":"Feature","geometry":{"type":"MultiPolygon","coordinates":[[[[-89.582,47.9965],[-89.433,48.102],[-89.3315,48.1225],[-89.266,48.214],[-89.27,48.256],[-89.202,48.342],[-89.238,48.3785],[-89.2155,48.445],[-89.149,48.484],[-88.8165,48.57],[-88.866,48.3835],[-88.8025,48.351],[-88.73,48.384],[-88.6875,48.4925],[-88.6395,48.52],[-88.6205,48.625],[-88.561,48.6365],[-88.544,48.784],[-88.442,48.8565],[-88.364,48.8435],[-88.3175,48.753],[-88.339,48.6945],[-88.591,48.4925],[-88.5575,48.4315],[-88.4385,48.567],[-88.4075,48.549],[-88.2915,48.613],[-88.203,48.6135],[-88.1095,48.7115],[-88.118,48.8045],[-88.214,48.8485],[-88.271,48.9895],[-88.177,48.9735],[-88.124,49.0035],[-88.0185,48.9915],[-87.942,48.9475],[-87.79,48.911],[-87.6735,48.9005],[-87.544,48.837],[-87.4645,48.8495],[-87.293,48.774],[-87.0425,48.7935],[-86.8405,48.7615],[-86.725,48.8115],[-86.618,48.788],[-86.5665,48.7395],[-86.4565,48.7745],[-86.33,48.6295],[-86.267,48.5875],[-86.2275,48.4315],[-86.077,48.1635],[-85.859,47.985],[-85.743,47.9525],[-85.533,47.926],[-85.424,47.9275],[-85.279,47.958],[-84.929,47.972],[-84.8435,47.917],[-84.9355,47.851],[-84.9015,47.788],[-84.9945,47.711],[-85.0195,47.6065],[-84.905,47.5125],[-84.7965,47.482],[-84.71,47.4295],[-84.5835,47.305],[-84.727,47.146],[-84.7085,47.1085],[-84.77,47.053],[-84.777,46.9875],[-84.6635,46.9565],[-84.4365,46.941],[-84.36,46.893],[-84.398,46.838],[-84.4775,46.853],[-84.5495,46.8275],[-84.566,46.7405],[-84.4945,46.7505],[-84.434,46.6935],[-84.563,46.601],[-84.589,46.542],[-84.4915,46.4575],[-84.423,46.5115],[-84.3055,46.5015],[-84.1975,46.5465],[-84.1105,46.5265],[-84.159,46.4335],[-84.106,46.3465],[-83.9055,46.333],[-83.8735,46.3085],[-83.7005,46.277],[-83.614,46.287],[-83.244,46.209],[-82.983,46.1765],[-82.932,46.1905],[-82.7075,46.2005],[-82.6685,46.1695],[-82.4,46.197],[-82.321,46.156],[-82.2325,46.155],[-82.013,46.115],[-81.719,46.108],[-81.6385,46.1265],[-81.546,46.098],[-81.6115,46.03],[-81.504,46.0185],[-81.2615,45.9665],[-81.1635,45.978],[-81.06,45.956],[-80.893,45.954],[-80.68,45.8515],[-80.6425,45.737],[-80.58,45.662],[-80.518,45.63],[-80.506,45.5735],[-80.4235,45.5875],[-80.382,45.5475],[-80.389,45.4635],[-80.3095,45.416],[-80.3,45.3665],[-80.1145,45.411],[-80.033,45.3265],[-80.128,45.2345],[-79.9985,45.162],[-80.0535,45.08],[-79.9275,44.961],[-79.827,44.9435],[-79.7825,44.821],[-79.7395,44.7545],[-79.8735,44.7695],[-79.942,44.819],[-79.9475,44.869],[-80.108,44.8225],[-80.108,44.76],[-79.9925,44.693],[-80.013,44.531],[-80.1085,44.4755],[-80.2455,44.525],[-80.451,44.566],[-80.5125,44.607],[-80.598,44.624],[-80.639,44.7185],[-80.763,44.7195],[-80.943,44.6285],[-80.889,44.7515],[-80.935,44.811],[-81.033,44.806],[-81.006,44.9225],[-81.149,44.9155],[-81.2665,45.0215],[-81.2625,45.089],[-81.32,45.149],[-81.302,45.2525],[-81.6075,45.252],[-81.65,45.277],[-81.719,45.2245],[-81.6015,45.1825],[-81.4625,45.0505],[-81.434,44.99],[-81.3485,44.9775],[-81.3615,44.889],[-81.2795,44.813],[-81.2665,44.645],[-81.28,44.6065],[-81.379,44.515],[-81.3995,44.457],[-81.496,44.4185],[-81.594,44.327],[-81.5915,44.28],[-81.6605,44.1585],[-81.7425,44.084],[-81.7115,43.942],[-81.722,43.6845],[-81.6995,43.5155],[-81.7305,43.3825],[-81.88,43.2565],[-82.0055,43.2125],[-82.096,43.119],[-82.1525,43.0895],[-82.4165,43.0175],[-82.4855,42.8185],[-82.4715,42.78],[-82.5115,42.6465],[-82.576,42.572],[-82.6445,42.5575],[-82.5925,42.51],[-82.416,42.497],[-82.4075,42.4025],[-82.439,42.339],[-82.6265,42.311],[-82.7735,42.311],[-82.9475,42.343],[-83.079,42.3035],[-83.1025,42.2435],[-83.1235,42.072],[-82.919,41.989],[-82.8295,41.9895],[-82.7125,42.0355],[-82.6225,42.038],[-82.5485,41.9875],[-82.37,42.1365],[-82.061,42.2615],[-81.9235,42.2635],[-81.859,42.3015],[-81.793,42.4045],[-81.657,42.4825],[-81.54,42.5715],[-81.359,42.6495],[-81.229,42.6695],[-80.9325,42.6665],[-80.7555,42.6345],[-80.7035,42.6115],[-80.511,42.572],[-80.3585,42.5795],[-80.1095,42.5425],[-80.0955,42.5715],[-80.4435,42.5995],[-80.444,42.6375],[-80.2315,42.7775],[-80.1875,42.7925],[-79.875,42.8325],[-79.7175,42.867],[-79.643,42.845],[-79.4955,42.8575],[-79.447,42.8805],[-79.203,42.88],[-79.095,42.85],[-78.9655,42.89],[-78.927,42.946],[-79.042,43.01],[-79.065,43.1055],[-79.0485,43.1705],[-79.0585,43.278],[-79.1745,43.2595],[-79.3305,43.19],[-79.395,43.21],[-79.545,43.2095],[-79.6925,43.2415],[-79.7725,43.2915],[-79.7745,43.3295],[-79.617,43.494],[-79.5895,43.571],[-79.508,43.6],[-79.471,43.648],[-79.3715,43.6445],[-79.0885,43.8265],[-78.9525,43.8655],[-78.8785,43.8605],[-78.6075,43.9155],[-78.5015,43.9015],[-78.2795,43.9585],[-77.9065,43.986],[-77.803,44.019],[-77.6005,44.045],[-77.564,43.991],[-77.492,43.952],[-77.36,43.968],[-77.2365,43.8805],[-77.1165,43.865],[-76.908,43.942],[-77.0035,43.9625],[-76.9915,44.013],[-77.121,44.0445],[-77.0665,44.1825],[-77.022,44.1435],[-77.0725,44.093],[-76.9735,44.0765],[-76.8365,44.164],[-76.6595,44.2235],[-76.4525,44.244],[-76.2355,44.332],[-75.9415,44.4015],[-75.8445,44.4875],[-75.7915,44.4965],[-75.6995,44.5815],[-75.27,44.864],[-75.1295,44.925],[-74.8685,45.01],[-74.713,44.9995],[-74.653,45.0425],[-74.5265,45.091],[-74.4935,45.146],[-74.346,45.2205],[-74.1995,45.2725],[-74.1535,45.32],[-74.0135,45.3285],[-73.9615,45.354],[-74.0775,45.4565],[-74.2775,45.503],[-74.19,45.5285],[-74.1475,45.4945],[-74.0435,45.484],[-73.9095,45.5345],[-73.7555,45.6765],[-73.6775,45.708],[-73.4955,45.728],[-73.4205,45.765],[-73.356,45.8415],[-73.29,45.875],[-73.204,45.9835],[-73.1585,46.075],[-73.022,46.1095],[-72.9945,46.211],[-72.8445,46.265],[-72.6025,46.3015],[-72.4625,46.4025],[-72.258,46.471],[-72.228,46.5535],[-72.0555,46.5945],[-71.8805,46.6905],[-71.694,46.6745],[-71.463,46.7345],[-71.354,46.739],[-71.232,46.7985],[-71.191,46.858],[-70.957,47.0205],[-70.7915,47.0725],[-70.715,47.1175],[-70.5975,47.2495],[-70.497,47.4295],[-70.237,47.4955],[-70.1995,47.5955],[-69.932,47.773],[-69.894,47.8515],[-69.795,47.9885],[-69.736,48.1225],[-69.87,48.1565],[-69.925,48.222],[-70.0275,48.253],[-70.163,48.245],[-70.2875,48.3075],[-70.4775,48.3565],[-70.7445,48.3555],[-70.747,48.4275],[-70.435,48.363],[-70.369,48.374],[-70.211,48.315],[-70.1445,48.2735],[-69.985,48.2785],[-69.7985,48.1565],[-69.6545,48.163],[-69.582,48.2255],[-69.4465,48.296],[-69.4045,48.3625],[-69.2895,48.4645],[-69.2295,48.592],[-69.1445,48.6005],[-69.0695,48.756],[-68.991,48.7825],[-68.784,48.911],[-68.6435,48.9175],[-68.6345,49.017],[-68.372,49.1405],[-68.3255,49.0985],[-68.181,49.1245],[-68.1905,49.1675],[-68.1225,49.2715],[-67.9445,49.2945],[-67.814,49.28],[-67.7355,49.315],[-67.3765,49.339],[-67.245,49.459],[-67.231,49.6115],[-67.17,49.678],[-67.1845,49.7395],[-67.1315,49.8315],[-67.045,49.8285],[-66.951,49.9865],[-66.746,50.0535],[-66.666,50.135],[-66.5635,50.157],[-66.543,50.216],[-66.468,50.2685],[-66.413,50.264],[-66.357,50.2015],[-66.252,50.22],[-66.162,50.196],[-66.0465,50.226],[-65.929,50.293],[-65.8385,50.2605],[-65.737,50.2575],[-65.457,50.3015],[-65.2585,50.3225],[-65.151,50.299],[-64.8885,50.2745],[-64.6295,50.284],[-64.47,50.3225],[-64.2475,50.2705],[-64.145,50.2675],[-63.989,50.307],[-63.809,50.3155],[-63.722,50.3045],[-63.6035,50.254],[-63.5105,50.2675],[-63.442,50.223],[-63.335,50.2505],[-63.2505,50.2405],[-63.1765,50.29],[-62.8525,50.2945],[-62.435,50.2675],[-62.327,50.289],[-62.2125,50.242],[-62.024,50.226],[-61.9615,50.2415],[-61.846,50.22],[-61.777,50.134],[-61.718,50.1],[-61.3115,50.1995],[-61.166,50.1855],[-61.026,50.227],[-60.931,50.203],[-60.8355,50.2565],[-60.794,50.2045],[-60.7225,50.226],[-60.5405,50.226],[-60.441,50.261],[-60.2935,50.2465],[-60.1535,50.2885],[-60.0635,50.254],[-59.8505,50.3135],[-59.8855,50.377],[-59.803,50.4455],[-59.5815,50.484],[-59.41,50.6665],[-59.203,50.732],[-59.1255,50.802],[-58.9935,50.791],[-58.954,50.939],[-58.9475,51.0415],[-58.851,51.0555],[-58.7165,51.1065],[-58.604,51.1835],[-58.6565,51.211],[-58.4535,51.3165],[-58.3335,51.2775],[-58.234,51.277],[-57.9775,51.3295],[-57.877,51.4005],[-57.7485,51.463],[-57.6705,51.435],[-57.501,51.453],[-57.4375,51.4855],[-57.25,51.5085],[-57.19,51.419],[-56.9665,51.425],[-56.953,51.4735],[-56.8255,51.49],[-56.7,51.587],[-56.6685,51.6515],[-56.579,51.6575],[-56.338,51.782],[-56.211,51.797],[-56.117,51.864],[-55.934,51.925],[-55.8875,52.007],[-55.81,52.0225],[-55.685,52.1115],[-55.706,52.2205],[-55.82,52.308],[-55.744,52.3875],[-55.6715,52.358],[-55.6475,52.443],[-55.7405,52.493],[-56.0005,52.515],[-56.068,52.569],[-55.9335,52.638],[-55.884,52.6115],[-55.7535,52.625],[-55.7985,52.687],[-55.966,52.687],[-56.0595,52.7655],[-55.9605,52.816],[-55.8115,52.8305],[-55.835,52.9235],[-55.889,52.9425],[-55.9555,53.022],[-55.884,53.091],[-55.747,53.1455],[-55.8245,53.193],[-55.812,53.33],[-55.857,53.3715],[-56.035,53.4335],[-56.053,53.4785],[-56.2405,53.536],[-56.1975,53.5605],[-56.0695,53.546],[-56.036,53.5805],[-56.26,53.6045],[-56.3485,53.6365],[-56.431,53.6175],[-56.6325,53.6605],[-56.544,53.712],[-56.4275,53.7215],[-56.48,53.79],[-56.6315,53.7415],[-56.757,53.7275],[-56.9835,53.7275],[-57.133,53.621],[-57.1355,53.5505],[-57.269,53.4895],[-57.3295,53.5845],[-57.419,53.599],[-57.457,53.6485],[-57.3365,53.6725],[-57.1525,53.74],[-57.107,53.7945],[-57.2135,53.879],[-57.201,53.94],[-57.2885,54.0025],[-57.3655,54.1085],[-57.357,54.1395],[-57.466,54.2005],[-57.529,54.1735],[-57.782,54.208],[-57.8615,54.203],[-58.0115,54.2395],[-58.2285,54.2355],[-58.375,54.1995],[-58.4155,54.1405],[-58.282,54.095],[-58.1795,54.1395],[-58.128,54.098],[-58.2205,54.064],[-58.527,54.015],[-58.658,53.973],[-58.853,53.942],[-58.887,53.893],[-59.0705,53.7965],[-59.022,53.7145],[-59.077,53.687],[-59.368,53.6525],[-59.511,53.5555],[-59.8605,53.4995],[-60.029,53.358],[-60.1045,53.3375],[-60.345,53.3825],[-60.2015,53.4405],[-60.0415,53.48],[-60.1815,53.541],[-60.2755,53.562],[-60.441,53.646],[-60.6365,53.704],[-60.8355,53.728],[-60.8215,53.7795],[-60.6915,53.7385],[-60.5025,53.708],[-60.3885,53.668],[-60.23,53.575],[-60.1115,53.5465],[-60.094,53.7005],[-60.1085,53.7575],[-59.9,53.7955],[-59.7915,53.848],[-59.5315,53.8215],[-59.427,53.8445],[-59.2165,53.9305],[-58.9745,53.9715],[-58.8585,54.05],[-58.7055,54.0325],[-58.6035,54.056],[-58.4105,54.209],[-58.543,54.194],[-58.698,54.1245],[-58.769,54.125],[-58.964,54.0745],[-59.303,54.0185],[-59.511,54.001],[-59.5155,54.064],[-59.3985,54.0495],[-59.268,54.0665],[-59.131,54.1075],[-58.8785,54.1475],[-58.7275,54.1455],[-58.468,54.2335],[-58.251,54.2545],[-58.186,54.3585],[-57.904,54.388],[-57.6785,54.3775],[-57.531,54.425],[-57.66,54.4885],[-57.4395,54.4875],[-57.391,54.502],[-57.3535,54.5915],[-57.45,54.6495],[-57.556,54.6595],[-57.6675,54.6335],[-57.773,54.679],[-57.847,54.7385],[-58.1385,54.7395],[-58.2035,54.7975],[-58.3865,54.795],[-58.6815,54.8185],[-58.884,54.898],[-58.908,54.9655],[-59.026,55.02],[-58.9745,55.0785],[-59.008,55.1535],[-59.2525,55.216],[-59.365,55.099],[-59.6255,54.948],[-59.628,55.0005],[-59.514,55.067],[-59.43,55.142],[-59.862,55.141],[-59.775,55.197],[-59.72,55.274],[-59.824,55.322],[-59.939,55.2355],[-60.1735,55.2425],[-60.287,55.2335],[-60.372,55.168],[-60.4615,55.1505],[-60.428,55.283],[-60.3625,55.3905],[-60.419,55.4275],[-60.3435,55.516],[-60.355,55.575],[-60.4935,55.66],[-60.3865,55.6825],[-60.4235,55.777],[-60.4895,55.8105],[-60.602,55.628],[-60.649,55.652],[-60.6065,55.733],[-60.761,55.781],[-60.7815,55.8595],[-60.9455,55.8705],[-61.066,55.8495],[-61.1935,55.8795],[-61.071,55.9285],[-61.3455,55.9695],[-61.426,56.082],[-61.3485,56.103],[-61.3345,56.188],[-61.373,56.229],[-61.547,56.2005],[-61.599,56.2235],[-61.723,56.209],[-61.882,56.2345],[-61.9355,56.2175],[-62.0785,56.298],[-61.8275,56.2975],[-61.7485,56.2565],[-61.6265,56.2835],[-61.83,56.377],[-61.9775,56.5105],[-61.7565,56.486],[-61.6675,56.5035],[-61.7235,56.5805],[-61.782,56.566],[-62.1,56.651],[-62.568,56.796],[-62.479,56.7985],[-62.238,56.7165],[-62.1245,56.705],[-61.869,56.6375],[-61.7435,56.634],[-61.7705,56.688],[-61.695,56.7295],[-61.809,56.7885],[-61.647,56.826],[-61.6515,56.869],[-61.502,56.979],[-61.345,56.9895],[-61.382,57.121],[-61.5265,57.161],[-61.7845,57.155],[-61.865,57.1705],[-61.894,57.2705],[-61.817,57.3775],[-62.0315,57.4565],[-62.1355,57.461],[-62.377,57.4285],[-62.289,57.5235],[-62.0725,57.552],[-62.0385,57.5975],[-61.89,57.625],[-61.894,57.672],[-62.007,57.7815],[-62.1405,57.833],[-62.0655,57.899],[-62.141,57.9785],[-62.233,57.9395],[-62.387,57.9975],[-62.305,58.031],[-62.49,58.093],[-62.581,58.1655],[-62.9715,58.0965],[-63.079,58.1555],[-62.8175,58.179],[-62.6615,58.176],[-62.6195,58.371],[-62.654,58.415],[-62.5785,58.504],[-62.784,58.498],[-62.9375,58.468],[-63.0095,58.4285],[-63.1755,58.5035],[-63.0785,58.559],[-62.9355,58.5965],[-62.8465,58.6695],[-62.9145,58.751],[-62.927,58.823],[-63.092,58.895],[-63.2225,59.005],[-63.191,59.0595],[-63.3865,59.102],[-63.536,59.0365],[-63.723,59.02],[-63.812,59.046],[-63.9165,59.027],[-63.963,59.081],[-63.72,59.056],[-63.582,59.075],[-63.442,59.1205],[-63.3735,59.2165],[-63.5315,59.3475],[-63.806,59.375],[-63.728,59.509],[-63.767,59.5485],[-63.9465,59.611],[-63.9625,59.6945],[-64.148,59.683],[-64.2645,59.765],[-64.1925,59.7785],[-64.1265,59.9075],[-64.2745,59.9635],[-64.148,59.9845],[-64.2205,60.0465],[-64.3635,59.958],[-64.374,60.04],[-64.4515,60.066],[-64.399,60.151],[-64.4165,60.2595],[-64.6275,60.3465],[-64.687,60.335],[-64.849,60.3655],[-64.847,60.3135],[-64.9575,60.259],[-64.9515,60.1935],[-65.025,60.081],[-65.1175,60.0085],[-65.138,59.9],[-65.4175,59.8155],[-65.5465,59.7315],[-65.429,59.532],[-65.4065,59.4175],[-65.447,59.367],[-65.5805,59.3645],[-65.5435,59.2645],[-65.7425,59.268],[-65.7175,59.1585],[-65.6425,59.0735],[-65.7935,59.005],[-65.8615,58.943],[-65.982,58.917],[-66.012,58.857],[-66.1085,58.779],[-66.0355,58.71],[-65.9615,58.688],[-65.864,58.598],[-66.0625,58.6505],[-66.116,58.7265],[-66.391,58.8515],[-66.444,58.833],[-66.4685,58.722],[-66.5535,58.71],[-66.629,58.593],[-66.615,58.498],[-66.9465,58.4985],[-67.064,58.393],[-67.16,58.38],[-67.465,58.285],[-67.7015,58.1415],[-67.649,58.252],[-67.7295,58.3335],[-67.6755,58.4235],[-67.787,58.4425],[-67.821,58.399],[-67.8005,58.2985],[-67.926,58.226],[-67.9905,58.1505],[-68.0825,58.1555],[-67.9005,58.256],[-67.8615,58.3265],[-67.924,58.4115],[-67.89,58.4985],[-68.137,58.5235],[-68.2515,58.2365],[-68.315,58.251],[-68.205,58.4455],[-68.2745,58.567],[-68.35,58.6215],[-68.381,58.701],[-68.3615,58.7835],[-68.642,58.8975],[-68.787,58.9225],[-68.895,58.878],[-68.9795,58.902],[-69.2565,58.899],[-69.378,58.8695],[-69.487,58.792],[-69.608,58.7605],[-69.6505,58.701],[-69.834,58.604],[-69.928,58.703],[-70.1365,58.7565],[-70.0345,58.8125],[-69.8355,58.834],[-69.8035,58.919],[-69.874,58.976],[-69.7295,58.983],[-69.672,58.9275],[-69.72,58.8675],[-69.684,58.8055],[-69.5655,58.8065],[-69.523,58.89],[-69.4515,58.895],[-69.5035,59.0735],[-69.4145,59.055],[-69.3425,59.094],[-69.5415,59.128],[-69.528,59.186],[-69.4495,59.2285],[-69.3665,59.2035],[-69.2435,59.228],[-69.255,59.325],[-69.3375,59.315],[-69.4455,59.3615],[-69.627,59.3065],[-69.6715,59.457],[-69.758,59.4905],[-69.6915,59.561],[-69.568,59.6025],[-69.5205,59.6765],[-69.6575,59.7035],[-69.59,59.876],[-69.7235,59.898],[-69.77,59.971],[-70.045,59.951],[-70.165,59.964],[-70.295,60.0255],[-69.901,60.005],[-69.8265,60.0715],[-69.7355,60.049],[-69.611,60.101],[-69.6025,60.2245],[-69.7535,60.333],[-69.72,60.3755],[-69.7495,60.462],[-69.829,60.5255],[-69.688,60.5565],[-69.72,60.684],[-69.6025,60.7385],[-69.3815,60.8],[-69.3875,60.882],[-69.5365,61.0795],[-69.651,61.0645],[-69.6915,60.959],[-69.6625,60.885],[-69.8205,60.9045],[-69.916,60.81],[-70.065,60.858],[-70.091,60.969],[-70.149,61.011],[-70.11,61.06],[-70.325,61.1005],[-70.6035,61.033],[-70.762,61.086],[-70.9395,61.074],[-70.9555,61.116],[-71.1115,61.125],[-71.2315,61.1675],[-71.395,61.1495],[-71.6965,61.2775],[-71.672,61.3755],[-71.8555,61.424],[-71.6915,61.5395],[-71.5485,61.5745],[-71.652,61.65],[-71.957,61.711],[-71.995,61.677],[-72.2325,61.8815],[-72.357,61.8895],[-72.605,61.9435],[-72.6215,62.102],[-72.754,62.15],[-72.899,62.1435],[-73.062,62.1875],[-73.196,62.2605],[-73.2095,62.313],[-73.378,62.3705],[-73.5715,62.395],[-73.6705,62.482],[-73.872,62.465],[-73.982,62.3765],[-74.139,62.328],[-74.2785,62.3235],[-74.417,62.2525],[-74.705,62.2525],[-74.7895,62.182],[-75.006,62.269],[-75.3275,62.3175],[-75.4935,62.296],[-75.575,62.2455],[-75.6585,62.2965],[-75.8295,62.3135],[-75.967,62.3545],[-76.113,62.3495],[-76.15,62.387],[-76.5955,62.458],[-76.7575,62.511],[-76.97,62.5435],[-77.1685,62.5475],[-77.491,62.5885],[-77.9355,62.407],[-78.024,62.392],[-78.155,62.2975],[-78.165,62.167],[-78.1275,61.9935],[-78.085,61.888],[-77.94,61.6935],[-77.8145,61.692],[-77.7085,61.6165],[-77.599,61.6085],[-77.666,61.5275],[-77.6075,61.4645],[-77.7855,61.4545],[-77.7565,61.4],[-77.7515,61.232],[-77.8125,61.088],[-78.1655,60.8685],[-78.1965,60.7925],[-77.9195,60.8355],[-77.86,60.7925],[-77.607,60.759],[-77.8295,60.6435],[-77.5915,60.5025],[-77.7425,60.426],[-77.634,60.3615],[-77.564,60.2675],[-77.4695,60.217],[-77.6005,60.115],[-77.556,60.053],[-77.346,60.06],[-77.283,60.0265],[-77.3715,59.9005],[-77.2915,59.7995],[-77.411,59.7935],[-77.4685,59.7475],[-77.463,59.6765],[-77.7985,59.683],[-77.716,59.6215],[-77.737,59.5395],[-77.881,59.485],[-77.7705,59.4085],[-77.819,59.293],[-77.95,59.268],[-78.1065,59.21],[-78.1315,59.108],[-78.2855,59.053],[-78.2435,58.998],[-78.3045,58.96],[-78.518,58.9635],[-78.56,58.9445],[-78.4735,58.72],[-78.5595,58.665],[-78.549,58.609],[-78.4465,58.5795],[-78.3125,58.573],[-78.2675,58.519],[-78.0145,58.424],[-78.0315,58.388],[-77.6005,58.2715],[-77.4705,58.212],[-77.3225,58.0945],[-77.2645,58.0865],[-77.0795,57.9615],[-77.0085,57.866],[-76.8085,57.6755],[-76.8055,57.6135],[-76.5895,57.2715],[-76.533,57.087],[-76.558,57.031],[-76.5035,56.784],[-76.5275,56.5945],[-76.515,56.438],[-76.545,56.295],[-76.6585,56.073],[-77.0445,55.783],[-77.164,55.709],[-77.113,55.6755],[-77.2375,55.5915],[-77.636,55.377],[-77.7815,55.2735],[-78.1555,55.14],[-78.392,55.0275],[-78.5785,54.9755],[-78.875,54.9075],[-78.9675,54.852],[-79.4845,54.7565],[-79.6765,54.694],[-79.6995,54.653],[-79.5935,54.633],[-79.5295,54.577],[-79.54,54.535],[-79.464,54.31],[-79.3345,54.2485],[-79.356,54.1985],[-79.214,54.1635],[-79.0465,54.1805],[-79.1295,54.1075],[-79.0425,53.947],[-79.08,53.9165],[-79.0135,53.846],[-79.0635,53.757],[-79.0195,53.694],[-79.0565,53.6205],[-78.965,53.609],[-78.9325,53.555],[-79.1145,53.509],[-79.0655,53.448],[-78.9915,53.4535],[-78.943,53.382],[-78.943,53.283],[-78.9015,53.201],[-78.9775,53.07],[-78.927,53.005],[-78.822,52.967],[-78.89,52.922],[-78.783,52.8715],[-78.7575,52.7825],[-78.7855,52.659],[-78.6325,52.5315],[-78.563,52.5335],[-78.5215,52.481],[-78.5315,52.3955],[-78.4995,52.356],[-78.559,52.289],[-78.5315,52.2],[-78.5915,52.106],[-78.71,52.0565],[-78.747,51.977],[-78.8925,51.947],[-78.8405,51.8425],[-78.924,51.798],[-79.015,51.796],[-78.9915,51.727],[-78.9295,51.6605],[-78.7925,51.611],[-78.8195,51.568],[-78.794,51.4745],[-78.882,51.4035],[-78.84,51.363],[-78.9035,51.3045],[-79.0065,51.456],[-79.128,51.5425],[-79.266,51.528],[-79.2445,51.631],[-79.346,51.662],[-79.468,51.58],[-79.56,51.5555],[-79.519,51.4835],[-79.701,51.3855],[-79.6795,51.313],[-79.747,51.1955],[-79.7445,51.1235],[-79.9235,51.2065],[-79.986,51.255],[-80.1085,51.296],[-80.197,51.2995],[-80.385,51.3415],[-80.526,51.2895],[-80.69,51.1615],[-80.7285,51.203],[-80.669,51.271],[-80.5845,51.315],[-80.43,51.357],[-80.4405,51.4775],[-80.519,51.535],[-80.595,51.7115],[-80.778,51.853],[-80.921,51.9095],[-80.979,52.002],[-81.0985,52.0545],[-81.1565,52.043],[-81.3905,52.128],[-81.465,52.2205],[-81.512,52.2395],[-81.747,52.242],[-81.7215,52.277],[-81.5815,52.3165],[-81.5545,52.353],[-81.564,52.456],[-81.711,52.5335],[-81.816,52.6335],[-81.918,52.6805],[-81.988,52.7985],[-82.1095,52.885],[-82.301,52.9675],[-82.2895,53.11],[-82.238,53.2215],[-82.1185,53.2775],[-82.149,53.4265],[-82.192,53.4915],[-82.219,53.6045],[-82.126,53.812],[-82.2425,54.065],[-82.3715,54.1505],[-82.431,54.228],[-82.421,54.384],[-82.3155,54.5775],[-82.2015,54.834],[-82.2535,54.886],[-82.2785,55.0455],[-82.3115,55.1185],[-82.394,55.0845],[-82.4585,55.141],[-82.6715,55.1705],[-82.815,55.147],[-82.9205,55.2205],[-83.0395,55.239],[-83.185,55.2015],[-83.2395,55.2235],[-83.5005,55.2425],[-83.6895,55.285],[-83.7675,55.2815],[-83.929,55.3265],[-84.079,55.2775],[-84.227,55.297],[-84.4215,55.282],[-84.613,55.245],[-84.9465,55.295],[-85.1265,55.3025],[-85.152,55.3605],[-85.264,55.3745],[-85.439,55.4285],[-85.5805,55.534],[-85.6825,55.5865],[-85.9045,55.662],[-86.2895,55.7255],[-86.373,55.762],[-86.5815,55.817],[-86.875,55.9115],[-86.9535,55.9085],[-87.3165,55.9625],[-87.3825,56.01],[-87.4885,56.017],[-87.6225,56.0955],[-87.8505,56.323],[-87.954,56.394],[-87.9795,56.443],[-88.3115,56.538],[-88.4955,56.6485],[-88.644,56.6935],[-88.725,56.755],[-88.921,56.853],[-89.056,56.8455],[-89.394,56.928],[-89.827,56.976],[-89.963,57.004],[-90.0725,57.061],[-90.3805,57.1545],[-90.4095,57.1875],[-90.5855,57.23],[-90.689,57.23],[-90.8535,57.261],[-91.031,57.2645],[-91.7665,57.1145],[-91.9615,57.06],[-92.2235,57.0215],[-92.2785,57.0655],[-92.491,57.038],[-92.666,57.0005],[-92.543,57.106],[-92.457,57.223],[-92.4235,57.3545],[-92.457,57.449],[-92.616,57.6715],[-92.669,57.7165],[-92.757,57.866],[-92.8055,57.9975],[-92.808,58.076],[-92.963,58.26],[-93.051,58.4225],[-93.1285,58.5285],[-93.134,58.683],[-93.1895,58.7595],[-93.3265,58.76],[-93.409,58.705],[-93.4845,58.7715],[-93.5725,58.765],[-93.7175,58.792],[-93.882,58.7575],[-94.1455,58.77],[-94.163,58.683],[-94.2935,58.7445],[-94.3995,58.7125],[-94.4855,58.82],[-94.694,58.917],[-94.694,58.9835],[-94.8075,59.018],[-94.772,59.298],[-94.7185,59.3665],[-94.822,59.6505],[-94.7755,59.778],[-94.817,59.963],[-94.76,60.0685],[-94.703,60.1055],[-94.6815,60.197],[-94.712,60.2655],[-94.6155,60.3925],[-94.68,60.4745],[-94.52,60.547],[-94.492,60.649],[-94.4095,60.7095],[-94.3515,60.858],[-94.2425,60.9035],[-94.0665,61.1335],[-94.007,61.238],[-94.033,61.28],[-93.8335,61.3285],[-93.985,61.458],[-93.838,61.5615],[-93.519,61.6835],[-93.303,61.752],[-93.502,61.856],[-93.598,61.854],[-93.5945,61.934],[-93.496,61.94],[-93.3365,61.8965],[-93.207,61.9935],[-92.9405,62.1015],[-93.1285,62.1295],[-93.0735,62.178],[-92.7815,62.2395],[-92.861,62.317],[-92.5935,62.2395],[-92.59,62.2995],[-92.701,62.3745],[-92.7185,62.4645],[-92.51,62.49],[-92.5735,62.58],[-92.399,62.5385],[-92.261,62.5625],[-92.183,62.6125],[-92.0935,62.5475],[-91.9835,62.5315],[-91.903,62.579],[-91.8975,62.6395],[-92.2035,62.667],[-92.454,62.794],[-92.333,62.845],[-92.16,62.805],[-92.083,62.8725],[-91.9795,62.8475],[-91.442,62.787],[-91.354,62.801],[-91.1995,62.897],[-91.031,62.9515],[-90.8255,62.9385],[-90.6435,63.069],[-90.692,63.125],[-90.6955,63.275],[-90.791,63.363],[-90.9645,63.4085],[-91.0175,63.471],[-91.3155,63.5015],[-91.5865,63.5825],[-91.615,63.646],[-91.7785,63.7145],[-91.9835,63.6745],[-92.4675,63.5285],[-92.5295,63.5645],[-92.2765,63.622],[-92.1275,63.711],[-92.264,63.747],[-92.4125,63.7465],[-92.535,63.8195],[-92.635,63.784],[-92.7665,63.832],[-92.9095,63.8405],[-93.217,63.911],[-93.4005,63.9775],[-93.4505,63.932],[-93.361,63.874],[-93.533,63.8495],[-93.6475,63.8815],[-93.766,63.9935],[-93.597,63.993],[-93.479,64.034],[-93.1665,63.974],[-93.0685,63.9325],[-92.786,63.901],[-92.751,63.863],[-92.5065,63.831],[-92.374,63.779],[-92.046,63.7505],[-91.749,63.748],[-91.5915,63.7185],[-91.371,63.7015],[-91.2345,63.634],[-91.1505,63.6375],[-90.9745,63.5785],[-90.743,63.5755],[-90.4565,63.651],[-90.447,63.6205],[-90.1475,63.6305],[-90.1685,63.6575],[-89.969,63.822],[-90.0935,63.886],[-90.1155,63.964],[-89.8125,63.96],[-89.853,64.0275],[-89.9435,64.0685],[-89.826,64.1095],[-89.5645,64.0255],[-89.379,64.0415],[-89.29,63.9865],[-89.09,63.962],[-89.1775,64.0385],[-88.9035,64.008],[-88.7345,63.9725],[-88.2215,64.1445],[-88.1295,64.137],[-88.0445,64.1845],[-88.0205,64.274],[-87.8995,64.333],[-87.859,64.438],[-87.7645,64.5225],[-87.6,64.558],[-87.5095,64.6475],[-87.529,64.713],[-87.4165,64.72],[-87.31,64.7985],[-87.1115,65.001],[-86.9735,65.0575],[-86.938,65.142],[-87.057,65.2065],[-87.047,65.238],[-87.373,65.275],[-87.5275,65.2685],[-87.711,65.301],[-87.751,65.2675],[-87.941,65.2885],[-88.121,65.2805],[-88.547,65.299],[-88.6175,65.314],[-89.04,65.328],[-89.184,65.439],[-89.394,65.501],[-89.4915,65.616],[-89.613,65.6495],[-89.7365,65.7275],[-89.958,65.7945],[-90.5295,65.882],[-90.8955,65.904],[-91.0705,65.9285],[-91.1205,65.843],[-91.4975,65.947],[-91.3105,65.976],[-91.182,65.947],[-90.401,65.905],[-90.302,65.86],[-90.0445,65.8915],[-89.8375,65.831],[-89.688,65.947],[-89.3385,65.84],[-89.1475,65.7685],[-89.1095,65.7285],[-88.97,65.6965],[-88.8455,65.704],[-88.5845,65.6455],[-88.5505,65.583],[-88.3255,65.4905],[-88.2055,65.405],[-87.9275,65.3335],[-87.381,65.3295],[-87.0785,65.402],[-87.1045,65.4705],[-86.9705,65.542],[-86.826,65.5615],[-86.7025,65.6385],[-86.559,65.67],[-86.4745,65.734],[-86.489,65.804],[-86.4125,65.9045],[-86.205,65.9395],[-86.194,65.984],[-85.9745,66.0355],[-85.975,66.0985],[-85.8565,66.163],[-85.956,66.1995],[-86.3435,66.2895],[-86.6205,66.3145],[-86.791,66.429],[-86.6315,66.4405],[-86.6205,66.507],[-86.5255,66.5495],[-86.4165,66.515],[-86.139,66.501],[-85.7515,66.5175],[-85.5295,66.5665],[-85.416,66.567],[-85.3225,66.4795],[-85.268,66.287],[-85.131,66.2955],[-85.0015,66.259],[-84.854,66.2635],[-84.783,66.227],[-84.6075,66.2145],[-84.48,66.166],[-84.3815,66.19],[-84.6365,66.344],[-84.4495,66.376],[-84.398,66.3045],[-84.204,66.324],[-84.141,66.272],[-83.971,66.204],[-83.691,66.199],[-83.7835,66.3015],[-83.863,66.317],[-83.87,66.3955],[-83.963,66.478],[-84.211,66.5945],[-84.1445,66.6865],[-84.3075,66.6815],[-84.422,66.729],[-84.348,66.759],[-84.5535,66.828],[-84.6035,66.94],[-84.871,66.946],[-84.9405,66.8735],[-85.128,66.8375],[-85.213,66.9195],[-85.0045,66.968],[-84.6375,66.9815],[-84.3705,66.974],[-84.4115,66.886],[-84.24,66.8375],[-84.3035,66.801],[-84.2695,66.728],[-84.138,66.712],[-84.0195,66.7995],[-83.9,66.791],[-84.0045,66.697],[-84.0135,66.632],[-83.848,66.5455],[-83.678,66.5255],[-83.5625,66.427],[-83.5685,66.3715],[-83.3695,66.3505],[-83.0275,66.495],[-83.01,66.5505],[-82.8515,66.5705],[-82.6335,66.5635],[-82.373,66.7275],[-82.1565,66.714],[-82.1845,66.7685],[-82.082,66.834],[-82.041,66.9195],[-81.955,66.977],[-81.821,66.999],[-81.716,66.973],[-81.5275,66.996],[-81.4185,67.0945],[-81.3515,67.284],[-81.238,67.4605],[-81.457,67.6285],[-81.6425,67.687],[-82.088,67.8995],[-82.1685,67.9955],[-82.1095,68.112],[-82.315,68.1465],[-82.285,68.2235],[-82.3695,68.2695],[-82.3695,68.3565],[-82.5205,68.4135],[-82.589,68.4955],[-82.266,68.458],[-82.063,68.498],[-82.0165,68.434],[-81.8255,68.471],[-81.7655,68.526],[-81.6295,68.513],[-81.2665,68.6385],[-81.233,68.774],[-81.365,68.8615],[-81.581,68.866],[-81.7025,68.9075],[-81.684,68.9945],[-81.5525,69.003],[-81.363,69.1015],[-81.337,69.1875],[-81.496,69.2035],[-81.753,69.268],[-81.9915,69.278],[-82.2375,69.235],[-82.305,69.36],[-82.2815,69.4195],[-83.192,69.537],[-82.516,69.4935],[-82.618,69.57],[-82.5545,69.5995],[-82.5755,69.674],[-82.904,69.6945],[-83.0205,69.6815],[-83.2535,69.709],[-83.3565,69.6815],[-83.754,69.7115],[-84.0315,69.7635],[-84.1695,69.8245],[-84.34,69.8595],[-84.6945,69.8535],[-85.0295,69.8065],[-85.333,69.7915],[-85.4495,69.741],[-85.544,69.6535],[-85.461,69.5705],[-85.534,69.4635],[-85.347,69.201],[-85.22,69.133],[-84.767,69.088],[-84.7245,69.0095],[-84.953,69.0185],[-84.921,68.939],[-85.145,68.835],[-84.809,68.814],[-84.788,68.7355],[-84.9595,68.763],[-85.225,68.7215],[-85.3605,68.734],[-85.668,68.727],[-85.734,68.6385],[-85.717,68.3985],[-85.8365,68.2695],[-85.805,68.2035],[-85.8905,68.1845],[-85.9015,68.0545],[-86.1285,67.958],[-86.3905,67.81],[-86.5295,67.687],[-86.489,67.617],[-86.502,67.3795],[-86.686,67.3735],[-86.779,67.4185],[-86.9605,67.3675],[-86.9605,67.255],[-87.1625,67.2365],[-87.328,67.1735],[-87.51,67.1845],[-87.373,67.2415],[-87.4545,67.2725],[-87.484,67.363],[-87.66,67.434],[-87.978,67.618],[-88.153,67.6805],[-88.2485,67.776],[-88.3735,67.976],[-88.3795,68.03],[-88.2835,68.126],[-88.407,68.277],[-88.2555,68.3445],[-88.1885,68.2705],[-87.944,68.201],[-87.8445,68.256],[-87.792,68.331],[-87.831,68.4685],[-87.948,68.6085],[-87.92,68.665],[-88.0225,68.8085],[-88.2495,68.9315],[-88.7285,69.084],[-88.8455,69.1395],[-88.942,69.2335],[-89.1985,69.278],[-89.3315,69.2495],[-89.5445,69.092],[-89.672,69.0445],[-89.747,68.916],[-89.688,68.8175],[-89.945,68.616],[-89.8375,68.5365],[-89.871,68.482],[-90.004,68.434],[-90,68.3795],[-90.164,68.315],[-90.12,68.2625],[-90.271,68.242],[-90.3585,68.3725],[-90.6035,68.441],[-90.517,68.492],[-90.49,68.5915],[-90.565,68.6255],[-90.483,68.711],[-90.4465,68.8865],[-90.5325,68.9115],[-90.6265,68.9955],[-90.709,69.007],[-90.6705,69.088],[-90.7705,69.109],[-91.0335,69.2195],[-90.805,69.2565],[-90.798,69.366],[-90.476,69.448],[-90.437,69.493],[-90.6545,69.537],[-90.7505,69.4895],[-90.8975,69.537],[-91.11,69.5135],[-91.251,69.6405],[-91.426,69.6685],[-91.579,69.5855],[-91.8025,69.5135],[-92.1025,69.558],[-92.4715,69.6975],[-92.8685,69.702],[-92.5475,69.817],[-92.2645,69.875],[-92.2235,69.915],[-91.943,70.024],[-92.1115,70.0885],[-92.474,70.0985],[-92.4305,70.1715],[-92.266,70.213],[-91.9955,70.123],[-91.545,70.145],[-91.5575,70.198],[-91.6875,70.228],[-91.723,70.356],[-91.8525,70.367],[-91.9905,70.325],[-92.1115,70.4725],[-92.2155,70.534],[-92.25,70.6255],[-92.6145,70.689],[-92.693,70.7745],[-92.82,70.81],[-92.9075,70.902],[-92.8585,71.15],[-92.937,71.2235],[-92.9905,71.357],[-93.168,71.394],[-93.2155,71.469],[-93.4195,71.536],[-93.635,71.5795],[-93.8205,71.6555],[-93.7155,71.705],[-93.721,71.7655],[-93.8975,71.753],[-94.054,71.789],[-94.54,71.7715],[-94.649,71.82],[-94.4765,71.8535],[-94.4045,71.946],[-94.5485,72.002],[-95.225,71.9495],[-95.302,71.7205],[-95.492,71.723],[-95.8465,71.627],[-95.9445,71.552],[-95.8075,71.5105],[-95.4645,71.484],[-95.5485,71.4225],[-95.472,71.3605],[-95.5365,71.296],[-95.6585,71.2915],[-95.986,71.415],[-96.2115,71.387],[-96.3265,71.2985],[-96.431,71.2645],[-96.4585,71.1715],[-96.5615,71.127],[-96.415,71.065],[-96.4875,71.0285],[-96.6165,70.826],[-96.5735,70.774],[-96.3975,70.689],[-96.1905,70.6245],[-96.054,70.607],[-96.171,70.5335],[-96.2595,70.547],[-96.5615,70.3155],[-96.5735,70.2345],[-96.4865,70.097],[-96.2565,69.9705],[-96.11,69.9565],[-96.1135,69.8665],[-95.976,69.786],[-95.6505,69.784],[-95.4105,69.686],[-95.119,69.6195],[-95.025,69.627],[-94.875,69.5715],[-94.561,69.6405],[-94.5215,69.576],[-94.322,69.453],[-93.9305,69.4355],[-93.873,69.4865],[-93.558,69.5305],[-93.477,69.484],[-93.5805,69.377],[-93.4345,69.357],[-93.7035,69.2255],[-93.882,69.2495],[-93.81,69.311],[-94.0265,69.366],[-94.238,69.3365],[-94.324,69.156],[-94.135,69.133],[-94.2315,69.037],[-94.346,69.026],[-94.5505,68.8905],[-94.636,68.756],[-94.4125,68.723],[-94.283,68.758],[-94.11,68.759],[-93.8955,68.86],[-94.0805,68.8525],[-94.0445,68.9165],[-93.8965,69.0175],[-93.635,68.962],[-93.649,68.8995],[-93.577,68.862],[-93.637,68.804],[-93.7305,68.612],[-93.546,68.5645],[-93.7575,68.506],[-93.95,68.476],[-94.203,68.374],[-94.211,68.2695],[-94.341,68.2445],[-94.861,68.031],[-95.2335,68.0695],[-95.4505,68.072],[-95.4215,68.02],[-95.582,67.8995],[-95.5455,67.8085],[-95.676,67.7655],[-95.6955,67.7115],[-95.463,67.6395],[-95.325,67.511],[-95.3995,67.478],[-95.33,67.3435],[-95.1755,67.2895],[-95.2555,67.2625],[-95.3435,67.159],[-95.301,67.009],[-95.2185,66.974],[-95.295,66.904],[-95.453,66.9285],[-95.753,66.9055],[-95.8275,66.9435],[-96.0285,66.9515],[-96.092,66.927],[-95.9995,66.851],[-96.1125,66.8415],[-96.1525,66.9005],[-96.3975,66.9945],[-96.4545,67.069],[-96.2645,67.0495],[-96.2815,67.011],[-96.0935,66.957],[-95.951,66.998],[-95.882,66.947],[-95.658,66.983],[-95.6035,66.947],[-95.3475,66.974],[-95.403,67.056],[-95.3965,67.139],[-95.492,67.153],[-95.522,67.2195],[-95.8115,67.193],[-95.5845,67.3015],[-95.536,67.3565],[-95.735,67.3765],[-95.908,67.2865],[-96.075,67.226],[-96.171,67.255],[-96.2255,67.322],[-96.1115,67.4155],[-96.326,67.4405],[-96.465,67.512],[-96.465,67.5495],[-96.171,67.7005],[-96.2165,67.7805],[-96.086,68.0375],[-96.0245,68.1155],[-96.0815,68.146],[-96.0095,68.2525],[-96.398,68.1715],[-96.525,68.116],[-96.5625,68.0405],[-96.7645,68.017],[-96.795,68.072],[-96.4895,68.218],[-96.69,68.2865],[-96.9265,68.2425],[-97.01,68.35],[-97.2605,68.4685],[-97.43,68.5055],[-97.6615,68.5065],[-97.8565,68.544],[-98.0105,68.499],[-97.793,68.4095],[-98.0955,68.3675],[-98.1925,68.3075],[-98.4305,68.377],[-98.5445,68.3395],[-98.4865,68.2155],[-98.3155,68.167],[-98.3635,68.094],[-98.449,68.071],[-98.3835,67.9985],[-98.2235,67.934],[-98.1715,67.8755],[-97.8705,67.9685],[-97.641,68.0095],[-97.327,67.876],[-97.223,67.903],[-97.12,67.7795],[-97.211,67.734],[-97.061,67.6805],[-97.335,67.653],[-97.415,67.6105],[-97.5905,67.603],[-97.656,67.645],[-97.9395,67.7045],[-98.092,67.7605],[-98.241,67.914],[-98.5225,68.0455],[-98.568,68.0885],[-98.743,68.06],[-98.727,67.958],[-98.361,67.8115],[-98.7325,67.754],[-98.878,67.7555],[-98.9155,67.7115],[-99.253,67.7235],[-99.4235,67.794],[-99.6195,67.794],[-99.768,67.8265],[-100.0805,67.817],[-100.1665,67.845],[-100.717,67.847],[-100.957,67.749],[-101.2525,67.7695],[-101.2815,67.72],[-101.4475,67.7345],[-101.5295,67.6805],[-101.8265,67.7175],[-101.939,67.786],[-102.1305,67.775],[-102.242,67.725],[-102.451,67.7825],[-102.7625,67.815],[-102.9485,67.927],[-103.083,67.9275],[-103.366,68.0185],[-103.339,68.112],[-103.3865,68.1595],[-103.5285,68.133],[-103.544,68.0715],[-103.687,68.072],[-103.8785,68.0235],[-103.9905,68.0485],[-104.1475,68.024],[-104.317,68.057],[-104.484,68.034],[-104.6755,68.1395],[-104.602,68.2355],[-104.785,68.249],[-105.0095,68.322],[-105.095,68.2695],[-105.323,68.3545],[-105.367,68.4205],[-105.536,68.45],[-105.409,68.5305],[-105.539,68.65],[-105.4695,68.722],[-105.751,68.866],[-106.1975,68.9445],[-106.272,68.907],[-106.7995,68.8175],[-107.2925,68.7015],[-107.4255,68.7],[-107.8065,68.6535],[-108.281,68.6215],[-108.406,68.561],[-108.5945,68.399],[-108.755,68.339],[-108.815,68.274],[-108.6,68.256],[-108.402,68.269],[-108.4575,68.187],[-108.3375,68.155],[-107.989,68.1725],[-107.9245,68.148],[-107.7295,68.207],[-107.889,68.2695],[-107.8475,68.333],[-107.5465,68.352],[-107.509,68.3235],[-107.131,68.3005],[-107.009,68.3715],[-106.724,68.3825],[-106.604,68.3075],[-106.4875,68.389],[-106.573,68.42],[-106.522,68.5265],[-106.087,68.5925],[-105.879,68.6395],[-105.6975,68.489],[-105.7475,68.421],[-105.9705,68.4275],[-106.1225,68.366],[-106.276,68.387],[-106.4945,68.246],[-106.8135,68.208],[-106.758,68.105],[-106.926,68.1265],[-107.4285,68.0425],[-107.75,68.092],[-107.8795,68.093],[-107.9185,68.0055],[-107.6595,67.9465],[-107.6875,67.911],[-107.9415,67.8545],[-108.019,67.735],[-107.9895,67.6935],[-107.708,67.5705],[-107.586,67.501],[-107.6565,67.3725],[-107.527,67.2125],[-107.2465,67.084],[-107.401,66.9745],[-107.452,66.848],[-107.6165,66.8855],[-107.4845,66.9195],[-107.6065,66.984],[-107.7585,67.009],[-107.6585,66.7075],[-107.5635,66.5945],[-107.202,66.3785],[-107.276,66.361],[-107.7,66.621],[-107.69,66.6455],[-107.8325,66.7485],[-107.995,66.832],[-108.136,66.86],[-108.1135,66.923],[-108.215,67.0275],[-108.1395,67.08],[-107.8795,67.0535],[-107.8925,67.1695],[-107.9925,67.2825],[-108.264,67.3815],[-108.3245,67.435],[-108.444,67.434],[-108.5245,67.5055],[-108.599,67.6255],[-108.7385,67.593],[-108.7445,67.4545],[-108.866,67.4145],[-109.0225,67.4875],[-108.9295,67.532],[-109.013,67.6795],[-109.0745,67.722],[-109.452,67.7445],[-109.5385,67.689],[-109.7165,67.719],[-109.6985,67.81],[-109.832,67.8735],[-109.995,67.8525],[-109.971,67.9675],[-110.178,67.999],[-110.219,67.948],[-110.421,67.9485],[-110.5765,67.8885],[-110.751,67.8625],[-110.822,67.817],[-111.019,67.768],[-111.292,67.826],[-111.367,67.7865],[-111.535,67.769],[-111.5455,67.7215],[-111.8795,67.764],[-112.186,67.728],[-112.3275,67.7455],[-112.421,67.6825],[-113.042,67.6735],[-113.316,67.711],[-113.859,67.696],[-114.172,67.7425],[-114.398,67.742],[-114.789,67.817],[-114.9965,67.7925],[-115.118,67.804],[-115.2825,67.872],[-115.536,67.9035],[-115.534,67.9345],[-115.1295,68.0075],[-115.249,68.043],[-115.1795,68.142],[-114.896,68.1515],[-114.837,68.2625],[-114.6245,68.252],[-114.4505,68.2695],[-114.3375,68.236],[-114.057,68.304],[-113.9055,68.4],[-114.057,68.441],[-114.08,68.4945],[-114.201,68.572],[-114.3755,68.607],[-114.5225,68.717],[-114.742,68.7555],[-114.988,68.8675],[-115.1145,68.8565],[-115.2115,68.8955],[-115.588,68.975],[-115.8655,68.9685],[-115.908,68.9295],[-116.1605,68.984],[-116.311,68.9475],[-116.0855,68.886],[-116.208,68.831],[-116.3285,68.878],[-116.468,68.864],[-116.861,68.8925],[-116.9615,68.914],[-117.1655,68.894],[-117.3705,68.951],[-117.8345,68.9945],[-118.041,69.0245],[-118.477,69.1295],[-118.6665,69.2255],[-119.258,69.2965],[-119.476,69.305],[-119.787,69.3475],[-119.9975,69.3475],[-120.2785,69.408],[-120.6395,69.535],[-120.8075,69.6235],[-121.428,69.767],[-122.036,69.8185],[-122.481,69.802],[-122.951,69.8385],[-123.1575,69.7705],[-123.1005,69.6755],[-123.1775,69.496],[-123.3555,69.503],[-123.5445,69.377],[-123.677,69.361],[-123.809,69.3875],[-124.061,69.38],[-124.159,69.348],[-124.4385,69.3695],[-124.429,69.4735],[-124.269,69.5365],[-124.1845,69.633],[-124.072,69.666],[-124.075,69.7285],[-124.285,69.701],[-124.5065,69.736],[-124.4035,69.8595],[-124.507,69.9165],[-124.477,70.0205],[-124.3625,70.0715],[-124.384,70.14],[-124.702,70.1515],[-124.6715,70.079],[-124.9875,70.0455],[-124.9925,70.0105],[-124.74,69.9755],[-124.897,69.942],[-125.0275,69.866],[-125.031,69.822],[-125.24,69.771],[-125.0325,69.7475],[-125.2335,69.6945],[-125.37,69.6945],[-125.416,69.603],[-125.247,69.595],[-125.2745,69.537],[-125.484,69.5135],[-125.6145,69.4325],[-125.3035,69.474],[-125.151,69.4545],[-125.161,69.386],[-125.449,69.319],[-125.7145,69.394],[-125.9385,69.414],[-126.245,69.5255],[-126.702,69.7675],[-126.867,70.0015],[-127.1365,70.253],[-127.445,70.406],[-127.9285,70.567],[-128.077,70.5585],[-128.196,70.447],[-128.178,70.38],[-128.0325,70.2935],[-127.587,70.2375],[-127.993,70.1815],[-128.111,70.1885],[-128.337,70.13],[-128.37,70.0975],[-128.3105,69.9895],[-128.6005,69.8695],[-128.994,69.6795],[-129.1585,69.715],[-129.1735,69.8325],[-129.605,69.825],[-129.702,69.789],[-130.167,69.7115],[-130.338,69.7025],[-130.4575,69.579],[-130.75,69.4545],[-130.9335,69.3105],[-130.9705,69.4785],[-131.161,69.496],[-131.4275,69.435],[-131.595,69.4745],[-131.8665,69.4035],[-131.758,69.3715],[-131.8805,69.2845],[-132.168,69.2155],[-132.296,69.2055],[-132.373,69.1495],[-132.579,69.1295],[-132.6615,69.092],[-132.862,69.0735],[-132.8325,68.921],[-132.761,68.877],[-132.55,68.92],[-132.394,68.866],[-132.514,68.8055],[-132.7055,68.837],[-132.77,68.813],[-132.9405,68.8635],[-133.1205,68.8115],[-133.451,68.791],[-133.4915,68.8425],[-133.3355,68.8675],[-133.2095,68.948],[-133.2025,69.038],[-133.084,69.0725],[-132.9495,69.044],[-132.908,69.131],[-132.771,69.2565],[-132.3345,69.3155],[-132.1145,69.3615],[-132.1405,69.414],[-131.9835,69.537],[-131.6685,69.578],[-131.503,69.5715],[-131.086,69.633],[-130.941,69.566],[-130.771,69.6845],[-130.591,69.7075],[-130.571,69.7595],[-129.6,69.991],[-129.495,70.0305],[-129.4065,70.121],[-129.6535,70.222],[-129.79,70.181],[-129.9315,70.076],[-130.1075,70.1085],[-130.3185,70.0815],[-130.3245,70.14],[-130.5415,70.1145],[-130.665,70.1245],[-130.943,70.079],[-131.085,69.8925],[-131.2565,69.942],[-131.4265,69.9505],[-131.4515,69.8965],[-131.62,69.8765],[-131.8395,69.7705],[-132.1,69.7275],[-132.139,69.688],[-132.5485,69.743],[-132.5865,69.6945],[-132.3515,69.692],[-132.385,69.6465],[-132.53,69.632],[-132.6705,69.6575],[-132.8875,69.661],[-132.991,69.592],[-132.97,69.517],[-133.196,69.414],[-133.4635,69.4175],[-133.632,69.399],[-133.704,69.3395],[-134.122,69.2665],[-134.092,69.345],[-133.7885,69.4915],[-134.121,69.5445],[-134.224,69.6815],[-134.41,69.657],[-134.5115,69.5375],[-134.4165,69.4975],[-134.4765,69.444],[-134.6415,69.482],[-134.863,69.4935],[-135.1555,69.4795],[-135.2845,69.4145],[-135.22,69.297],[-135.3395,69.289],[-135.5695,69.3445],[-135.838,69.309],[-135.8365,69.261],[-135.968,69.222],[-135.9365,69.1055],[-135.7425,69.0595],[-135.9905,69.016],[-135.8685,68.907],[-135.628,68.8935],[-135.368,68.782],[-135.3215,68.726],[-135.6355,68.763],[-135.8815,68.85],[-136.0675,68.8855],[-136.239,68.8865],[-136.5005,68.916],[-136.663,68.876],[-136.801,68.889],[-136.9925,68.948],[-137.191,68.948],[-138.0955,69.14],[-138.3125,69.2295],[-138.4515,69.2345],[-138.6365,69.2835],[-138.7665,69.359],[-138.9555,69.4065],[-139.144,69.5135],[-139.7005,69.5745],[-139.918,69.6215],[-140.2225,69.599],[-140.6435,69.6165],[-141.0055,69.651],[-141.0055,69.2135],[-141.005,68.6305],[-141.0045,67.756],[-141.0045,67.1725],[-141.004,66.5895],[-141.004,66.1525],[-141.0035,65.569],[-141.0035,64.986],[-141.003,64.5485],[-141.003,63.9655],[-141.0025,63.3825],[-141.0025,62.6535],[-141.002,62.216],[-141.002,61.633],[-141.0015,60.7585],[-141.001,60.321],[-140.9795,60.296],[-140.5335,60.2185],[-140.424,60.293],[-140.016,60.1875],[-139.917,60.208],[-139.7285,60.309],[-139.6285,60.334],[-139.1015,60.3465],[-139.073,60.3],[-139.182,60.0735],[-139.004,59.977],[-138.7425,59.913],[-138.692,59.887],[-138.599,59.754],[-137.6115,59.2395],[-137.4845,58.992],[-137.508,58.94],[-137.423,58.9075],[-137.282,58.987],[-136.841,59.148],[-136.6135,59.154],[-136.4665,59.288],[-136.4675,59.4615],[-136.367,59.4495],[-136.275,59.4865],[-136.2585,59.6215],[-135.924,59.6665],[-135.483,59.7925],[-135.26,59.698],[-135.016,59.5435],[-135.0235,59.477],[-135.096,59.419],[-134.9935,59.382],[-135.016,59.336],[-134.9325,59.2705],[-134.7055,59.24],[-134.6605,59.1815],[-134.5565,59.123],[-134.4775,59.115],[-134.398,59.052],[-134.3995,58.975],[-134.222,58.8425],[-133.871,58.736],[-133.7965,58.6935],[-133.6265,58.5465],[-133.463,58.462],[-133.392,58.404],[-133.43,58.372],[-133.3745,58.291],[-133.1655,58.1475],[-133.075,58.008],[-132.917,57.8805],[-132.5525,57.499],[-132.3625,57.3455],[-132.231,57.197],[-132.341,57.0805],[-132.032,57.0285],[-132.1075,56.859],[-131.8715,56.7935],[-131.888,56.748],[-131.799,56.5875],[-131.586,56.595],[-131.1005,56.4075],[-130.839,56.3725],[-130.7605,56.345],[-130.646,56.262],[-130.4955,56.2325],[-130.404,56.122],[-130.211,56.09],[-130.0715,56.084],[-130.019,56.002],[-130.0195,55.908],[-130.0335,55.849],[-130.1305,55.7365],[-130.0805,55.685],[-130.1,55.587],[-130.025,55.4655],[-129.996,55.3385],[-129.958,55.2735],[-130.0785,55.1925],[-130.1675,55.0855],[-130.125,55.0055],[-130.064,55.003],[-129.996,55.099],[-129.9125,55.169],[-129.828,55.2805],[-129.8385,55.373],[-129.777,55.4795],[-129.716,55.4655],[-129.6755,55.378],[-129.753,55.287],[-129.814,55.2595],[-129.852,55.1885],[-129.9565,55.1015],[-130.001,55.0225],[-129.825,54.9955],[-129.8805,54.9555],[-130.022,54.974],[-130.1345,54.887],[-130.2015,54.7285],[-130.3725,54.6645],[-130.3455,54.598],[-130.431,54.568],[-130.445,54.453],[-130.481,54.4185],[-130.458,54.3485],[-130.373,54.332],[-130.272,54.358],[-130.231,54.26],[-130.2775,54.208],[-130.112,54.1595],[-129.8865,54.235],[-129.9505,54.1595],[-130.038,54.154],[-130.0915,54.081],[-130.1045,53.947],[-129.996,53.8515],[-129.8525,53.76],[-129.803,53.7555],[-129.7265,53.6715],[-129.335,53.397],[-129.242,53.4475],[-129.2285,53.6325],[-129.112,53.722],[-128.973,53.7775],[-128.9655,53.8205],[-128.8615,53.83],[-128.7485,53.9205],[-128.6895,53.8935],[-128.6935,53.821],[-128.789,53.781],[-128.7705,53.7215],[-128.812,53.658],[-128.7755,53.5555],[-128.8645,53.536],[-128.9745,53.5565],[-128.9475,53.486],[-128.8805,53.4475],[-128.8755,53.306],[-128.7005,53.1985],[-128.5465,53.136],[-128.478,52.8685],[-128.433,52.8235],[-128.2755,52.8],[-128.1385,52.844],[-128.1255,52.753],[-128.243,52.559],[-128.226,52.4605],[-128.2605,52.4025],[-128.3285,52.3865],[-128.311,52.2755],[-128.2345,52.3265],[-128.0925,52.5135],[-128.016,52.3465],[-127.933,52.3165],[-127.8605,52.216],[-127.8005,52.2565],[-127.495,52.359],[-127.4525,52.412],[-127.2855,52.459],[-127.225,52.456],[-127.159,52.3555],[-127.0025,52.3395],[-126.9385,52.306],[-126.885,52.1945],[-126.751,52.128],[-126.779,52.0975],[-126.9465,52.213],[-126.9575,52.2685],[-127.043,52.31],[-127.1865,52.3095],[-127.2835,52.2375],[-127.3575,52.229],[-127.477,52.1505],[-127.5825,52.128],[-127.638,52.0835],[-127.685,51.95],[-127.7655,51.9535],[-127.8495,51.92],[-127.892,51.816],[-127.8735,51.6735],[-127.8025,51.604],[-127.7915,51.527],[-127.728,51.46],[-127.6225,51.478],[-127.5715,51.528],[-127.5905,51.569],[-127.5455,51.6345],[-127.583,51.712],[-127.3855,51.674],[-127.329,51.7115],[-127.2585,51.686],[-127.0955,51.704],[-126.6995,51.6655],[-126.7095,51.6445],[-127.0435,51.6685],[-127.3155,51.6555],[-127.468,51.6285],[-127.521,51.589],[-127.552,51.471],[-127.6645,51.398],[-127.6805,51.336],[-127.515,51.3165],[-127.7895,51.2335],[-127.777,51.167],[-127.6345,51.0965],[-127.5025,51.12],[-127.531,51.0035],[-127.416,50.9765],[-127.429,50.943],[-127.131,50.866],[-127.022,50.822],[-126.8585,50.943],[-126.674,50.878],[-126.5755,50.9065],[-126.5475,50.8375],[-126.4885,50.8165],[-126.3885,50.852],[-126.179,50.853],[-126.1965,50.798],[-126.126,50.7485],[-126.1865,50.672],[-126.059,50.6855],[-125.985,50.715],[-125.7435,50.717],[-125.6445,50.7985],[-125.6795,50.8705],[-125.5755,50.907],[-125.631,51.0625],[-125.5775,51.0725],[-125.512,50.961],[-125.5595,50.8655],[-125.6515,50.836],[-125.608,50.781],[-125.699,50.6895],[-125.939,50.652],[-126.0185,50.666],[-126.2215,50.6425],[-126.179,50.5755],[-126.2425,50.501],[-125.9545,50.4755],[-125.8365,50.5275],[-125.7035,50.438],[-125.644,50.4485],[-125.5625,50.589],[-125.5285,50.555],[-125.518,50.4555],[-125.391,50.4975],[-125.128,50.437],[-125.102,50.499],[-125.0275,50.5585],[-124.9705,50.501],[-125.0575,50.4775],[-125.0615,50.3275],[-124.9625,50.341],[-124.83,50.3175],[-124.7055,50.3225],[-124.64,50.294],[-124.605,50.233],[-124.6655,50.127],[-124.683,50.0525],[-124.7425,50.028],[-124.732,49.9545],[-124.532,49.8445],[-124.5135,49.7975],[-124.4035,49.7675],[-124.171,49.781],[-124.048,49.841],[-123.9335,49.7835],[-124.02,49.7325],[-124.061,49.631],[-123.964,49.521],[-123.865,49.4735],[-123.781,49.4655],[-123.5545,49.39],[-123.473,49.4345],[-123.4895,49.515],[-123.328,49.582],[-123.2485,49.598],[-123.2455,49.411],[-123.212,49.343],[-123.0395,49.296],[-123.247,49.2745],[-123.1755,49.2235],[-123.212,49.13],[-123.0755,49.1055],[-123.143,49.061],[-123.0905,48.9925],[-123.0355,48.9925],[-123.0485,49.035],[-122.9515,49.083],[-122.753,48.9925],[-121.554,48.9925],[-120.675,48.9925],[-119.576,48.9925],[-119.136,48.9925],[-118.257,48.9925],[-117.378,48.9925],[-116.4985,48.9925],[-115.6195,48.9925],[-114.5205,48.9925],[-113.641,48.9925],[-112.9815,48.9925],[-112.322,48.9925],[-111.443,48.9925],[-110.5635,48.9925],[-109.4645,48.9925],[-109.025,48.9925],[-108.146,48.9925],[-107.2665,48.9925],[-106.607,48.9925],[-105.9475,48.9925],[-105.0575,48.9925],[-104.189,48.9925],[-103.53,48.9925],[-102.8705,48.9925],[-101.991,48.9925],[-101.3315,48.9925],[-100.6725,48.9925],[-99.793,48.9925],[-99.1335,48.9925],[-98.474,48.9925],[-97.375,48.9925],[-96.716,48.9925],[-95.8365,48.9925],[-95.177,48.9925],[-95.1595,49.012],[-95.1605,49.3695],[-94.9825,49.356],[-94.8275,49.293],[-94.811,49.1665],[-94.711,48.9145],[-94.711,48.8075],[-94.593,48.7265],[-94.4795,48.7005],[-94.3115,48.714],[-94.232,48.652],[-93.875,48.636],[-93.8095,48.5435],[-93.757,48.5165],[-93.492,48.5425],[-93.4515,48.5975],[-93.2575,48.6305],[-92.9795,48.6175],[-92.884,48.58],[-92.6485,48.5365],[-92.704,48.445],[-92.527,48.4455],[-92.4675,48.3945],[-92.4625,48.3295],[-92.3845,48.2325],[-92.291,48.2495],[-92.303,48.311],[-92.1545,48.35],[-92.0435,48.3345],[-91.9575,48.2285],[-91.765,48.1875],[-91.6925,48.098],[-91.581,48.081],[-91.575,48.048],[-91.428,48.0365],[-91.2765,48.065],[-91.071,48.171],[-90.923,48.227],[-90.8405,48.22],[-90.7865,48.1005],[-90.7015,48.0845],[-90.587,48.105],[-90.5315,48.0845],[-90.1785,48.1165],[-90.0735,48.101],[-89.9805,48.01],[-89.9025,47.986],[-89.8035,48.014],[-89.582,47.9965]],[[-111.669,62.3875],[-111.535,62.4785],[-111.3425,62.563],[-111.26,62.6235],[-110.6785,62.6725],[-110.548,62.6615],[-110.4175,62.774],[-109.8975,62.776],[-109.849,62.746],[-110.202,62.739],[-110.39,62.746],[-110.428,62.688],[-110.0965,62.689],[-109.684,62.671],[-109.887,62.5855],[-110.172,62.548],[-110.363,62.5685],[-110.4865,62.5335],[-110.491,62.474],[-110.2715,62.523],[-110.173,62.454],[-110.319,62.4535],[-110.397,62.4105],[-110.2635,62.3725],[-110.658,62.3555],[-110.922,62.4055],[-111.0345,62.393],[-111.248,62.258],[-111.3835,62.2075],[-111.5005,62.1225],[-111.4765,62.056],[-111.629,61.951],[-111.8185,61.8975],[-111.826,61.867],[-112.052,61.763],[-112.155,61.699],[-112.2185,61.611],[-112.7025,61.444],[-112.885,61.444],[-113.008,61.465],[-113.3385,61.4545],[-113.4105,61.399],[-113.5275,61.376],[-113.6655,61.314],[-113.7095,61.2635],[-113.6315,61.094],[-113.762,61.0055],[-114.043,60.97],[-114.264,60.9975],[-114.4315,60.9525],[-114.7035,60.8995],[-114.796,60.9305],[-114.8815,60.9065],[-115.181,60.871],[-115.263,60.848],[-115.5435,60.835],[-115.677,60.8615],[-115.943,60.8435],[-116.4135,60.948],[-116.537,61.0325],[-116.6365,61.0125],[-116.7465,61.0475],[-117.079,61.0465],[-117.2,61.0635],[-117.304,61.1085],[-117.3695,61.1735],[-117.4625,61.2035],[-117.493,61.256],[-117.073,61.151],[-116.7015,61.2245],[-116.7975,61.291],[-116.693,61.334],[-116.541,61.321],[-116.42,61.273],[-116.206,61.2735],[-115.9945,61.1815],[-115.994,61.241],[-115.8585,61.3175],[-116.0025,61.355],[-116.0335,61.393],[-115.851,61.4045],[-115.708,61.4545],[-115.77,61.5195],[-115.66,61.609],[-115.6395,61.6635],[-115.5405,61.692],[-115.5435,61.752],[-115.3755,61.779],[-115.2235,61.7775],[-115.1955,61.736],[-114.9545,61.752],[-114.7625,61.793],[-114.634,61.8575],[-114.639,61.934],[-114.7525,61.9375],[-114.79,62.013],[-114.947,62.0525],[-115.0635,62.1295],[-115.0365,62.178],[-115.329,62.247],[-115.241,62.313],[-115.3025,62.3355],[-115.3415,62.4925],[-115.4975,62.474],[-115.6905,62.476],[-115.824,62.5685],[-115.804,62.6095],[-115.948,62.651],[-116.054,62.711],[-115.925,62.779],[-115.5865,62.646],[-115.3805,62.631],[-115.232,62.5885],[-115.2025,62.539],[-115.079,62.488],[-114.8035,62.431],[-114.6225,62.355],[-114.422,62.38],[-114.341,62.4175],[-114.241,62.404],[-114.259,62.335],[-114.066,62.287],[-113.9265,62.219],[-113.741,62.091],[-113.5645,62.063],[-113.5435,62.0105],[-113.405,62.036],[-113.219,61.999],[-113.1465,62.034],[-112.8825,62.0355],[-112.7065,62.0685],[-112.439,62.0795],[-112.206,62.1705],[-112.13,62.2215],[-111.9725,62.2775],[-111.9325,62.3265],[-111.7285,62.382],[-111.614,62.534],[-111.5295,62.5625],[-111.4605,62.693],[-111.1925,62.808],[-110.7465,62.918],[-110.4505,62.9535],[-110.1285,62.9445],[-109.924,62.9515],[-109.6225,62.911],[-109.4955,62.8635],[-109.258,62.862],[-108.937,62.794],[-109.016,62.6845],[-109.238,62.5985],[-109.3065,62.7295],[-109.6635,62.767],[-109.7745,62.808],[-109.9445,62.822],[-110.454,62.833],[-110.5755,62.774],[-110.8165,62.7595],[-111.42,62.628],[-111.669,62.3875]],[[-118.837,65.775],[-119.1955,65.8095],[-119.3055,65.789],[-119.703,65.796],[-119.7645,65.748],[-119.717,65.6835],[-119.854,65.679],[-120.0085,65.577],[-119.83,65.4915],[-119.631,65.474],[-119.55,65.4285],[-119.477,65.3225],[-119.6165,65.3485],[-119.821,65.353],[-119.985,65.2825],[-120.056,65.1925],[-120.2625,65.1585],[-120.6695,64.9865],[-120.7795,64.984],[-121.033,64.905],[-121.2045,64.8095],[-121.348,64.816],[-121.505,64.884],[-121.499,64.9435],[-121.3975,64.993],[-121.0835,64.9865],[-120.957,65.042],[-120.9805,65.121],[-120.7035,65.1925],[-120.4125,65.3785],[-120.3335,65.508],[-120.3885,65.5835],[-120.7175,65.618],[-120.9575,65.568],[-121.355,65.4325],[-121.533,65.39],[-121.512,65.351],[-121.6185,65.268],[-121.5945,65.1725],[-121.785,65.035],[-122.1665,64.967],[-122.224,64.998],[-123.339,65.1125],[-123.4925,65.1655],[-123.4305,65.202],[-122.997,65.226],[-122.85,65.271],[-122.7315,65.3435],[-122.753,65.412],[-122.89,65.4825],[-122.761,65.5655],[-122.616,65.574],[-122.3345,65.6515],[-122.1565,65.775],[-122.201,65.8515],[-122.511,65.904],[-122.6015,65.981],[-122.397,66.0125],[-122.017,65.9825],[-121.838,65.929],[-121.395,65.9525],[-121.2825,65.9875],[-121.235,66.065],[-121.3685,66.1175],[-121.55,66.0935],[-121.662,66.185],[-121.907,66.2495],[-123.0445,66.253],[-122.9375,66.1795],[-123.055,66.105],[-123.171,66.085],[-123.2735,66.1725],[-123.7725,66.1255],[-124.044,66.112],[-124.185,66.1795],[-124.596,66.1525],[-124.5545,66.015],[-124.8045,66.009],[-124.7965,65.912],[-125.0315,66.05],[-125.1235,66.1585],[-125.073,66.266],[-124.7575,66.292],[-124.4555,66.2595],[-124.318,66.365],[-124.048,66.312],[-123.8005,66.389],[-123.5475,66.417],[-123.27,66.4695],[-122.9895,66.475],[-122.8925,66.5555],[-122.6185,66.5425],[-122.348,66.6155],[-122.253,66.5995],[-121.997,66.6225],[-121.7485,66.694],[-121.464,66.724],[-121.163,66.8715],[-120.9775,66.858],[-120.643,66.919],[-120.536,66.9535],[-120.2665,66.9575],[-120.1545,67.002],[-119.784,67.045],[-119.7785,66.977],[-119.6555,66.9815],[-119.4865,66.943],[-119.278,66.933],[-118.9805,66.866],[-119.302,66.831],[-119.522,66.7305],[-119.7055,66.726],[-119.806,66.6775],[-119.971,66.6635],[-120.139,66.6055],[-120.3195,66.495],[-120.4355,66.468],[-120.4675,66.3885],[-120.3125,66.38],[-120.14,66.4085],[-119.949,66.336],[-119.7645,66.309],[-119.5575,66.302],[-119.518,66.3395],[-119.2015,66.3185],[-118.895,66.3235],[-118.678,66.3535],[-118.5865,66.337],[-118.321,66.3915],[-118.2105,66.4505],[-118.2175,66.5125],[-118.052,66.5975],[-117.822,66.6305],[-117.6935,66.595],[-117.764,66.5135],[-117.872,66.483],[-117.8605,66.4095],[-117.5965,66.474],[-117.582,66.367],[-117.6885,66.337],[-117.6135,66.2825],[-117.7575,66.1525],[-117.9175,66.157],[-118.1105,66.033],[-118.113,65.981],[-118.266,65.856],[-117.963,65.755],[-118.044,65.69],[-118.185,65.6885],[-118.3675,65.655],[-118.4345,65.6965],[-118.5615,65.68],[-118.8315,65.7465],[-118.837,65.775]],[[-96.2805,51.241],[-96.42,51.101],[-96.391,51.009],[-96.35,50.776],[-96.376,50.703],[-96.294,50.624],[-96.4245,50.63],[-96.52,50.7315],[-96.5975,50.6615],[-96.582,50.583],[-96.616,50.542],[-96.5665,50.481],[-96.6505,50.4],[-96.77,50.388],[-96.9045,50.419],[-96.9695,50.559],[-96.9845,50.714],[-96.9455,50.829],[-96.977,50.888],[-96.9105,50.9975],[-96.9205,51.094],[-96.86,51.1005],[-96.8285,51.172],[-96.7385,51.248],[-96.6715,51.2615],[-96.612,51.3455],[-96.7735,51.343],[-96.7985,51.2935],[-96.8935,51.212],[-96.9885,51.21],[-96.932,51.343],[-96.762,51.511],[-96.726,51.5825],[-96.779,51.6],[-96.782,51.67],[-96.8255,51.721],[-96.899,51.725],[-96.9715,51.683],[-97.096,51.6595],[-97.1375,51.5905],[-97.12,51.5185],[-97.2035,51.4535],[-97.288,51.4735],[-97.296,51.6445],[-97.226,51.7835],[-97.246,51.8805],[-97.336,52.008],[-97.421,52.0405],[-97.569,51.967],[-97.4795,52.131],[-97.5485,52.1385],[-97.7125,52.0835],[-97.774,52.002],[-97.8055,51.9135],[-97.8775,51.8885],[-98.032,51.946],[-98.06,52.11],[-98.1375,52.1385],[-98.1495,52.239],[-98.218,52.3055],[-98.325,52.3205],[-98.4365,52.38],[-98.47,52.504],[-98.609,52.5785],[-98.662,52.6355],[-98.7885,52.702],[-98.817,52.791],[-98.8915,52.844],[-98.8905,52.9235],[-98.733,52.9785],[-98.522,53.005],[-98.446,53.041],[-98.7815,53.091],[-98.819,53.039],[-98.9255,53.0695],[-99.0425,53.05],[-99.0835,53.1185],[-99.253,53.2085],[-99.206,53.2685],[-99.193,53.3785],[-99.0935,53.4305],[-99.088,53.4875],[-99.027,53.58],[-99.056,53.6045],[-98.9755,53.7105],[-99.0045,53.7865],[-98.961,53.8565],[-98.833,53.8995],[-98.654,53.851],[-98.377,53.8575],[-98.2765,53.84],[-98.045,53.752],[-97.9895,53.6915],[-97.885,53.7065],[-97.9045,53.749],[-98.032,53.777],[-98.09,53.838],[-98.2415,53.886],[-98.3185,53.992],[-98.2285,54.1035],[-98.1545,54.2595],[-97.9935,54.414],[-97.923,54.3735],[-97.9405,54.309],[-97.8645,54.256],[-98.149,54.1865],[-98.1555,54.063],[-98.2335,54.016],[-98.0995,53.929],[-98.031,53.9885],[-97.969,53.9845],[-97.9565,53.8745],[-97.8155,53.7215],[-97.836,53.6255],[-97.665,53.4815],[-97.6785,53.427],[-97.6045,53.378],[-97.5895,53.2995],[-97.4185,53.174],[-97.4225,53.067],[-97.33,53.0095],[-97.435,52.9475],[-97.377,52.8995],[-97.395,52.8555],[-97.3205,52.7665],[-97.1975,52.684],[-97.1035,52.45],[-97.032,52.405],[-97.0605,52.34],[-97.0005,52.2755],[-97.089,52.241],[-96.9595,52.07],[-96.8205,51.9585],[-96.863,51.867],[-96.7875,51.864],[-96.6775,51.782],[-96.783,51.7575],[-96.541,51.5425],[-96.5425,51.4795],[-96.4455,51.359],[-96.3715,51.338],[-96.2805,51.241]]],[[[-67.176,45.1785],[-67.0865,45.0975],[-67.021,45.1685],[-66.9435,45.19],[-66.8695,45.144],[-66.9085,45.0985],[-66.746,45.0645],[-66.66,45.0845],[-66.491,45.1555],[-66.429,45.0835],[-66.1895,45.178],[-66.1285,45.279],[-66.197,45.334],[-66.1005,45.354],[-66.0585,45.4225],[-66.002,45.3985],[-66.136,45.3125],[-66.0395,45.285],[-65.9955,45.2305],[-65.9095,45.2105],[-65.7825,45.262],[-65.545,45.3295],[-65.489,45.3715],[-65.315,45.459],[-65.1845,45.5105],[-64.9945,45.559],[-64.883,45.6335],[-64.7565,45.628],[-64.676,45.7515],[-64.5855,45.826],[-64.4195,45.791],[-64.347,45.8885],[-64.276,45.842],[-64.3805,45.7925],[-64.429,45.71],[-64.649,45.559],[-64.833,45.484],[-64.902,45.43],[-64.9355,45.351],[-64.86,45.353],[-64.7175,45.3245],[-64.6725,45.389],[-64.576,45.4155],[-64.459,45.4],[-64.388,45.3675],[-64.3125,45.402],[-64.066,45.413],[-63.9365,45.3985],[-63.891,45.353],[-63.816,45.395],[-63.593,45.395],[-63.5075,45.3745],[-63.461,45.325],[-63.716,45.3265],[-63.8255,45.2795],[-64.115,45.216],[-64.2235,45.1085],[-64.3675,45.1965],[-64.3205,45.283],[-64.3485,45.3195],[-64.5105,45.2285],[-64.714,45.1925],[-64.863,45.1395],[-65.1805,44.993],[-65.2315,44.955],[-65.3975,44.895],[-65.457,44.8545],[-65.786,44.6965],[-65.9425,44.5835],[-65.848,44.5565],[-66.0325,44.437],[-66.1135,44.3435],[-66.142,44.231],[-66.2105,44.1055],[-66.149,44.0025],[-66.17,43.8945],[-66.1215,43.7435],[-65.9635,43.7375],[-65.9095,43.819],[-65.7715,43.669],[-65.778,43.568],[-65.7195,43.509],[-65.6675,43.5],[-65.566,43.574],[-65.5425,43.528],[-65.4625,43.5275],[-65.346,43.5875],[-65.327,43.6965],[-65.2505,43.6735],[-65.0965,43.736],[-65.0345,43.7125],[-64.8855,43.839],[-64.8125,43.853],[-64.8155,43.954],[-64.7445,43.958],[-64.667,43.998],[-64.649,44.059],[-64.561,44.08],[-64.4255,44.234],[-64.3675,44.264],[-64.269,44.267],[-64.3395,44.3325],[-64.354,44.456],[-64.2275,44.537],[-64.128,44.555],[-64.041,44.5225],[-64.057,44.639],[-63.926,44.6745],[-63.943,44.6205],[-63.9295,44.5115],[-63.8055,44.5145],[-63.716,44.456],[-63.5485,44.473],[-63.5235,44.518],[-63.5875,44.664],[-63.439,44.5965],[-63.4205,44.6485],[-63.2815,44.6435],[-63.2365,44.689],[-63.1205,44.7515],[-63.0245,44.697],[-62.93,44.74],[-62.8425,44.717],[-62.8055,44.785],[-62.6615,44.806],[-62.5515,44.8675],[-62.4475,44.853],[-62.3935,44.9105],[-62.306,44.92],[-62.0315,44.991],[-62.01,45.032],[-61.8825,45.034],[-61.8095,45.101],[-61.6395,45.0875],[-61.6475,45.157],[-61.568,45.147],[-61.389,45.1635],[-61.332,45.2305],[-61.153,45.2375],[-61.071,45.224],[-60.971,45.314],[-61.137,45.354],[-61.451,45.3495],[-61.388,45.418],[-61.2675,45.4435],[-61.237,45.506],[-61.3235,45.542],[-61.4,45.6325],[-61.4705,45.683],[-61.575,45.6725],[-61.62,45.6145],[-61.795,45.653],[-61.894,45.7035],[-61.9245,45.889],[-62.06,45.808],[-62.2705,45.7035],[-62.371,45.6825],[-62.4705,45.6145],[-62.5575,45.678],[-62.7385,45.7625],[-62.9245,45.7825],[-63.0705,45.7785],[-63.19,45.7365],[-63.3125,45.737],[-63.3015,45.7755],[-63.4475,45.8215],[-63.439,45.8755],[-63.593,45.875],[-63.6685,45.847],[-63.806,45.8885],[-63.905,45.9805],[-64.084,46.0225],[-64.064,46.062],[-63.9055,46.058],[-63.792,46.0995],[-63.813,46.1405],[-64.0225,46.1855],[-64.1515,46.1665],[-64.2535,46.2345],[-64.514,46.2395],[-64.6275,46.3335],[-64.6135,46.4195],[-64.6685,46.471],[-64.72,46.5765],[-64.7135,46.687],[-64.865,46.783],[-64.906,46.887],[-64.8065,46.9855],[-64.8255,47.089],[-65.063,47.0905],[-65.149,47.0535],[-65.203,47.0945],[-65.3315,47.1005],[-65.1225,47.2025],[-65.043,47.275],[-64.9595,47.2945],[-64.9605,47.345],[-64.906,47.3945],[-64.868,47.4855],[-64.892,47.5615],[-64.7575,47.6865],[-64.685,47.7225],[-64.8265,47.8155],[-64.99,47.7905],[-65.0255,47.8495],[-65.2095,47.8195],[-65.3635,47.762],[-65.4775,47.6835],[-65.629,47.6705],[-65.6895,47.7245],[-65.741,47.8485],[-65.818,47.9075],[-65.971,47.924],[-66.262,48.006],[-66.319,48.011],[-66.386,48.075],[-66.5575,48.038],[-66.5155,48.108],[-66.2705,48.1165],[-66.0955,48.097],[-65.953,48.1955],[-65.784,48.1155],[-65.5035,48.052],[-65.432,48.0035],[-65.2855,48.0125],[-65.181,48.043],[-64.988,48.126],[-64.909,48.177],[-64.7795,48.204],[-64.7045,48.3235],[-64.545,48.3875],[-64.329,48.4195],[-64.32,48.456],[-64.1995,48.5205],[-64.279,48.5615],[-64.2575,48.619],[-64.162,48.6295],[-64.278,48.726],[-64.388,48.7805],[-64.5295,48.8825],[-64.3035,48.8305],[-64.217,48.828],[-64.221,48.8945],[-64.3965,49.012],[-64.6135,49.123],[-64.6885,49.1325],[-64.8225,49.189],[-64.9635,49.2195],[-65.566,49.2665],[-65.684,49.2425],[-65.883,49.2245],[-66.055,49.2245],[-66.2195,49.208],[-66.5265,49.1335],[-66.622,49.1225],[-66.8795,49.0465],[-67.1175,48.963],[-67.2925,48.9245],[-67.425,48.8735],[-67.547,48.8625],[-67.962,48.7015],[-68.0825,48.685],[-68.2055,48.642],[-68.3535,48.556],[-68.4635,48.529],[-68.5235,48.471],[-68.6385,48.432],[-68.726,48.3765],[-68.806,48.3725],[-69.0545,48.2325],[-69.1525,48.1465],[-69.324,48.0305],[-69.4455,47.992],[-69.548,47.8895],[-69.55,47.844],[-69.802,47.6225],[-69.9005,47.5455],[-70.031,47.4695],[-70.076,47.369],[-70.195,47.3155],[-70.388,47.116],[-70.535,47.0105],[-70.727,46.9565],[-70.7655,46.923],[-70.902,46.903],[-70.9735,46.862],[-71.158,46.841],[-71.205,46.787],[-71.3025,46.745],[-71.714,46.632],[-71.8455,46.6685],[-71.9605,46.615],[-72.0075,46.5715],[-72.19,46.526],[-72.2745,46.4205],[-72.496,46.3605],[-72.5565,46.3055],[-72.6705,46.2475],[-72.731,46.1765],[-72.8435,46.142],[-72.9325,46.1445],[-73.0405,46.0735],[-73.14,46.0585],[-73.2075,45.9705],[-73.2065,45.9155],[-73.2595,45.854],[-73.413,45.7515],[-73.449,45.7045],[-73.4605,45.608],[-73.522,45.54],[-73.5025,45.4635],[-73.5575,45.4145],[-73.6875,45.431],[-73.889,45.337],[-73.9645,45.268],[-74.0485,45.2325],[-74.1455,45.234],[-74.3995,45.145],[-74.4735,45.067],[-74.713,44.9995],[-74.197,45.0005],[-73.399,45.0045],[-72.302,45.01],[-71.504,45.0135],[-71.395,45.2415],[-71.2935,45.2925],[-71.1415,45.2525],[-71.0165,45.343],[-70.9515,45.332],[-70.907,45.246],[-70.8355,45.31],[-70.834,45.393],[-70.772,45.43],[-70.6965,45.3885],[-70.6505,45.4275],[-70.723,45.471],[-70.687,45.5725],[-70.5895,45.652],[-70.4075,45.7315],[-70.417,45.794],[-70.2625,45.923],[-70.317,45.999],[-70.3115,46.072],[-70.244,46.141],[-70.281,46.212],[-70.1885,46.3585],[-70.0745,46.4195],[-70.008,46.704],[-69.8095,46.9015],[-69.2675,47.44],[-69.222,47.4595],[-69.0695,47.432],[-69.04,47.249],[-68.906,47.19],[-68.762,47.237],[-68.644,47.2455],[-68.5395,47.3],[-68.3855,47.3015],[-68.2995,47.368],[-68.197,47.3415],[-67.9625,47.1975],[-67.805,47.0355],[-67.7895,46.229],[-67.7845,45.96],[-67.799,45.8755],[-67.773,45.828],[-67.811,45.7665],[-67.8,45.7],[-67.7175,45.6855],[-67.6605,45.6375],[-67.552,45.6105],[-67.45,45.611],[-67.426,45.5335],[-67.493,45.493],[-67.429,45.387],[-67.475,45.2825],[-67.3565,45.166],[-67.2425,45.2025],[-67.176,45.1785]]],[[[-54.1225,47.6425],[-54.24,47.5645],[-54.2595,47.4855],[-54.3505,47.4225],[-54.244,47.4075],[-54.1565,47.5335],[-54.1225,47.6425]]],[[[-55.925,47.6775],[-56.0835,47.666],[-56.0975,47.63],[-55.957,47.606],[-55.925,47.6775]]],[[[-53.5675,48.191],[-53.6495,48.157],[-53.7045,48.1515],[-53.77,48.177],[-53.9285,48.1835],[-53.875,48.1065],[-53.5655,48.082],[-53.524,48.1445],[-53.5675,48.191]]],[[[-54.8835,49.555],[-54.781,49.5],[-54.6995,49.542],[-54.546,49.585],[-54.558,49.6535],[-54.7325,49.555],[-54.8835,49.555]]],[[[-54.277,49.5755],[-54.1155,49.6165],[-54.0165,49.668],[-54.092,49.7505],[-54.244,49.726],[-54.3075,49.672],[-54.277,49.5755]]],[[[-55.5105,50.805],[-55.6235,50.761],[-55.5825,50.699],[-55.4655,50.7675],[-55.5105,50.805]]],[[[-55.528,50.9725],[-55.639,50.9615],[-55.588,50.896],[-55.528,50.9725]]],[[[-52.629,47.5265],[-52.677,47.561],[-52.655,47.652],[-52.718,47.6705],[-52.704,47.756],[-52.7985,47.788],[-52.861,47.6085],[-52.9115,47.5565],[-53.114,47.4305],[-53.184,47.5125],[-53.184,47.561],[-53.2435,47.5925],[-53.156,47.6835],[-53.1725,47.7495],[-53.063,47.8695],[-53.0535,47.9325],[-52.967,48.0015],[-52.954,48.046],[-52.866,48.124],[-52.9525,48.153],[-53.0295,48.071],[-53.148,48.0645],[-53.2765,48.0165],[-53.365,47.887],[-53.4095,47.8695],[-53.4985,47.7465],[-53.4805,47.6925],[-53.5605,47.624],[-53.554,47.5395],[-53.605,47.5395],[-53.738,47.6195],[-53.847,47.707],[-53.7415,47.818],[-53.6215,48.005],[-53.684,48.0805],[-53.905,48.085],[-53.9415,48.1765],[-53.904,48.237],[-53.845,48.191],[-53.7545,48.1935],[-53.6395,48.1695],[-53.541,48.24],[-53.3885,48.286],[-53.3555,48.3605],[-53.27,48.3825],[-53.1875,48.3555],[-53.0585,48.436],[-52.983,48.604],[-53.025,48.66],[-53.143,48.6365],[-53.259,48.5265],[-53.342,48.6125],[-53.414,48.624],[-53.5215,48.462],[-53.7005,48.5285],[-53.8455,48.395],[-53.8555,48.475],[-53.7875,48.5025],[-53.7745,48.551],[-53.9035,48.568],[-53.704,48.661],[-53.75,48.712],[-53.8935,48.632],[-53.9415,48.661],[-53.945,48.7285],[-53.878,48.748],[-53.895,48.8415],[-54.1625,48.771],[-54.137,48.8215],[-53.9945,48.8345],[-53.924,48.9175],[-53.8115,48.935],[-53.7775,48.988],[-53.8345,49.0235],[-53.609,49.0435],[-53.566,49.126],[-53.4535,49.242],[-53.679,49.367],[-54.041,49.481],[-54.139,49.453],[-54.1605,49.4005],[-54.2595,49.425],[-54.373,49.4225],[-54.4165,49.3515],[-54.4795,49.4005],[-54.452,49.477],[-54.5445,49.529],[-54.6365,49.447],[-54.743,49.32],[-54.8725,49.297],[-55.054,49.2945],[-55.223,49.2645],[-55.213,49.3905],[-55.128,49.4665],[-55.1555,49.5495],[-55.315,49.5345],[-55.2675,49.48],[-55.2665,49.361],[-55.329,49.39],[-55.37,49.5065],[-55.5825,49.4725],[-55.645,49.3905],[-55.9385,49.6095],[-55.868,49.6685],[-55.8975,49.719],[-56.038,49.6735],[-56.069,49.6985],[-55.808,49.802],[-55.715,49.822],[-55.576,49.9015],[-55.495,49.919],[-55.5705,49.977],[-55.6665,49.976],[-55.7225,49.931],[-55.959,50.041],[-56.0725,50.011],[-56.0665,50.096],[-56.149,50.1555],[-56.317,50.0395],[-56.429,49.887],[-56.4855,49.893],[-56.5995,49.8115],[-56.7255,49.6905],[-56.882,49.771],[-56.802,49.8015],[-56.7195,49.9485],[-56.739,50.027],[-56.5235,50.1965],[-56.4625,50.277],[-56.428,50.3755],[-56.2815,50.487],[-56.233,50.5695],[-56.127,50.643],[-56.0805,50.7205],[-55.9395,50.871],[-55.873,50.9175],[-55.7435,51.07],[-55.719,51.1845],[-55.8485,51.231],[-55.911,51.2025],[-56.0185,51.218],[-56.021,51.309],[-56.0965,51.323],[-56.035,51.384],[-55.967,51.3465],[-55.805,51.3525],[-55.6855,51.3365],[-55.6175,51.3045],[-55.5665,51.39],[-55.492,51.3885],[-55.4085,51.5795],[-55.514,51.604],[-55.7255,51.5555],[-55.6785,51.501],[-55.89,51.501],[-55.843,51.5555],[-55.893,51.628],[-56.106,51.529],[-56.316,51.4675],[-56.377,51.431],[-56.4935,51.412],[-56.72,51.3195],[-56.795,51.241],[-56.795,51.138],[-56.864,51.1135],[-56.9005,51.018],[-56.98,50.988],[-56.977,50.8815],[-57.069,50.802],[-57.1655,50.753],[-57.3295,50.7135],[-57.2995,50.6495],[-57.457,50.483],[-57.5265,50.3705],[-57.5265,50.3305],[-57.61,50.1655],[-57.733,50.006],[-57.7615,49.945],[-57.94,49.7055],[-57.926,49.5895],[-57.8445,49.5065],[-57.896,49.4925],[-57.967,49.5595],[-58.0225,49.5545],[-58.186,49.4425],[-58.2285,49.371],[-58.2295,49.2685],[-58.1005,49.183],[-58.136,49.095],[-58.343,49.0605],[-58.4435,49.057],[-58.502,49.0065],[-58.5445,48.872],[-58.6665,48.726],[-58.6855,48.602],[-58.7945,48.565],[-58.847,48.5965],[-58.951,48.6075],[-58.971,48.675],[-59.207,48.5555],[-59.2365,48.473],[-59.078,48.515],[-58.838,48.5255],[-58.703,48.5545],[-58.5975,48.547],[-58.519,48.5065],[-58.406,48.4975],[-58.474,48.438],[-58.536,48.4535],[-58.674,48.3735],[-58.7235,48.3055],[-58.857,48.2165],[-58.9105,48.2],[-59.002,48.1225],[-59.1685,48.0585],[-59.2415,48.0155],[-59.399,47.8805],[-59.283,47.7595],[-59.3125,47.6625],[-59.301,47.614],[-59.2275,47.5745],[-59.1115,47.561],[-58.9215,47.6015],[-58.767,47.596],[-58.6275,47.612],[-58.5705,47.6425],[-58.2925,47.674],[-58.227,47.6565],[-58.098,47.695],[-58.0585,47.676],[-57.8475,47.6525],[-57.768,47.616],[-57.734,47.6565],[-57.628,47.602],[-57.556,47.643],[-57.3295,47.633],[-57.3145,47.5835],[-57.196,47.5985],[-57.1205,47.5675],[-56.984,47.587],[-56.851,47.5315],[-56.7775,47.5335],[-56.672,47.6265],[-56.39,47.6065],[-56.235,47.632],[-56.1375,47.6975],[-56.0495,47.705],[-55.9685,47.76],[-55.86,47.791],[-55.829,47.8965],[-55.774,47.8695],[-55.802,47.807],[-55.9035,47.6995],[-55.9145,47.659],[-55.863,47.5985],[-56.0455,47.536],[-56.1335,47.5255],[-56.106,47.4665],[-55.949,47.5125],[-55.834,47.5665],[-55.857,47.478],[-55.774,47.458],[-55.641,47.5065],[-55.611,47.455],[-55.438,47.4715],[-55.397,47.5675],[-55.47,47.627],[-55.376,47.6865],[-55.195,47.6365],[-55.1465,47.651],[-55.072,47.5975],[-54.8935,47.619],[-54.853,47.56],[-54.948,47.5105],[-55.184,47.4605],[-55.2555,47.4115],[-55.3015,47.2675],[-55.4615,47.181],[-55.487,47.1405],[-55.685,47.095],[-55.761,47.1085],[-55.87,47.075],[-55.98,46.9705],[-55.9505,46.9045],[-55.8515,46.871],[-55.6495,46.868],[-55.589,46.903],[-55.4735,46.8975],[-55.418,46.8665],[-55.251,46.919],[-55.1915,47.0225],[-55.095,47.06],[-55.074,47.157],[-54.989,47.2805],[-54.866,47.3795],[-54.7595,47.363],[-54.603,47.41],[-54.5265,47.383],[-54.4585,47.4995],[-54.411,47.5305],[-54.3265,47.6475],[-54.329,47.6965],[-54.249,47.73],[-54.179,47.879],[-54.141,47.836],[-54.0135,47.807],[-53.94,47.635],[-53.9035,47.616],[-53.886,47.5275],[-53.9235,47.454],[-53.829,47.4295],[-53.9105,47.3725],[-54.0405,47.18],[-54.1005,47.06],[-54.1505,47.0055],[-54.1975,46.886],[-54.1885,46.8285],[-54.0505,46.808],[-53.8185,46.9625],[-53.767,47.04],[-53.725,47.047],[-53.5725,47.162],[-53.512,47.123],[-53.6435,46.9855],[-53.547,46.928],[-53.5985,46.906],[-53.636,46.8385],[-53.6015,46.764],[-53.6365,46.7115],[-53.623,46.656],[-53.5545,46.6185],[-53.449,46.664],[-53.374,46.735],[-53.2675,46.7145],[-53.2115,46.6355],[-53.143,46.629],[-53.067,46.6655],[-53.0315,46.736],[-52.9415,46.7915],[-52.934,46.847],[-52.8545,47.0265],[-52.869,47.1015],[-52.7855,47.3115],[-52.7305,47.3325],[-52.6565,47.437],[-52.629,47.5265]]],[[[-127.9185,51.522],[-127.9205,51.596],[-127.9815,51.652],[-128.01,51.7235],[-128.1045,51.682],[-128.1565,51.628],[-128.086,51.487],[-127.943,51.4225],[-127.8715,51.4565],[-127.9185,51.522]]],[[[-55.3525,51.8845],[-55.274,51.98],[-55.383,51.9595],[-55.4185,51.9185],[-55.3525,51.8845]]],[[[-128.1385,51.864],[-128.036,51.8435],[-127.9535,51.9875],[-127.999,52.0655],[-128.159,52.035],[-128.222,51.954],[-128.1385,51.864]]],[[[-130.9965,52.1115],[-131.114,52.146],[-131.1125,52.002],[-130.9965,52.1115]]],[[[-127.9465,52.1655],[-128.036,52.1655],[-128.0975,52.0975],[-127.94,52.09],[-127.9465,52.1655]]],[[[-128.248,52.0215],[-128.155,52.0945],[-128.1525,52.186],[-128.2365,52.1875],[-128.2965,52.106],[-128.248,52.0215]]],[[[-128.228,52.213],[-128.279,52.237],[-128.4475,52.238],[-128.5225,52.1575],[-128.4225,52.1275],[-128.3035,52.131],[-128.228,52.213]]],[[[-128.0975,52.241],[-128.0715,52.1825],[-127.932,52.176],[-127.9075,52.201],[-127.961,52.296],[-128.0555,52.3035],[-128.0975,52.241]]],[[[-127.241,52.4265],[-127.4145,52.3925],[-127.5115,52.313],[-127.6705,52.255],[-127.751,52.25],[-127.82,52.1955],[-127.878,52.0835],[-127.8885,51.9535],[-127.698,52.004],[-127.7055,52.0435],[-127.642,52.138],[-127.454,52.2375],[-127.277,52.2895],[-127.2065,52.3505],[-127.241,52.4265]]],[[[-128.618,52.4535],[-128.673,52.488],[-128.7555,52.4675],[-128.728,52.3225],[-128.6485,52.2895],[-128.613,52.3775],[-128.618,52.4535]]],[[[-128.563,52.6115],[-128.7245,52.5975],[-128.735,52.515],[-128.534,52.436],[-128.472,52.4885],[-128.525,52.598],[-128.563,52.6115]]],[[[-131.5645,52.7275],[-131.7025,52.7215],[-131.647,52.6645],[-131.467,52.636],[-131.469,52.7345],[-131.5645,52.7275]]],[[[-128.3105,52.4295],[-128.283,52.5075],[-128.3145,52.588],[-128.3185,52.6875],[-128.3715,52.7955],[-128.447,52.741],[-128.436,52.5265],[-128.3985,52.4675],[-128.464,52.4025],[-128.3785,52.378],[-128.3105,52.4295]]],[[[-128.93,52.6145],[-129.102,52.7435],[-129.257,52.828],[-129.292,52.7625],[-129.184,52.6265],[-129.06,52.524],[-128.9265,52.528],[-128.93,52.6145]]],[[[-128.3105,52.7275],[-128.255,52.6175],[-128.2005,52.7515],[-128.214,52.7955],[-128.324,52.775],[-128.3105,52.7275]]],[[[-129.304,53.036],[-129.461,53.1865],[-129.5515,53.143],[-129.4795,53.112],[-129.395,53.0005],[-129.304,53.036]]],[[[-131.1125,52.172],[-131.0855,52.2755],[-131.1425,52.316],[-131.332,52.297],[-131.3525,52.3645],[-131.4435,52.4065],[-131.4145,52.4535],[-131.661,52.5425],[-131.7295,52.7005],[-131.8335,52.726],[-131.8525,52.867],[-131.6945,52.877],[-131.619,52.92],[-131.626,52.998],[-131.8365,53.0505],[-131.613,53.0565],[-131.7025,53.1455],[-131.7845,53.166],[-131.794,53.252],[-131.904,53.2405],[-132.0655,53.1615],[-132.373,53.1325],[-132.542,53.152],[-132.5045,53.0405],[-132.231,53.0265],[-132.1455,52.9505],[-132.3425,52.9425],[-132.24,52.834],[-132.134,52.7545],[-131.9395,52.651],[-131.8825,52.576],[-131.683,52.4895],[-131.6035,52.423],[-131.5585,52.33],[-131.5175,52.33],[-131.38,52.203],[-131.293,52.147],[-131.175,52.1245],[-131.1125,52.172]]],[[[-128.804,52.7005],[-128.7785,52.73],[-128.7485,52.913],[-128.651,52.909],[-128.711,52.8365],[-128.7485,52.745],[-128.7555,52.604],[-128.6055,52.611],[-128.5325,52.8465],[-128.5385,53.0195],[-128.6345,53.163],[-128.7045,53.1745],[-128.905,53.2935],[-129.078,53.303],[-129.0905,53.0885],[-129.19,53.0235],[-129.177,52.937],[-129.057,52.741],[-128.9275,52.673],[-128.8565,52.659],[-128.804,52.7005]]],[[[-129.2935,53.108],[-129.134,53.12],[-129.184,53.3135],[-129.324,53.221],[-129.3315,53.132],[-129.2935,53.108]]],[[[-128.9135,53.4065],[-129.0215,53.532],[-129.148,53.3635],[-129.1185,53.3205],[-129.013,53.3405],[-128.928,53.328],[-128.9135,53.4065]]],[[[-129.743,53.2355],[-129.974,53.458],[-130.2615,53.5805],[-130.496,53.639],[-130.5305,53.56],[-130.4345,53.5165],[-130.3145,53.393],[-130.222,53.3855],[-130.086,53.3125],[-129.9395,53.169],[-129.7485,53.17],[-129.743,53.2355]]],[[[-129.166,53.3855],[-129.0915,53.4505],[-129.094,53.509],[-128.9805,53.5845],[-128.8845,53.576],[-128.842,53.716],[-129.0605,53.6845],[-129.16,53.627],[-129.166,53.3855]]],[[[-130.4065,53.687],[-130.332,53.624],[-130.0915,53.5705],[-130.1385,53.703],[-130.291,53.7555],[-130.4065,53.687]]],[[[-130.253,53.8925],[-130.291,53.838],[-130.204,53.801],[-130.2025,53.7305],[-130.0985,53.708],[-130.0975,53.6615],[-130.0305,53.5815],[-129.933,53.6005],[-129.872,53.536],[-129.897,53.478],[-129.8185,53.4595],[-129.797,53.3785],[-129.6595,53.3095],[-129.5675,53.2155],[-129.483,53.224],[-129.459,53.295],[-129.3365,53.3605],[-129.427,53.435],[-129.675,53.5925],[-129.831,53.7355],[-130.0305,53.848],[-130.196,53.9165],[-130.253,53.8925]]],[[[-130.4475,53.982],[-130.453,53.899],[-130.352,53.838],[-130.2315,53.974],[-130.3925,54.0955],[-130.674,53.989],[-130.5445,53.9105],[-130.4715,53.91],[-130.4475,53.982]]],[[[-132.5795,53.207],[-132.4695,53.152],[-132.4005,53.148],[-132.245,53.1965],[-132.2245,53.2305],[-132.008,53.2535],[-131.908,53.358],[-131.9425,53.5215],[-131.9335,53.6185],[-131.8765,53.718],[-131.8705,53.783],[-131.6935,53.992],[-131.6705,54.079],[-131.709,54.1185],[-131.9165,54.04],[-132.0465,54.0225],[-132.1305,54.0335],[-132.0785,53.8925],[-132.194,53.774],[-132.159,53.7],[-132.2025,53.6555],[-132.296,53.6735],[-132.3815,53.648],[-132.567,53.6595],[-132.525,53.704],[-132.374,53.762],[-132.2405,53.777],[-132.114,53.8815],[-132.1485,53.9925],[-132.234,54.035],[-132.2965,54.1125],[-132.407,54.0995],[-132.5445,54.04],[-132.5755,54.1185],[-132.649,54.1415],[-132.8345,54.128],[-132.969,54.1685],[-133.0405,54.1645],[-133.0865,54.1045],[-133.038,54.044],[-133.1445,53.897],[-133.018,53.7555],[-132.9355,53.7005],[-132.984,53.667],[-132.891,53.6195],[-132.929,53.5225],[-132.8425,53.469],[-132.7575,53.468],[-132.518,53.4125],[-132.5315,53.365],[-132.7135,53.37],[-132.7575,53.317],[-132.571,53.2355],[-132.5795,53.207]]],[[[-130.654,54.1185],[-130.7565,54.2145],[-130.805,54.1735],[-130.654,54.1185]]],[[[-130.743,54.6055],[-130.917,54.63],[-130.962,54.54],[-130.962,54.455],[-130.777,54.5505],[-130.743,54.6055]]],[[[-130.592,54.742],[-130.462,54.712],[-130.4345,54.7695],[-130.51,54.805],[-130.592,54.742]]],[[[-57.8715,54.818],[-57.9945,54.8315],[-57.9415,54.9255],[-58.225,54.853],[-58.157,54.764],[-58.0225,54.7565],[-57.8715,54.818]]],[[[-130.431,54.79],[-130.371,54.7815],[-130.2585,54.843],[-130.15,54.9695],[-130.2545,54.9695],[-130.4615,54.8315],[-130.431,54.79]]],[[[-60.749,55.9345],[-60.852,55.962],[-60.865,55.866],[-60.745,55.887],[-60.749,55.9345]]],[[[-61.0095,56.044],[-60.9615,56.105],[-61.133,56.149],[-61.174,56.0325],[-61.0095,56.044]]],[[[-61.4135,56.3735],[-61.4825,56.4085],[-61.7085,56.3635],[-61.462,56.319],[-61.4135,56.3735]]],[[[-61.229,56.4555],[-61.33,56.5155],[-61.379,56.452],[-61.229,56.4555]]],[[[-61.2155,56.5855],[-61.0715,56.626],[-61.163,56.676],[-61.235,56.6265],[-61.2155,56.5855]]],[[[-61.6295,56.8465],[-61.647,56.744],[-61.4535,56.626],[-61.373,56.692],[-61.4015,56.78],[-61.3525,56.86],[-61.462,56.9555],[-61.6055,56.8875],[-61.6295,56.8465]]],[[[-61.613,57.4155],[-61.6705,57.4675],[-61.6335,57.511],[-61.723,57.5385],[-61.8315,57.4695],[-61.849,57.415],[-61.683,57.3995],[-61.613,57.4155]]],[[[-61.8525,57.586],[-62.017,57.518],[-61.929,57.456],[-61.794,57.5075],[-61.8525,57.586]]],[[[-61.9005,57.7645],[-61.745,57.713],[-61.678,57.728],[-61.654,57.79],[-61.695,57.833],[-61.8005,57.845],[-61.9005,57.7645]]],[[[-61.9315,57.7955],[-61.872,57.84],[-61.921,57.9095],[-62.041,57.894],[-62.106,57.8385],[-61.9315,57.7955]]],[[[-69.102,59.1315],[-69.235,59.153],[-69.354,59.1405],[-69.286,59.07],[-69.3635,58.9635],[-69.2315,58.9805],[-69.065,59.0945],[-69.102,59.1315]]],[[[-64.079,59.7995],[-64.1915,59.7335],[-64.107,59.7035],[-64.001,59.724],[-63.9855,59.771],[-64.079,59.7995]]],[[[-108.0055,67.372],[-107.889,67.406],[-107.8815,67.4675],[-108.1375,67.423],[-108.0055,67.372]]],[[[-108.287,67.536],[-108.458,67.5735],[-108.499,67.536],[-108.3825,67.4675],[-108.287,67.536]]],[[[-108.1285,67.6455],[-108.107,67.5745],[-107.9225,67.5495],[-107.985,67.6455],[-108.1285,67.6455]]],[[[-108.0535,67.955],[-108.2085,67.9495],[-108.248,67.883],[-108.122,67.879],[-108.0535,67.955]]],[[[-108.9105,67.92],[-108.9825,67.9815],[-109.139,67.933],[-108.941,67.876],[-108.9105,67.92]]],[[[-110.836,68.5505],[-111.034,68.5095],[-110.9025,68.47],[-110.7325,68.4885],[-110.836,68.5505]]],[[[-104.49,68.516],[-104.6815,68.5785],[-104.889,68.5875],[-105.062,68.5495],[-104.9015,68.458],[-104.655,68.398],[-104.4295,68.445],[-104.49,68.516]]],[[[-101.694,68.7705],[-101.9795,68.826],[-102.073,68.761],[-102.313,68.6885],[-102.2905,68.6635],[-101.829,68.5785],[-101.6795,68.674],[-101.694,68.7705]]],[[[-100.207,68.804],[-100.154,68.9235],[-100.2285,68.929],[-100.404,69.0295],[-100.5375,69.042],[-100.6315,68.9955],[-100.6225,68.7725],[-100.3635,68.722],[-100.207,68.804]]],[[[-100.0425,69.085],[-100.2385,69.0845],[-100.2275,68.9995],[-100.0085,68.9485],[-99.986,69.0175],[-100.0425,69.085]]],[[[-135.567,69.386],[-135.373,69.3435],[-135.3535,69.397],[-135.567,69.386]]],[[[-100.9815,69.482],[-101.26,69.5805],[-101.3795,69.5405],[-101.257,69.4325],[-101.115,69.4075],[-100.9815,69.482]]],[[[-96.555,69.479],[-96.385,69.45],[-96.3145,69.3935],[-96.151,69.366],[-96.102,69.4895],[-96.1485,69.5625],[-96.3225,69.5315],[-96.384,69.5625],[-96.637,69.558],[-96.555,69.479]]],[[[-95.9445,69.421],[-95.9925,69.3595],[-95.8845,69.344],[-95.78,69.4685],[-95.6555,69.4095],[-95.7115,69.322],[-95.5335,69.3315],[-95.413,69.3865],[-95.381,69.5235],[-95.6295,69.62],[-95.801,69.633],[-95.923,69.5915],[-96.0115,69.483],[-95.9445,69.421]]],[[[-139.1135,69.654],[-139.26,69.5855],[-139.1725,69.5415],[-138.87,69.592],[-139.1135,69.654]]],[[[-95.215,68.862],[-95.3955,68.8985],[-95.571,68.835],[-95.8455,68.8905],[-95.866,68.98],[-95.9795,69.0505],[-95.952,69.1395],[-96.171,69.263],[-96.22,69.314],[-96.534,69.4285],[-96.8935,69.4975],[-97.225,69.6825],[-97.367,69.6205],[-97.493,69.674],[-97.3425,69.709],[-97.475,69.777],[-97.6765,69.8085],[-97.727,69.8585],[-97.925,69.896],[-98.1,69.82],[-98.2195,69.7975],[-98.329,69.702],[-98.3695,69.5685],[-98.596,69.558],[-98.608,69.4425],[-98.411,69.3525],[-98.393,69.318],[-98.555,69.277],[-98.653,69.301],[-98.713,69.202],[-98.9245,69.1775],[-99.0065,69.139],[-99.3095,69.159],[-99.4915,69.121],[-99.5915,69.041],[-99.417,68.8905],[-99.182,68.8315],[-99.0425,68.866],[-99.1105,68.907],[-98.97,68.9545],[-98.8195,68.9275],[-98.8635,68.8345],[-98.7175,68.7915],[-98.584,68.7945],[-98.5225,68.7505],[-98.255,68.826],[-98.2685,68.7405],[-98.1035,68.674],[-97.9935,68.6965],[-97.7605,68.652],[-97.562,68.5645],[-97.159,68.518],[-97.037,68.554],[-96.713,68.4785],[-96.5205,68.4475],[-96.296,68.48],[-95.9995,68.6255],[-95.8815,68.6105],[-95.8075,68.7295],[-95.595,68.756],[-95.439,68.7395],[-95.275,68.8],[-95.215,68.862]]],[[[-100.3515,70.4895],[-100.3445,70.61],[-100.4865,70.6815],[-100.666,70.63],[-100.6555,70.5515],[-100.3515,70.4895]]],[[[-100.872,69.808],[-100.961,69.9385],[-100.9265,70.017],[-100.99,70.0785],[-100.9955,70.175],[-101.126,70.1955],[-101.255,70.14],[-101.5825,70.1325],[-101.644,70.225],[-101.584,70.2725],[-101.693,70.3085],[-101.953,70.2695],[-102.126,70.345],[-102.4095,70.4255],[-102.851,70.5165],[-102.8595,70.5965],[-102.989,70.651],[-103.161,70.661],[-103.125,70.576],[-103.5375,70.5995],[-103.8435,70.743],[-104.024,70.7845],[-104.105,70.898],[-104.591,71.073],[-104.648,71.1195],[-104.459,71.213],[-104.497,71.326],[-104.2825,71.364],[-104.319,71.4695],[-104.4075,71.5105],[-104.3805,71.6],[-104.6855,71.8295],[-104.8145,71.862],[-104.8405,71.9465],[-105.039,72.114],[-104.9595,72.1785],[-105.277,72.44],[-105.196,72.484],[-105.3465,72.6205],[-105.2895,72.6545],[-105.4565,72.703],[-105.3325,72.751],[-105.607,72.95],[-105.754,72.976],[-105.8295,73.0515],[-106.049,73.0535],[-106.234,73.087],[-106.471,73.1895],[-106.676,73.2295],[-106.8235,73.3095],[-107.005,73.3065],[-107.1725,73.195],[-107.454,73.2885],[-107.662,73.3285],[-108.0135,73.355],[-108.124,73.316],[-108.0535,73.238],[-108.259,73.176],[-108.2985,73.134],[-108.1565,73.0525],[-108.1425,72.8885],[-108.0055,72.703],[-107.8755,72.5735],[-107.8935,72.4735],[-107.718,72.3025],[-107.795,72.251],[-107.779,72.1415],[-107.635,72.1275],[-107.6185,72.019],[-107.4225,71.977],[-107.4165,71.929],[-107.2515,71.9015],[-107.5635,71.775],[-107.6685,71.708],[-107.985,71.635],[-107.992,71.6835],[-108.287,71.7985],[-108.2945,71.8815],[-108.1885,71.9495],[-108.4165,71.9905],[-108.4135,72.127],[-108.54,72.1485],[-108.5345,72.2025],[-108.663,72.361],[-108.5895,72.504],[-108.6335,72.5655],[-108.868,72.606],[-109.023,72.568],[-109.058,72.689],[-109.1835,72.767],[-109.376,72.7715],[-109.7525,72.881],[-109.6225,72.916],[-110.0765,72.996],[-110.7035,73.009],[-110.6825,72.929],[-110.4835,72.839],[-110.2305,72.8245],[-110.107,72.7635],[-109.8,72.731],[-109.876,72.6755],[-110.043,72.721],[-110.1705,72.6895],[-109.957,72.608],[-109.7875,72.5045],[-110.0495,72.4395],[-110.24,72.528],[-110.4295,72.528],[-110.729,72.5715],[-111.0865,72.4085],[-111.407,72.426],[-111.574,72.3885],[-111.6645,72.292],[-111.9045,72.3465],[-111.8545,72.3815],[-111.5645,72.441],[-111.4935,72.5105],[-111.2895,72.566],[-111.2195,72.724],[-111.466,72.752],[-111.552,72.8065],[-112.0775,72.898],[-112.373,72.9145],[-112.534,72.961],[-113.015,73.016],[-113.1925,72.9935],[-113.391,72.9115],[-113.604,72.7775],[-113.4435,72.752],[-113.559,72.699],[-113.801,72.6405],[-113.885,72.662],[-114.126,72.6365],[-114.322,72.592],[-114.473,72.6245],[-114.3145,72.674],[-114.356,72.7465],[-114.241,72.7925],[-114.023,72.798],[-114.0495,72.9705],[-113.962,73.123],[-114.0225,73.212],[-114.265,73.3355],[-114.5845,73.3845],[-114.9075,73.32],[-115.5705,73.202],[-115.764,73.1865],[-116.201,73.119],[-116.644,73.035],[-116.895,72.9675],[-117.3695,72.918],[-117.5955,72.798],[-117.8675,72.7015],[-118.19,72.6355],[-118.513,72.5105],[-118.5935,72.4285],[-118.429,72.3465],[-118.242,72.3465],[-118.125,72.3095],[-118.128,72.227],[-118.678,72.1425],[-118.7475,72.053],[-119.0545,71.9355],[-119.1375,71.7745],[-119.051,71.627],[-118.927,71.5895],[-118.833,71.663],[-118.4885,71.6585],[-118.356,71.593],[-118.205,71.5985],[-118.0765,71.665],[-117.773,71.586],[-117.7835,71.529],[-118.1275,71.5385],[-118.253,71.5025],[-118.309,71.432],[-118.162,71.379],[-117.709,71.387],[-117.5515,71.374],[-117.2255,71.4015],[-117.048,71.4375],[-116.821,71.4325],[-116.553,71.479],[-116.185,71.5005],[-115.8235,71.548],[-115.608,71.5555],[-115.419,71.452],[-115.742,71.5105],[-116.0475,71.4445],[-115.904,71.3935],[-116.8065,71.291],[-116.9,71.24],[-117.0955,71.244],[-117.475,71.1855],[-117.798,71.1705],[-118.3865,71.022],[-118.411,70.9745],[-118.187,70.8395],[-117.709,70.695],[-117.698,70.6355],[-117.5855,70.6065],[-117.374,70.6285],[-116.9885,70.6025],[-116.683,70.6085],[-116.5835,70.6335],[-116.2335,70.6395],[-116.0385,70.579],[-115.729,70.6065],[-115.581,70.58],[-115.2415,70.611],[-115.0435,70.604],[-114.8735,70.628],[-114.5065,70.6445],[-114.3465,70.6865],[-114.183,70.668],[-113.9885,70.716],[-113.7195,70.692],[-113.5615,70.643],[-113.207,70.648],[-112.926,70.5655],[-112.7255,70.569],[-112.584,70.527],[-112.144,70.494],[-112.0695,70.4145],[-111.809,70.352],[-111.567,70.36],[-111.7165,70.262],[-111.9375,70.2635],[-112.261,70.3095],[-112.3915,70.25],[-112.5865,70.2],[-112.9645,70.2535],[-112.9935,70.2315],[-113.477,70.2835],[-113.6425,70.2625],[-114.0385,70.281],[-114.1845,70.3155],[-114.5095,70.3155],[-114.7625,70.2915],[-115.637,70.248],[-116.0325,70.2205],[-116.5115,70.1635],[-116.965,70.129],[-117.358,70.0465],[-117.442,69.9895],[-117.2835,69.8295],[-117.252,69.764],[-117.0975,69.7045],[-116.859,69.654],[-116.928,69.606],[-116.8115,69.575],[-116.6195,69.5715],[-116.5575,69.496],[-116.6325,69.462],[-116.4315,69.4035],[-115.975,69.3],[-115.189,69.2425],[-115.0295,69.282],[-114.8555,69.253],[-114.3975,69.288],[-114.132,69.2505],[-113.584,69.201],[-113.7005,69.1635],[-113.569,69.057],[-113.572,68.965],[-113.672,68.91],[-113.6555,68.8005],[-113.472,68.713],[-113.3505,68.5915],[-113.1035,68.537],[-113.244,68.4545],[-112.898,68.475],[-112.749,68.463],[-112.5835,68.5095],[-112.247,68.516],[-111.531,68.544],[-111.251,68.5195],[-111.1095,68.5805],[-110.98,68.5485],[-110.605,68.617],[-110.4445,68.6115],[-110.376,68.5765],[-110.2285,68.628],[-109.9865,68.625],[-109.6245,68.6415],[-109.3475,68.698],[-108.9515,68.7425],[-108.565,68.876],[-108.5395,68.947],[-108.2315,68.933],[-107.941,68.941],[-107.475,68.993],[-107.335,69.0255],[-107.1685,69.137],[-107.028,69.1625],[-106.9265,69.239],[-106.9925,69.327],[-106.9635,69.3625],[-106.767,69.376],[-106.744,69.439],[-106.584,69.5035],[-106.32,69.4045],[-106.274,69.288],[-106.386,69.246],[-106.412,69.188],[-106.204,69.15],[-105.968,69.1495],[-105.886,69.1765],[-105.5485,69.154],[-105.458,69.101],[-105.257,69.094],[-104.917,69.048],[-105.1465,69.002],[-105.255,68.951],[-105.123,68.8965],[-104.5935,68.8645],[-104.447,68.9415],[-104.2535,68.9415],[-104.198,68.8815],[-103.962,68.866],[-103.383,68.7825],[-103.3315,68.831],[-103.1635,68.843],[-103.0145,68.8015],[-102.523,68.8655],[-102.386,68.9275],[-101.9645,68.9695],[-101.8115,69.0065],[-101.866,69.044],[-101.7685,69.123],[-101.7715,69.194],[-101.949,69.261],[-102.1395,69.195],[-102.236,69.263],[-102.038,69.288],[-102.1105,69.333],[-101.939,69.4205],[-102.055,69.4845],[-102.2825,69.5035],[-102.464,69.4805],[-102.5475,69.4135],[-102.837,69.387],[-103.046,69.2025],[-103.037,69.366],[-102.9895,69.421],[-103.041,69.5155],[-103.51,69.6195],[-103.479,69.6765],[-103.2975,69.6945],[-103.1575,69.617],[-102.784,69.537],[-102.5095,69.564],[-102.487,69.6905],[-102.5825,69.7435],[-102.4905,69.787],[-102.297,69.7975],[-102.236,69.853],[-102.025,69.8085],[-101.707,69.691],[-101.43,69.767],[-101.3285,69.6795],[-100.9645,69.6645],[-100.872,69.808]]],[[[-72.949,66.7345],[-73.0985,66.7275],[-73.332,66.6635],[-73.4555,66.5505],[-73.7145,66.46],[-74.082,66.3],[-74.3455,66.226],[-74.472,66.1485],[-74.4205,66.0835],[-74.206,65.9805],[-74.0125,65.855],[-73.718,65.7745],[-73.6805,65.665],[-73.496,65.494],[-73.6735,65.4595],[-73.739,65.517],[-73.8805,65.5355],[-74.1795,65.5285],[-74.287,65.4805],[-74.3445,65.412],[-74.503,65.3435],[-74.609,65.336],[-74.6945,65.3775],[-74.872,65.398],[-74.9785,65.3785],[-75.1055,65.2785],[-75.2155,65.254],[-75.55,65.277],[-75.7155,65.309],[-75.949,65.3225],[-75.908,65.261],[-75.8,65.251],[-75.562,65.169],[-75.407,65.0625],[-75.371,64.9845],[-75.373,64.836],[-75.599,64.8705],[-75.414,64.9805],[-75.4525,65.0785],[-75.7395,65.159],[-75.7575,65.214],[-76.0175,65.282],[-76.1205,65.2885],[-76.677,65.411],[-76.831,65.431],[-77.0895,65.416],[-77.2365,65.474],[-77.4355,65.4595],[-77.312,65.398],[-77.456,65.385],[-77.514,65.326],[-77.313,65.2],[-77.5175,65.145],[-77.6295,65.1485],[-77.758,65.0965],[-77.9635,65.052],[-78.144,64.9575],[-78.073,64.816],[-78.188,64.753],[-78.162,64.638],[-78.185,64.5865],[-77.97,64.466],[-78.011,64.428],[-77.758,64.343],[-77.6625,64.3775],[-77.381,64.315],[-77.351,64.241],[-77.133,64.301],[-77.0175,64.259],[-76.689,64.1915],[-76.728,64.296],[-76.4965,64.278],[-76.3175,64.281],[-76.356,64.3465],[-76.071,64.3665],[-75.9785,64.4065],[-75.862,64.3775],[-75.75,64.4595],[-75.707,64.5795],[-75.3585,64.5115],[-75.238,64.455],[-74.926,64.435],[-74.8515,64.3965],[-74.713,64.382],[-74.5365,64.4315],[-74.6465,64.5345],[-74.4685,64.562],[-74.5915,64.631],[-74.7965,64.701],[-74.8685,64.783],[-74.74,64.8445],[-74.5705,64.8415],[-74.7085,64.74],[-74.5505,64.631],[-74.2925,64.622],[-74.227,64.668],[-74.084,64.641],[-74.0025,64.5825],[-74.1145,64.341],[-73.996,64.3295],[-73.9565,64.457],[-73.8415,64.4875],[-73.8915,64.554],[-73.664,64.5635],[-73.4525,64.5915],[-73.482,64.515],[-73.3975,64.491],[-73.482,64.405],[-73.4165,64.374],[-73.3865,64.2815],[-73.2595,64.314],[-73.13,64.2915],[-73.0845,64.199],[-72.9055,64.1655],[-72.8755,64.094],[-72.942,64.068],[-72.779,64.016],[-72.598,63.867],[-72.4055,63.8285],[-72.32,63.7805],[-72.3175,63.679],[-72.214,63.6775],[-72.191,63.7745],[-72.0555,63.685],[-71.9315,63.687],[-71.8275,63.7795],[-71.5655,63.691],[-71.583,63.5925],[-71.277,63.566],[-71.686,63.4245],[-72.0365,63.4525],[-72.0805,63.404],[-71.747,63.381],[-71.7665,63.284],[-71.6885,63.174],[-71.498,63.1235],[-71.3725,63.0485],[-71.207,63.017],[-71.1965,63.0645],[-71.029,63.0785],[-71.01,62.997],[-70.8295,62.897],[-70.493,62.8665],[-70.3835,62.801],[-70.2405,62.754],[-70.07,62.7475],[-69.939,62.801],[-69.877,62.7595],[-69.627,62.791],[-69.4985,62.7465],[-69.587,62.6575],[-69.445,62.5535],[-69.3495,62.5685],[-69.2885,62.4935],[-69.027,62.38],[-68.9615,62.387],[-68.5535,62.2495],[-67.981,62.212],[-67.674,62.1575],[-67.4005,62.15],[-67.3275,62.078],[-67.2245,62.0985],[-67.1245,62.0435],[-67.0235,62.054],[-66.7735,62.017],[-66.615,61.965],[-66.555,61.9075],[-66.2745,61.858],[-65.9505,61.897],[-66.1065,62.0235],[-66.1285,62.0885],[-65.93,62.198],[-65.987,62.242],[-66.18,62.242],[-66.156,62.308],[-66.302,62.351],[-66.4405,62.445],[-66.5515,62.5605],[-66.773,62.6365],[-66.7595,62.684],[-66.981,62.6575],[-66.982,62.703],[-67.198,62.877],[-67.294,62.9],[-67.394,62.964],[-67.5295,62.9995],[-67.537,63.045],[-67.6325,63.103],[-67.7985,63.089],[-68.0595,63.166],[-68.147,63.1605],[-68.4035,63.376],[-68.7605,63.555],[-68.8275,63.6505],[-68.99,63.7405],[-68.928,63.7605],[-68.7735,63.7305],[-68.7175,63.753],[-68.496,63.7405],[-68.4005,63.664],[-68.2465,63.61],[-68.1205,63.6025],[-67.869,63.4635],[-67.827,63.408],[-67.6845,63.4335],[-67.7835,63.531],[-67.8145,63.651],[-67.6895,63.633],[-67.6185,63.558],[-67.533,63.521],[-67.5005,63.443],[-67.3715,63.4045],[-67.24,63.3215],[-67.0125,63.288],[-67.0035,63.227],[-66.8865,63.162],[-66.8115,63.165],[-66.698,63.0385],[-66.519,63.0775],[-66.4185,63.0075],[-66.2795,62.9935],[-66.1905,62.9515],[-66.0535,63],[-65.9095,62.973],[-65.8855,62.9315],[-65.666,62.9125],[-65.604,62.825],[-65.4365,62.8225],[-65.2725,62.788],[-65.35,62.707],[-65.246,62.606],[-65.1695,62.5685],[-65.008,62.6145],[-64.9625,62.6625],[-65.015,62.7355],[-65.2035,62.8955],[-65.1005,62.959],[-64.887,62.8695],[-64.7515,62.8695],[-64.628,62.911],[-64.6935,62.957],[-64.826,62.9655],[-64.765,63.055],[-64.8195,63.142],[-64.9315,63.184],[-65.06,63.178],[-65.028,63.2495],[-64.909,63.288],[-64.9465,63.36],[-65.06,63.4525],[-65.0995,63.5495],[-64.9315,63.5715],[-64.8405,63.486],[-64.7715,63.329],[-64.631,63.242],[-64.4845,63.288],[-64.5075,63.422],[-64.5595,63.562],[-64.505,63.644],[-64.676,63.7405],[-64.9295,63.7775],[-64.9915,63.8285],[-64.8955,63.8975],[-64.6465,63.9755],[-64.663,64.028],[-64.9225,64.014],[-65.193,64.022],[-65.0765,64.0835],[-65.3075,64.1935],[-65.294,64.227],[-65.4365,64.274],[-65.269,64.2955],[-65.1785,64.3475],[-65.2385,64.4055],[-65.094,64.4195],[-65.081,64.479],[-65.456,64.488],[-65.726,64.515],[-65.7135,64.6035],[-65.5865,64.649],[-65.583,64.757],[-65.824,64.883],[-65.8735,64.87],[-65.8955,64.7325],[-66.0125,64.7545],[-66.2085,64.897],[-66.4535,64.9295],[-66.5395,65.0135],[-66.6495,64.97],[-66.685,64.8645],[-66.8115,65.0625],[-66.9675,65.0865],[-66.936,65.216],[-67.098,65.203],[-67.169,65.2685],[-67.0605,65.4535],[-67.433,65.5035],[-67.2595,65.5355],[-67.3415,65.583],[-67.273,65.645],[-67.455,65.679],[-67.7355,65.6385],[-67.809,65.586],[-67.927,65.62],[-67.869,65.686],[-67.925,65.757],[-68.0955,65.796],[-68.1605,65.872],[-68.137,65.9265],[-68.335,65.9325],[-68.2815,66.017],[-68.124,66.027],[-68.0815,66.0775],[-68.15,66.1175],[-68.3895,66.136],[-68.399,66.187],[-68.2585,66.2185],[-68.216,66.146],[-67.992,66.0945],[-68.0255,65.995],[-67.923,65.903],[-67.81,65.8785],[-67.5175,65.911],[-67.17,65.9325],[-67.301,65.996],[-67.2935,66.1115],[-67.4355,66.1385],[-67.753,66.2545],[-67.7045,66.2925],[-67.8525,66.4135],[-67.822,66.467],[-67.575,66.419],[-67.4195,66.3055],[-67.303,66.2805],[-67.1465,66.3785],[-67.143,66.4405],[-67.3785,66.549],[-67.195,66.5375],[-67.1905,66.495],[-66.9615,66.541],[-66.8485,66.5905],[-66.7305,66.3735],[-66.472,66.344],[-66.5465,66.2825],[-66.521,66.2185],[-66.389,66.207],[-66.326,66.269],[-66.148,66.1405],[-65.959,66.1145],[-65.779,66.173],[-65.6725,66.1685],[-65.9605,66.0525],[-65.8995,65.9535],[-65.7515,65.971],[-65.393,65.982],[-64.9635,66.076],[-64.8505,66.12],[-64.7955,66.2345],[-64.717,66.2245],[-64.778,66.103],[-64.9095,66.0055],[-65.0605,65.984],[-65.3535,65.914],[-65.503,65.767],[-65.377,65.7745],[-65.454,65.6795],[-65.3015,65.6295],[-65.2935,65.5605],[-65.1145,65.5045],[-65.132,65.425],[-65.0725,65.3885],[-64.8705,65.428],[-64.676,65.4005],[-64.888,65.3555],[-64.902,65.282],[-64.7975,65.2395],[-64.6915,65.2425],[-64.731,65.159],[-64.5365,65.109],[-64.462,65.206],[-64.4775,65.275],[-64.392,65.304],[-64.3745,65.1795],[-64.1785,65.1765],[-64.255,65.1185],[-64.153,65.0555],[-64.073,65.12],[-63.885,65.086],[-63.7565,64.966],[-63.655,64.9185],[-63.524,64.903],[-63.5315,64.973],[-63.405,65.033],[-63.4485,65.158],[-63.4085,65.2],[-63.4565,65.285],[-63.3735,65.33],[-63.4975,65.371],[-63.424,65.4335],[-63.602,65.5325],[-63.3665,65.5385],[-63.3185,65.5965],[-63.3295,65.7415],[-63.16,65.649],[-62.897,65.65],[-62.785,65.595],[-62.594,65.664],[-62.589,65.724],[-62.5105,65.7935],[-62.3065,65.829],[-62.429,65.9785],[-62.2,66.0105],[-61.954,66.02],[-62.1705,66.121],[-62.5385,66.2275],[-62.3545,66.321],[-62.6065,66.4085],[-62.6075,66.442],[-62.2195,66.397],[-62.2115,66.3235],[-62.0825,66.3305],[-61.9345,66.2895],[-61.7845,66.337],[-61.661,66.3305],[-61.4925,66.3675],[-61.582,66.478],[-61.8665,66.659],[-61.7345,66.6465],[-61.5765,66.5505],[-61.438,66.5465],[-61.2705,66.605],[-61.301,66.6775],[-61.506,66.805],[-61.663,66.811],[-61.6055,66.8715],[-61.839,66.974],[-62.065,66.946],[-62.004,67.037],[-62.1405,67.0615],[-62.2985,67.0225],[-62.284,66.946],[-62.514,66.909],[-62.607,66.9535],[-62.905,66.973],[-63.349,66.8905],[-63.4145,66.8035],[-63.565,66.892],[-63.524,66.917],[-63.285,66.9475],[-63.23,67.037],[-63.2505,67.1325],[-63.0585,67.166],[-62.977,67.222],[-63.0275,67.303],[-63.1635,67.3375],[-63.3325,67.2825],[-63.412,67.2175],[-63.5675,67.244],[-63.8885,67.2415],[-64.0115,67.2825],[-64.298,67.238],[-64.36,67.303],[-64.7625,67.3625],[-64.0185,67.3105],[-63.9415,67.361],[-63.997,67.454],[-64.1175,67.5025],[-64.0765,67.618],[-64.228,67.614],[-64.217,67.6805],[-64.2895,67.7295],[-64.607,67.832],[-64.741,67.83],[-64.816,67.783],[-65.012,67.793],[-65.0455,67.852],[-64.889,67.9405],[-64.7195,67.985],[-64.965,68.0525],[-65.1835,68.016],[-65.1815,67.967],[-65.4195,67.914],[-65.5175,67.7665],[-65.6015,67.769],[-65.4655,67.9275],[-65.447,67.994],[-65.6545,67.998],[-65.7585,67.9685],[-65.809,67.8655],[-65.944,67.8995],[-66.0325,67.961],[-66.214,68.005],[-66.3135,68.129],[-66.54,68.153],[-66.67,68.112],[-66.8205,68.103],[-66.845,68.1615],[-66.766,68.242],[-66.897,68.259],[-67.198,68.359],[-67.3565,68.3575],[-67.5365,68.308],[-67.794,68.3375],[-67.443,68.3765],[-67.3345,68.402],[-66.9685,68.37],[-66.8935,68.4225],[-67.064,68.475],[-67.308,68.4955],[-67.664,68.5645],[-67.931,68.528],[-68.3605,68.63],[-68.122,68.6885],[-68.2115,68.716],[-68.547,68.753],[-68.646,68.789],[-68.4005,68.8455],[-67.878,68.771],[-67.9275,68.8115],[-68.133,68.837],[-68.0405,68.948],[-68.2685,68.9645],[-68.24,69.0055],[-68.043,68.972],[-67.7355,69.04],[-68.116,69.133],[-68.3735,69.1795],[-68.5415,69.1885],[-68.6265,69.2365],[-68.2235,69.213],[-68.0825,69.2195],[-68.198,69.311],[-67.678,69.177],[-67.5095,69.161],[-67.3555,69.193],[-66.9775,69.177],[-66.782,69.133],[-66.669,69.1845],[-66.691,69.283],[-66.788,69.34],[-67.2275,69.4645],[-67.7915,69.4805],[-68.005,69.462],[-68.5875,69.591],[-68.6655,69.648],[-68.349,69.633],[-68.2255,69.71],[-68.013,69.776],[-67.747,69.7825],[-67.347,69.7165],[-67.1155,69.7285],[-67.2495,69.9635],[-67.546,70.1475],[-67.8085,70.2635],[-68.157,70.3185],[-68.323,70.2235],[-68.337,70.069],[-68.5475,70.0575],[-68.6635,69.942],[-68.928,69.9555],[-68.865,70.0195],[-68.6435,70.147],[-68.7065,70.2095],[-68.957,70.1995],[-69.1,70.22],[-69.209,70.193],[-69.683,70.1395],[-69.8085,70.1665],[-69.47,70.248],[-69.014,70.305],[-68.72,70.3225],[-68.653,70.362],[-68.4585,70.373],[-68.4355,70.4225],[-68.298,70.497],[-68.3625,70.5845],[-69.098,70.723],[-69.203,70.7795],[-69.5905,70.7735],[-69.98,70.654],[-70.206,70.6565],[-69.9565,70.7345],[-69.7745,70.856],[-69.915,70.88],[-70.2365,70.801],[-70.3975,70.7845],[-70.6175,70.73],[-70.8435,70.648],[-70.9855,70.6335],[-71.0505,70.524],[-71.1655,70.5175],[-71.264,70.5835],[-71.1415,70.6045],[-71.0675,70.676],[-70.8055,70.7245],[-70.713,70.8395],[-70.5165,70.937],[-70.638,71.0785],[-70.787,71.1145],[-71.151,71.0375],[-71.323,70.887],[-71.5905,70.873],[-71.953,70.7915],[-72.3375,70.758],[-72.164,70.8305],[-72.3565,70.8785],[-72.269,70.9565],[-72.1825,70.966],[-72.045,71.085],[-71.861,71.1135],[-71.62,71.072],[-71.445,71.0735],[-71.3435,71.168],[-71.117,71.2705],[-71.4185,71.456],[-71.582,71.515],[-71.92,71.5745],[-72.4725,71.6475],[-72.601,71.6365],[-72.639,71.5455],[-72.831,71.499],[-72.755,71.4355],[-72.9945,71.4075],[-72.97,71.2875],[-73.254,71.33],[-73.4375,71.4435],[-73.653,71.4425],[-73.564,71.5585],[-73.688,71.593],[-73.866,71.5355],[-73.91,71.445],[-74.03,71.4425],[-73.9755,71.5455],[-73.803,71.658],[-73.646,71.709],[-73.5965,71.764],[-73.906,71.7755],[-74.1015,71.7335],[-74.282,71.7345],[-74.5225,71.6625],[-74.619,71.5585],[-74.8305,71.5495],[-74.6345,71.655],[-74.7425,71.7335],[-74.5505,71.7985],[-74.2625,71.82],[-74.173,71.8655],[-74.209,71.916],[-74.118,71.967],[-74.237,72.076],[-74.3155,72.089],[-74.8925,72.111],[-75.063,72.128],[-75.242,72.0835],[-75.513,72.1255],[-75.6575,72.1245],[-76.005,72.0595],[-76.029,72.0885],[-75.639,72.145],[-75.282,72.124],[-75.0635,72.1865],[-74.9415,72.2575],[-75.192,72.4555],[-75.1985,72.4975],[-75.474,72.529],[-75.735,72.5825],[-75.94,72.592],[-76.072,72.5465],[-76.197,72.5995],[-76.652,72.6385],[-76.689,72.697],[-76.889,72.7435],[-77.601,72.756],[-77.7995,72.704],[-77.977,72.6985],[-78.3745,72.594],[-78.535,72.5145],[-78.532,72.4255],[-78.227,72.3375],[-77.826,72.278],[-77.785,72.2445],[-78.5695,72.3555],[-78.8175,72.3225],[-78.767,72.265],[-78.875,72.2305],[-78.8305,72.1725],[-78.916,72.0315],[-78.719,71.9235],[-79.0665,71.9765],[-79.1425,72.006],[-79.03,72.0865],[-78.9435,72.196],[-79.127,72.342],[-79.2835,72.3945],[-79.546,72.292],[-79.753,72.4015],[-79.6905,72.4705],[-79.819,72.5065],[-79.9265,72.4095],[-80.049,72.398],[-80.307,72.2575],[-80.238,72.2095],[-80.483,72.1805],[-80.3655,72.111],[-80.3965,72.05],[-80.7595,71.9835],[-80.807,72.0465],[-80.9545,72.037],[-81.0265,72.0935],[-80.758,72.104],[-80.8665,72.1995],[-80.8315,72.2605],[-80.638,72.358],[-80.5125,72.3815],[-80.506,72.4975],[-80.7595,72.525],[-80.526,72.5795],[-80.5585,72.6275],[-80.269,72.725],[-80.3205,72.806],[-80.46,72.828],[-80.6405,72.928],[-80.6415,72.996],[-80.55,73.095],[-80.643,73.17],[-81.1335,73.247],[-81.2175,73.321],[-81.184,73.4145],[-81.229,73.5395],[-81.5285,73.716],[-82.0505,73.7375],[-82.831,73.7365],[-83.057,73.6495],[-83.163,73.667],[-83.641,73.595],[-84.0075,73.505],[-84.8365,73.389],[-85.1135,73.322],[-85.193,73.2315],[-84.569,73.1145],[-84.881,73.102],[-85.0305,73.1365],[-85.4635,73.112],[-85.5355,73.026],[-85.172,73.0115],[-84.719,72.911],[-84.9205,72.8985],[-85.159,72.948],[-85.5435,72.9765],[-85.6525,72.871],[-85.714,72.738],[-85.7025,72.6345],[-85.5145,72.4635],[-85.3445,72.413],[-85.021,72.402],[-84.777,72.4475],[-84.782,72.362],[-85.036,72.2545],[-85.296,72.264],[-85.501,72.2145],[-85.572,72.058],[-85.7725,72.0265],[-85.9875,72.0315],[-86.0215,71.984],[-85.7475,71.9485],[-85.563,71.894],[-85.438,71.815],[-85.4555,71.759],[-85.258,71.6685],[-84.8915,71.633],[-84.713,71.682],[-84.563,71.5555],[-84.5285,71.473],[-84.7005,71.433],[-84.7985,71.2875],[-84.665,71.2235],[-84.782,71.1955],[-84.826,71.1005],[-84.7595,70.9665],[-84.968,70.924],[-84.9595,71.0785],[-84.857,71.1595],[-85.193,71.1545],[-85.484,71.175],[-85.7685,71.1495],[-85.886,71.105],[-86.285,71.0065],[-86.6625,70.9765],[-86.803,71.0005],[-86.207,71.0785],[-85.9745,71.175],[-85.7,71.2095],[-85.543,71.1805],[-85.2025,71.266],[-85.193,71.2995],[-84.858,71.276],[-84.9595,71.429],[-85.186,71.445],[-85.497,71.5145],[-85.9635,71.7395],[-86.1275,71.7945],[-86.408,72.006],[-86.4605,72.2035],[-86.402,72.3055],[-86.2535,72.3945],[-86.326,72.5035],[-86.68,72.646],[-86.7355,72.7165],[-86.6985,72.816],[-86.283,73.087],[-86.0305,73.3025],[-85.577,73.5125],[-85.4735,73.5255],[-84.952,73.6675],[-84.883,73.748],[-85.1055,73.812],[-85.748,73.832],[-86.0185,73.855],[-86.714,73.8475],[-87.134,73.8025],[-87.7645,73.7165],[-88.414,73.5255],[-88.498,73.4665],[-88.6875,73.423],[-88.863,73.3065],[-89.051,73.2515],[-89.312,73.0465],[-89.3555,72.967],[-89.321,72.8825],[-89.5855,72.724],[-89.565,72.662],[-89.753,72.611],[-89.833,72.403],[-89.938,72.347],[-89.963,72.2575],[-89.901,72.19],[-89.7615,72.1255],[-89.9925,72.0715],[-89.9965,71.9905],[-90.1045,71.9165],[-89.798,71.7645],[-89.9765,71.658],[-89.9935,71.5065],[-89.963,71.415],[-89.8135,71.329],[-88.616,71.237],[-88.511,71.246],[-88.067,71.213],[-87.9205,71.27],[-87.818,71.2575],[-87.839,71.1865],[-87.749,71.141],[-87.427,71.0725],[-87.2285,71.011],[-87.3585,70.9495],[-87.688,70.962],[-87.893,70.9355],[-88.325,70.9585],[-88.373,71.011],[-88.6425,71.0545],[-88.921,71.0525],[-89.1265,71.0315],[-89.2275,71.077],[-89.5575,71.093],[-89.2265,70.9825],[-89.449,70.908],[-89.2985,70.7775],[-89.076,70.7],[-88.907,70.545],[-88.694,70.465],[-88.1415,70.396],[-87.9575,70.335],[-88.03,70.295],[-87.8525,70.238],[-87.425,70.3155],[-87.005,70.2835],[-86.9745,70.353],[-87.2005,70.387],[-87.0315,70.4685],[-86.858,70.325],[-86.639,70.325],[-86.55,70.2365],[-86.2695,70.1135],[-85.783,69.995],[-85.347,70.0325],[-85.6095,70.0785],[-85.3695,70.1095],[-84.952,70.0665],[-84.695,70.0065],[-84.368,69.9875],[-84.077,69.9865],[-83.673,69.9465],[-83.35,69.983],[-83.267,70.0165],[-83.0515,70.0105],[-82.91,69.9535],[-82.4415,69.844],[-82.3945,69.8645],[-82.126,69.818],[-82.0475,69.866],[-81.8575,69.865],[-81.7115,69.935],[-81.876,69.971],[-82.0585,70.059],[-82.246,70.113],[-82.815,70.2085],[-82.8445,70.2575],[-82.118,70.117],[-81.7525,69.9735],[-81.6,69.9775],[-81.3,69.853],[-81.176,69.829],[-81.0815,69.767],[-80.951,69.736],[-80.78,69.756],[-80.9855,69.887],[-81.1395,69.9385],[-81.193,70.001],[-81.3995,70.011],[-81.575,70.0685],[-81.5655,70.1085],[-81.0715,70.0995],[-81.009,70.0625],[-80.5495,70.0475],[-80.3665,69.994],[-80.205,70.0115],[-79.835,69.9535],[-79.681,69.8485],[-79.4325,69.8835],[-78.888,69.894],[-78.7,69.9315],[-78.665,70.014],[-78.7365,70.0775],[-78.767,70.1915],[-78.9705,70.325],[-79.128,70.309],[-79.29,70.356],[-79.565,70.39],[-79.575,70.436],[-79.389,70.463],[-79.2135,70.421],[-79.156,70.497],[-78.94,70.4445],[-78.7445,70.456],[-78.663,70.353],[-78.462,70.279],[-78.389,70.2165],[-78.152,70.2025],[-77.8915,70.2635],[-77.6825,70.1835],[-77.6975,69.9945],[-77.6825,69.825],[-77.64,69.758],[-77.518,69.773],[-77.491,69.8625],[-77.1505,69.818],[-76.8735,69.8185],[-76.8735,69.687],[-77.1365,69.686],[-77.203,69.6465],[-77.0385,69.606],[-76.703,69.565],[-76.4475,69.6925],[-76.182,69.668],[-76.2285,69.6195],[-76.4695,69.6575],[-76.6165,69.592],[-76.6295,69.546],[-76.452,69.469],[-76.3915,69.4055],[-76.217,69.4175],[-75.962,69.3735],[-75.6875,69.287],[-75.602,69.2355],[-75.5715,69.157],[-75.621,69.088],[-75.8115,69.083],[-75.99,69.011],[-76.1605,69.045],[-76.4225,69.06],[-76.638,69.016],[-76.652,68.932],[-76.534,68.8815],[-76.673,68.766],[-76.625,68.6825],[-76.3255,68.6985],[-76.0235,68.7765],[-75.9345,68.825],[-75.6065,68.886],[-75.4965,68.934],[-75.5705,68.9865],[-75.4865,69.022],[-75.202,68.897],[-75.06,68.955],[-75.0515,69.0095],[-74.809,69.0835],[-74.729,69.0235],[-74.926,69.0015],[-75.001,68.928],[-74.703,68.9375],[-74.685,68.88],[-74.879,68.8255],[-74.825,68.7765],[-74.5375,68.665],[-74.523,68.611],[-74.3725,68.544],[-74.1495,68.53],[-73.885,68.555],[-74.098,68.694],[-73.8885,68.714],[-73.7215,68.616],[-73.7625,68.5105],[-73.8785,68.4845],[-73.9475,68.4135],[-73.728,68.3135],[-73.418,68.272],[-73.2005,68.2755],[-73.1495,68.2175],[-72.9885,68.1735],[-72.899,68.023],[-72.944,67.9325],[-72.8575,67.8605],[-72.7365,67.85],[-72.619,67.7955],[-72.673,67.7025],[-72.524,67.6375],[-72.436,67.5315],[-72.37,67.331],[-72.1935,67.2755],[-72.2825,67.221],[-72.351,67.1195],[-72.4765,67.0875],[-72.6715,67.0805],[-72.8035,67.043],[-72.8785,66.927],[-72.9655,66.8665],[-73.0055,66.779],[-72.949,66.7345]]],[[[-115.3235,73.5085],[-115.3995,73.567],[-115.6465,73.6765],[-115.923,73.73],[-116.867,74.0875],[-117.4165,74.2325],[-118.066,74.2805],[-118.7255,74.221],[-118.883,74.1785],[-118.7955,74.1275],[-118.952,74.0175],[-119.069,74.0905],[-119.1445,74.209],[-119.237,74.2275],[-119.662,74.225],[-120.1565,74.279],[-120.9345,74.4235],[-121.1325,74.51],[-121.581,74.556],[-122.117,74.4965],[-122.623,74.463],[-123.3035,74.4495],[-123.4775,74.4265],[-124.087,74.404],[-124.7555,74.3485],[-124.694,74.2755],[-124.5455,74.265],[-124.4345,74.1195],[-124.466,74.074],[-124.1975,73.9235],[-124.1455,73.851],[-123.883,73.839],[-123.774,73.7655],[-124.056,73.662],[-124.068,73.5395],[-124.181,73.484],[-124.4455,73.4195],[-124.4895,73.344],[-124.672,73.183],[-124.86,73.0905],[-124.7545,73.0175],[-124.493,72.9775],[-124.4905,72.925],[-124.777,72.8955],[-125.0385,72.8325],[-124.9455,72.703],[-125.0385,72.643],[-125.0605,72.5655],[-125.299,72.489],[-125.5285,72.3125],[-125.4825,72.2855],[-125.6795,72.2305],[-125.752,72.1475],[-125.7195,72.0795],[-125.7905,71.949],[-125.5665,71.974],[-125.272,71.981],[-125.2325,71.9415],[-124.9685,71.8905],[-124.6615,71.8045],[-124.0645,71.7005],[-123.9395,71.6535],[-123.808,71.5425],[-123.6235,71.462],[-123.4355,71.2485],[-123.2555,71.1305],[-123.1,71.0845],[-122.798,71.088],[-122.6295,71.175],[-122.156,71.261],[-121.7005,71.468],[-121.6035,71.4645],[-121.423,71.3805],[-120.9925,71.429],[-120.635,71.4915],[-120.5155,71.543],[-120.3835,71.7015],[-120.4215,71.749],[-120.388,71.8825],[-120.434,71.9645],[-120.1975,72.085],[-120.1525,72.14],[-120.1965,72.217],[-119.773,72.2295],[-119.34,72.3465],[-119.3055,72.4505],[-119.1935,72.5305],[-119.164,72.63],[-118.7175,72.749],[-118.522,72.7575],[-118.431,72.8085],[-118.042,72.886],[-117.39,73.0555],[-117.2155,73.066],[-116.459,73.261],[-116.2185,73.2845],[-115.754,73.3575],[-115.458,73.43],[-115.3235,73.5085]]],[[[-123.369,48.774],[-123.472,48.8285],[-123.57,48.8325],[-123.496,48.7155],[-123.369,48.774]]],[[[-123.654,49.0335],[-123.531,48.942],[-123.3695,48.862],[-123.3345,48.903],[-123.472,48.938],[-123.654,49.0335]]],[[[-123.7215,49.161],[-123.834,49.201],[-123.843,49.151],[-123.7215,49.161]]],[[[-126.0835,49.315],[-126.1315,49.397],[-126.2315,49.3785],[-126.2235,49.277],[-126.0895,49.2545],[-126.0835,49.315]]],[[[-123.4515,49.445],[-123.3225,49.486],[-123.357,49.535],[-123.4525,49.508],[-123.4515,49.445]]],[[[-124.1095,49.678],[-124.0475,49.779],[-124.205,49.7055],[-124.1095,49.678]]],[[[-124.6645,49.747],[-124.4725,49.672],[-124.439,49.612],[-124.3785,49.603],[-124.1975,49.521],[-124.173,49.554],[-124.27,49.616],[-124.348,49.704],[-124.562,49.7535],[-124.6645,49.747]]],[[[-126.6585,49.788],[-126.6905,49.857],[-126.7685,49.8835],[-126.9695,49.8335],[-126.8985,49.781],[-126.9125,49.6915],[-126.807,49.6275],[-126.6795,49.592],[-126.6175,49.631],[-126.6585,49.788]]],[[[-125.0275,50.144],[-125.0075,50.0725],[-124.891,50.069],[-124.929,50.1695],[-125.0275,50.144]]],[[[-125.199,50.041],[-125.225,50.1315],[-125.1645,50.1925],[-125.18,50.229],[-125.2905,50.2915],[-125.3495,50.2415],[-125.3235,50.1435],[-125.2305,50.0895],[-125.199,50.041]]],[[[-124.891,50.1925],[-124.8425,50.122],[-124.754,50.1685],[-124.8155,50.2115],[-124.812,50.2695],[-124.917,50.3035],[-124.9645,50.262],[-124.891,50.1925]]],[[[-124.8025,50.2285],[-124.6645,50.191],[-124.69,50.2905],[-124.7485,50.304],[-124.8025,50.2285]]],[[[-125.336,50.3015],[-125.2115,50.318],[-125.136,50.2325],[-125.049,50.219],[-125.1675,50.3845],[-125.288,50.4375],[-125.336,50.3015]]],[[[-125.368,50.461],[-125.478,50.4295],[-125.545,50.378],[-125.4475,50.3535],[-125.3785,50.3755],[-125.328,50.4335],[-125.368,50.461]]],[[[-126.3365,50.6035],[-126.3675,50.583],[-126.584,50.548],[-126.448,50.519],[-126.3055,50.5345],[-126.3365,50.6035]]],[[[-126.6175,50.6725],[-126.457,50.646],[-126.4345,50.669],[-126.288,50.6545],[-126.186,50.7415],[-126.2725,50.83],[-126.398,50.8085],[-126.6175,50.6725]]],[[[-126.782,50.7745],[-126.6825,50.8345],[-126.8265,50.836],[-126.782,50.7745]]],[[[-123.321,48.496],[-123.39,48.6205],[-123.541,48.6365],[-123.5655,48.781],[-123.594,48.837],[-123.78,48.986],[-123.757,49.042],[-123.8135,49.1185],[-123.931,49.1435],[-123.955,49.229],[-124.0715,49.2465],[-124.159,49.3105],[-124.2085,49.308],[-124.36,49.3565],[-124.545,49.377],[-124.7235,49.465],[-124.7945,49.4725],[-124.9095,49.6215],[-124.882,49.725],[-125.1785,49.925],[-125.223,50.018],[-125.302,50.1065],[-125.35,50.125],[-125.436,50.3135],[-125.589,50.3705],[-125.7405,50.3565],[-125.8375,50.3875],[-125.9575,50.395],[-126.1175,50.4555],[-126.3645,50.487],[-126.46,50.475],[-126.7655,50.5445],[-127.1985,50.6215],[-127.4035,50.708],[-127.4735,50.699],[-127.505,50.7735],[-127.8825,50.867],[-128.077,50.8705],[-128.407,50.7805],[-128.3785,50.689],[-128.32,50.61],[-128.248,50.5965],[-128.218,50.53],[-128.06,50.4525],[-127.8375,50.49],[-127.5935,50.5585],[-127.591,50.4855],[-127.7445,50.487],[-127.9155,50.4665],[-127.968,50.342],[-127.878,50.3425],[-127.7755,50.233],[-127.897,50.143],[-127.7845,50.085],[-127.65,50.178],[-127.614,50.119],[-127.488,50.1305],[-127.4675,50.0895],[-127.3625,50.0325],[-127.2835,50.0625],[-127.2705,50.145],[-127.1645,50.071],[-127.229,49.9465],[-127.142,49.8665],[-126.945,49.8635],[-126.767,49.9125],[-126.6495,49.898],[-126.605,49.732],[-126.4795,49.712],[-126.4525,49.6365],[-126.5625,49.5875],[-126.5725,49.4145],[-126.5105,49.378],[-126.405,49.4215],[-126.288,49.3625],[-126.2615,49.4005],[-126.055,49.4455],[-126.0765,49.3835],[-126.0145,49.3225],[-126.028,49.274],[-125.956,49.233],[-125.837,49.273],[-125.6985,49.181],[-125.747,49.1095],[-125.736,49.053],[-125.62,48.969],[-125.4895,48.9185],[-125.3665,48.9875],[-125.2215,48.955],[-125.147,48.9985],[-125.086,48.979],[-124.9675,48.988],[-125.007,48.9],[-125.089,48.87],[-125.185,48.801],[-125.094,48.73],[-124.816,48.647],[-124.6655,48.573],[-124.389,48.518],[-124.1315,48.4335],[-123.891,48.367],[-123.7805,48.363],[-123.654,48.3145],[-123.5545,48.328],[-123.4375,48.4445],[-123.357,48.4005],[-123.287,48.424],[-123.321,48.496]]],[[[-64.4775,60.334],[-64.436,60.368],[-64.5665,60.431],[-64.6415,60.4925],[-64.8615,60.4655],[-64.7505,60.374],[-64.4775,60.334]]],[[[-67.881,60.497],[-67.999,60.586],[-68.2415,60.5855],[-68.38,60.376],[-68.439,60.2595],[-68.4195,60.2095],[-68.321,60.197],[-67.96,60.3325],[-67.847,60.4165],[-67.881,60.497]]],[[[-78.2435,60.835],[-78.6035,60.7795],[-78.6795,60.7115],[-78.3365,60.7585],[-78.2435,60.835]]],[[[-64.8405,61.3515],[-64.7825,61.424],[-64.6965,61.458],[-64.7235,61.5435],[-64.65,61.6045],[-64.717,61.6635],[-65.0465,61.6975],[-65.429,61.6625],[-65.486,61.5995],[-64.977,61.379],[-64.8405,61.3515]]],[[[-65.7035,61.793],[-65.7915,61.8725],[-65.9465,61.801],[-65.8135,61.7595],[-65.7035,61.793]]],[[[-93.0255,61.9165],[-93.194,61.925],[-93.059,61.83],[-92.984,61.868],[-93.0255,61.9165]]],[[[-65.241,61.9205],[-65.222,61.8345],[-65.1475,61.784],[-64.9015,61.7275],[-64.828,61.761],[-64.9605,61.884],[-65.1625,61.9515],[-65.241,61.9205]]],[[[-79.2825,62.27],[-79.3405,62.2865],[-79.4405,62.38],[-79.5585,62.4205],[-79.831,62.411],[-79.9345,62.378],[-79.989,62.3085],[-80.1585,62.1995],[-80.215,62.1375],[-80.2855,61.9305],[-80.261,61.8565],[-80.1805,61.7745],[-80.06,61.746],[-79.95,61.6835],[-79.8545,61.582],[-79.75,61.586],[-79.639,61.6605],[-79.5485,61.7595],[-79.5185,61.848],[-79.4025,61.958],[-79.2695,62.145],[-79.2825,62.27]]],[[[-64.3805,62.5275],[-64.526,62.561],[-64.6945,62.536],[-64.8415,62.556],[-64.9635,62.465],[-64.923,62.4195],[-64.594,62.37],[-64.395,62.465],[-64.3805,62.5275]]],[[[-77.854,62.5885],[-78.0905,62.5885],[-78.087,62.561],[-77.8605,62.5505],[-77.854,62.5885]]],[[[-74.016,62.671],[-74.1525,62.692],[-74.3755,62.6845],[-74.4135,62.7255],[-74.542,62.751],[-74.653,62.7195],[-74.532,62.669],[-74.3755,62.6345],[-74.1185,62.6025],[-73.9645,62.6095],[-74.016,62.671]]],[[[-70.2405,62.6155],[-70.3265,62.6865],[-70.4925,62.767],[-70.7885,62.8415],[-71.208,62.8885],[-71.0725,62.8],[-70.9595,62.803],[-70.817,62.673],[-70.8205,62.6265],[-70.682,62.5475],[-70.362,62.527],[-70.231,62.551],[-70.2405,62.6155]]],[[[-82.1915,62.986],[-82.257,62.9955],[-82.4205,62.928],[-82.606,62.946],[-82.7395,62.9385],[-83.001,62.8525],[-83.119,62.847],[-83.2965,62.931],[-83.4185,62.8925],[-83.52,62.8265],[-83.553,62.6995],[-83.713,62.5685],[-83.907,62.4915],[-83.91,62.3955],[-83.7515,62.31],[-83.673,62.145],[-83.418,62.2395],[-83.2805,62.2525],[-83.1345,62.1765],[-83.066,62.187],[-82.7465,62.3105],[-82.6225,62.3965],[-82.4245,62.472],[-82.3935,62.5305],[-82.296,62.585],[-82.1365,62.6155],[-81.957,62.6975],[-81.965,62.801],[-81.8625,62.925],[-81.9345,62.955],[-82.1915,62.986]]],[[[-77.538,63.288],[-77.7035,63.438],[-77.8445,63.4725],[-78.1865,63.493],[-78.38,63.455],[-78.485,63.511],[-78.5445,63.449],[-78.5315,63.39],[-78.3155,63.282],[-78.2085,63.21],[-77.941,63.087],[-77.645,63.143],[-77.496,63.276],[-77.538,63.288]]],[[[-64.0865,63.335],[-64.224,63.395],[-64.2735,63.471],[-64.355,63.669],[-64.498,63.617],[-64.407,63.5115],[-64.422,63.473],[-64.259,63.327],[-64.0865,63.335]]],[[[-76.689,63.486],[-76.618,63.5215],[-76.7095,63.568],[-77.1205,63.685],[-77.397,63.6935],[-77.446,63.661],[-77.4185,63.5905],[-77.2885,63.5605],[-76.982,63.4075],[-76.702,63.3695],[-76.58,63.4755],[-76.689,63.486]]],[[[-64.8885,63.795],[-64.682,63.78],[-64.4845,63.685],[-64.388,63.733],[-64.5955,63.7875],[-64.5555,63.852],[-64.6435,63.9155],[-64.8125,63.8835],[-64.9165,63.8235],[-64.8885,63.795]]],[[[-77.9735,63.9655],[-77.7105,63.9425],[-77.5955,64.041],[-77.9495,64.014],[-77.9735,63.9655]]],[[[-73.5295,64.504],[-73.6735,64.4315],[-73.654,64.323],[-73.5335,64.361],[-73.5295,64.504]]],[[[-65.5465,64.5485],[-65.4075,64.6],[-65.2285,64.625],[-65.279,64.668],[-65.4425,64.69],[-65.688,64.5475],[-65.5465,64.5485]]],[[[-62.257,65.748],[-62.483,65.741],[-62.474,65.7095],[-62.302,65.6255],[-62.127,65.6795],[-62.257,65.748]]],[[[-80.1835,63.7675],[-80.3795,63.8505],[-80.644,63.8815],[-80.497,63.9175],[-80.522,63.9695],[-80.697,64.0165],[-80.763,64.0735],[-80.889,64.1225],[-81.0585,64.0265],[-81.3735,64.0745],[-81.4565,64.038],[-81.65,64.0285],[-81.779,64.002],[-81.9715,63.994],[-81.91,64.0685],[-81.627,64.1235],[-81.588,64.1855],[-81.7135,64.254],[-81.7805,64.326],[-81.753,64.3615],[-81.7715,64.512],[-81.8485,64.5345],[-82.1225,64.692],[-82.2175,64.691],[-82.366,64.768],[-82.5495,64.748],[-82.7145,64.781],[-82.884,64.8795],[-83.2085,64.9475],[-83.34,65.036],[-83.3975,65.1365],[-83.5465,65.1625],[-83.843,65.1655],[-84.0985,65.2095],[-84.2335,65.282],[-84.1525,65.332],[-84.439,65.414],[-84.4505,65.4625],[-84.5775,65.4895],[-84.745,65.3515],[-84.751,65.291],[-84.848,65.2135],[-85.019,65.352],[-85.0005,65.4055],[-85.0765,65.4565],[-85.23,65.4935],[-85.3165,65.5415],[-85.1115,65.581],[-85.0525,65.614],[-85.1675,65.709],[-85.201,65.8095],[-85.325,65.8375],[-85.4885,65.7965],[-85.4865,65.924],[-85.61,65.9105],[-85.939,65.763],[-86.0285,65.665],[-86.152,65.385],[-86.174,65.2865],[-86.1405,65.2],[-86.1455,65.095],[-86.2275,64.9865],[-86.1595,64.9395],[-86.214,64.891],[-86.173,64.8295],[-86.246,64.8045],[-86.353,64.651],[-86.4195,64.597],[-86.383,64.546],[-86.406,64.4385],[-86.3435,64.4115],[-86.365,64.309],[-86.3165,64.234],[-86.2105,64.182],[-86.193,64.1035],[-86.492,64.023],[-86.896,63.93],[-87.1775,63.7305],[-87.224,63.66],[-87.1755,63.585],[-87.0645,63.555],[-86.868,63.562],[-86.661,63.6575],[-86.4945,63.6715],[-86.2855,63.646],[-85.954,63.6995],[-85.7935,63.7135],[-85.617,63.675],[-85.6075,63.501],[-85.655,63.4175],[-85.635,63.243],[-85.51,63.129],[-85.274,63.1235],[-84.9545,63.194],[-84.59,63.315],[-84.4805,63.3935],[-84.4055,63.555],[-84.284,63.627],[-84.064,63.6205],[-83.784,63.7685],[-83.634,63.771],[-83.596,63.822],[-83.6485,63.8765],[-83.6045,63.9305],[-83.6855,64.014],[-83.5395,64.1105],[-83.335,64.135],[-83.2035,64.122],[-83.151,64.1715],[-83.0135,64.1915],[-82.9795,64.117],[-83.1385,64.0065],[-83.0845,63.958],[-82.8425,63.9865],[-82.534,63.973],[-82.391,63.924],[-82.356,63.853],[-82.5175,63.7965],[-82.5515,63.743],[-82.482,63.685],[-82.3575,63.6595],[-82.2875,63.685],[-82.0745,63.692],[-81.882,63.636],[-81.7295,63.631],[-81.636,63.575],[-81.4545,63.55],[-81.019,63.4505],[-80.774,63.578],[-80.5975,63.637],[-80.4665,63.7275],[-80.1835,63.7675]]],[[[-85.001,66.0075],[-85.1555,66.011],[-85.186,65.947],[-85.1125,65.762],[-85.0455,65.7165],[-84.863,65.661],[-84.841,65.5875],[-84.713,65.555],[-84.574,65.6355],[-84.715,65.8355],[-85.001,66.0075]]],[[[-84.4735,66.09],[-84.425,66.0295],[-84.1945,65.972],[-84.1245,65.9065],[-84.1425,65.767],[-83.959,65.741],[-83.8695,65.783],[-83.6855,65.748],[-83.802,65.686],[-83.659,65.6555],[-83.479,65.659],[-83.367,65.6185],[-83.2465,65.665],[-83.291,65.728],[-83.4725,65.7275],[-83.802,65.8225],[-83.712,65.8535],[-83.6925,65.9255],[-84.069,66.063],[-84.4735,66.1385],[-84.4735,66.09]]],[[[-83.274,66.3095],[-83.2925,66.268],[-83.0775,66.198],[-83.048,66.262],[-83.225,66.341],[-83.274,66.3095]]],[[[-62.4075,67.187],[-62.654,67.1735],[-62.8055,67.094],[-62.74,67.0465],[-62.407,67.159],[-62.4075,67.187]]],[[[-63.518,67.324],[-63.6315,67.356],[-63.77,67.276],[-63.461,67.2705],[-63.518,67.324]]],[[[-63.7575,67.523],[-63.9545,67.655],[-64.038,67.5295],[-63.9825,67.5065],[-63.7575,67.523]]],[[[-73.3585,67.838],[-73.406,67.862],[-73.413,67.9685],[-73.522,68.0095],[-73.735,68.016],[-74.277,68.0775],[-74.2145,68.1355],[-74.3095,68.175],[-74.477,68.07],[-74.6575,68.084],[-74.756,68.0635],[-74.777,67.985],[-74.64,67.8565],[-74.4025,67.779],[-73.4095,67.776],[-73.3585,67.838]]],[[[-66.2965,68.2695],[-66.497,68.244],[-66.6525,68.1975],[-66.3165,68.1595],[-66.2965,68.2695]]],[[[-86.577,68.2905],[-86.7475,68.287],[-86.913,68.1735],[-86.9855,68.0675],[-86.848,68.022],[-86.8485,67.9665],[-86.954,67.9245],[-86.8365,67.792],[-86.5975,67.728],[-86.4125,67.845],[-86.374,67.959],[-86.4355,68.098],[-86.408,68.208],[-86.577,68.2905]]],[[[-75.0335,68.1735],[-75.1375,68.2365],[-75.4965,68.283],[-75.5975,68.314],[-75.911,68.3445],[-76.082,68.2975],[-76.299,68.335],[-76.689,68.2625],[-76.877,68.153],[-77.212,67.8705],[-77.3225,67.708],[-77.2235,67.5435],[-77.2505,67.454],[-77.178,67.4255],[-77.062,67.276],[-76.9815,67.2435],[-76.6335,67.228],[-76.367,67.2415],[-76.2435,67.2695],[-75.8895,67.258],[-75.5105,67.361],[-75.3905,67.3575],[-75.2295,67.432],[-75.065,67.5525],[-75.0285,67.6305],[-75.0595,67.686],[-75.044,67.817],[-75.1615,67.953],[-75.007,68.1105],[-75.0335,68.1735]]],[[[-78.909,68.324],[-78.9415,68.3535],[-79.1455,68.3475],[-79.1835,68.2215],[-79.0445,68.166],[-78.871,68.2305],[-78.8105,68.2845],[-78.909,68.324]]],[[[-82.0815,68.3075],[-82.1405,68.3795],[-82.2605,68.3445],[-82.0815,68.3075]]],[[[-74.369,68.389],[-74.154,68.2555],[-74.084,68.343],[-74.298,68.4645],[-74.369,68.389]]],[[[-78.614,68.5065],[-78.484,68.5575],[-78.4635,68.6195],[-78.675,68.6585],[-78.743,68.552],[-78.9355,68.522],[-78.9705,68.475],[-78.784,68.446],[-78.614,68.5065]]],[[[-74.845,68.5785],[-74.538,68.555],[-74.646,68.6475],[-74.7925,68.6755],[-74.893,68.6255],[-74.845,68.5785]]],[[[-74.838,68.42],[-74.774,68.4855],[-74.934,68.5715],[-74.9895,68.669],[-75.2605,68.7205],[-75.392,68.626],[-75.379,68.499],[-75.2565,68.4495],[-74.884,68.344],[-74.838,68.42]]],[[[-90.4975,69.2425],[-90.4625,69.263],[-90.619,69.3765],[-90.771,69.345],[-90.648,69.27],[-90.4975,69.2425]]],[[[-79.08,68.879],[-78.83,68.9175],[-78.7175,69.017],[-78.5515,69.1025],[-78.4565,69.229],[-78.322,69.239],[-78.214,69.303],[-78.3125,69.387],[-78.6075,69.373],[-78.731,69.3255],[-78.8635,69.1485],[-78.9765,69.1035],[-79.204,69.085],[-79.326,68.97],[-79.423,68.9275],[-79.3965,68.863],[-79.213,68.835],[-79.08,68.879]]],[[[-90.2505,69.298],[-90.1475,69.373],[-90.3025,69.4355],[-90.49,69.38],[-90.5105,69.3315],[-90.2505,69.298]]],[[[-76.6925,69.411],[-76.9765,69.408],[-77.1135,69.448],[-77.3605,69.39],[-77.387,69.2665],[-77.265,69.1465],[-77.158,69.118],[-76.9915,69.145],[-76.9435,69.208],[-76.675,69.311],[-76.6925,69.411]]],[[[-67.4445,69.592],[-67.691,69.5445],[-67.628,69.5025],[-67.308,69.558],[-67.4445,69.592]]],[[[-67.91,69.534],[-67.731,69.659],[-67.8915,69.712],[-68.0755,69.671],[-68.219,69.606],[-67.91,69.534]]],[[[-78.3945,69.6465],[-78.5665,69.6465],[-78.6895,69.561],[-78.654,69.508],[-78.517,69.485],[-78.287,69.558],[-78.0925,69.5785],[-77.942,69.6465],[-78.0265,69.7185],[-78.1415,69.75],[-78.3945,69.6945],[-78.3945,69.6465]]],[[[-79.971,69.633],[-79.937,69.609],[-79.613,69.62],[-79.348,69.6945],[-79.408,69.779],[-79.6725,69.8205],[-79.8655,69.746],[-79.974,69.7305],[-80.303,69.7865],[-80.5005,69.7875],[-80.8035,69.7045],[-80.7605,69.668],[-80.497,69.6675],[-80.3515,69.616],[-80.2105,69.6185],[-80.215,69.5335],[-79.9985,69.5],[-79.9365,69.537],[-80.062,69.619],[-79.971,69.633]]],[[[-83.836,69.75],[-83.658,69.7285],[-83.5695,69.8045],[-83.8555,69.8315],[-83.836,69.75]]],[[[-91.463,69.777],[-91.504,69.8385],[-91.7375,69.7975],[-91.557,69.729],[-91.463,69.777]]],[[[-87.084,69.9895],[-87.0065,70.0165],[-86.777,69.9715],[-86.5035,69.986],[-86.511,70.052],[-86.6505,70.121],[-86.803,70.0925],[-87.098,70.1265],[-87.316,70.118],[-87.276,70.037],[-87.084,69.9895]]],[[[-71.508,71.0175],[-71.837,71.0655],[-72.0115,71.052],[-72.046,70.946],[-72.228,70.9215],[-72.118,70.8255],[-71.6245,70.901],[-71.4385,70.91],[-71.3485,70.9845],[-71.508,71.0175]]],[[[-72.9535,71.5175],[-73.172,71.573],[-73.3525,71.5335],[-73.372,71.49],[-73.255,71.4215],[-73.267,71.3645],[-73.0165,71.35],[-73.0115,71.4195],[-72.817,71.4485],[-72.9535,71.5175]]],[[[-72.738,71.6615],[-72.9265,71.6555],[-73.0435,71.5865],[-72.7655,71.529],[-72.659,71.6],[-72.738,71.6615]]],[[[-96.9175,72.738],[-96.74,72.7285],[-96.651,72.779],[-96.7595,72.896],[-97.014,72.779],[-96.9175,72.738]]],[[[-97.072,73.138],[-97.1445,73.0765],[-97.1005,72.992],[-96.934,72.9245],[-96.655,72.9635],[-96.5685,73.0525],[-96.6425,73.1255],[-96.809,73.192],[-97.072,73.138]]],[[[-108.0875,73.5905],[-107.994,73.5465],[-107.628,73.574],[-107.676,73.6255],[-108.014,73.6225],[-108.0875,73.5905]]],[[[-104.681,73.63],[-105.167,73.7565],[-105.3815,73.7705],[-105.72,73.7355],[-106.5995,73.7105],[-107.0395,73.4845],[-106.7905,73.468],[-106.509,73.414],[-106.3465,73.3475],[-106.1205,73.2925],[-106.1075,73.197],[-105.9495,73.1625],[-105.729,73.046],[-105.4855,72.956],[-105.447,72.9045],[-105.2025,72.9445],[-104.9815,73.0355],[-104.9905,73.08],[-104.7365,73.1895],[-104.75,73.2175],[-104.5725,73.332],[-104.5795,73.4495],[-104.501,73.567],[-104.681,73.63]]],[[[-80.9035,73.6075],[-80.78,73.505],[-80.8785,73.446],[-80.86,73.319],[-80.795,73.2855],[-80.3675,73.2395],[-80.164,73.2335],[-80.1225,73.1215],[-80.176,73.0455],[-79.9485,72.8475],[-79.5685,72.76],[-79.391,72.742],[-79.1755,72.7545],[-78.6415,72.8525],[-78.171,72.8985],[-77.4235,72.883],[-77.3195,72.856],[-76.319,72.8165],[-76.125,72.847],[-76.1175,72.9415],[-76.3325,72.9705],[-76.2715,73.102],[-76.5215,73.129],[-76.5835,73.219],[-76.757,73.3205],[-77.04,73.359],[-77.0315,73.4025],[-77.2135,73.511],[-77.428,73.5595],[-77.8635,73.6095],[-78.1385,73.669],[-78.7655,73.6555],[-78.9745,73.6355],[-79.4505,73.6355],[-79.646,73.68],[-79.95,73.7105],[-80.1255,73.698],[-80.334,73.759],[-80.56,73.7725],[-80.806,73.7205],[-80.9035,73.6075]]],[[[-96.3215,72.467],[-96.4525,72.642],[-96.7105,72.715],[-96.932,72.6755],[-97.0685,72.614],[-97.1855,72.669],[-97.031,72.724],[-97.0775,72.7775],[-97.291,72.875],[-97.256,72.962],[-97.6605,73.0365],[-97.985,73.044],[-98.2675,72.9775],[-98.404,72.896],[-98.494,73.018],[-98.3485,73.0435],[-97.869,73.2365],[-97.8285,73.2785],[-97.295,73.3665],[-97.1725,73.359],[-97.165,73.4495],[-97.6685,73.4865],[-97.592,73.5425],[-97.4315,73.5325],[-96.9945,73.626],[-96.9565,73.7375],[-97.2605,73.861],[-97.5705,73.8935],[-97.977,73.8485],[-98.0965,73.8185],[-98.535,73.794],[-98.7475,73.765],[-99.2185,73.7395],[-99.5145,73.834],[-99.7015,73.8475],[-100.0015,73.95],[-100.214,73.92],[-100.303,73.861],[-100.886,73.832],[-101.095,73.7425],[-101.048,73.6825],[-100.858,73.669],[-100.8745,73.6185],[-100.5495,73.6005],[-100.603,73.518],[-100.9185,73.603],[-101.23,73.606],[-101.2695,73.56],[-101.456,73.548],[-101.5615,73.4685],[-101.289,73.36],[-101.067,73.325],[-100.858,73.263],[-100.658,73.281],[-100.3885,73.3405],[-100.344,73.395],[-100.0535,73.245],[-100.3815,73.2905],[-100.4675,73.2035],[-100.6115,73.148],[-100.484,73.0865],[-100.315,73.142],[-100.111,73.0325],[-100.0645,72.901],[-100.305,72.875],[-100.329,72.787],[-100.431,72.7405],[-100.756,72.7505],[-100.8745,72.696],[-101.296,72.7185],[-101.5365,72.8885],[-101.6285,72.8925],[-101.8175,72.9705],[-101.763,73.019],[-102.1145,73.089],[-102.485,73.041],[-102.602,72.912],[-102.756,72.8125],[-102.7425,72.7305],[-102.614,72.6615],[-102.206,72.5435],[-101.9665,72.497],[-101.84,72.3265],[-101.403,72.2795],[-101.201,72.3295],[-100.9265,72.2035],[-100.6365,72.1865],[-100.4205,72.0935],[-100.447,72.059],[-100.2755,71.9665],[-100.0355,71.8675],[-99.8645,71.8595],[-99.7075,71.7735],[-99.5995,71.642],[-99.385,71.586],[-99.4125,71.5455],[-99.235,71.3495],[-98.9465,71.374],[-98.8275,71.3005],[-98.5415,71.292],[-98.215,71.4095],[-98.042,71.531],[-98.3755,71.6525],[-98.5005,71.723],[-98.3595,71.7345],[-98.22,71.6585],[-97.97,71.6615],[-97.6855,71.6185],[-97.461,71.6175],[-97.083,71.703],[-96.9615,71.807],[-96.7375,71.799],[-96.5595,71.84],[-96.493,71.9155],[-96.5285,72.0815],[-96.485,72.1285],[-96.5545,72.264],[-96.7185,72.2995],[-96.3035,72.4265],[-96.3215,72.467]]],[[[-99.2475,73.855],[-98.876,73.857],[-98.826,73.832],[-98.1435,73.8785],[-97.9935,73.943],[-97.8085,73.978],[-97.643,74.072],[-97.725,74.1215],[-98.173,74.0975],[-98.529,74.0335],[-98.7525,74.0335],[-99.097,73.9575],[-99.3895,73.9235],[-99.2475,73.855]]],[[[-90.291,73.9235],[-90.3495,73.916],[-90.994,74.006],[-91.5725,74.033],[-91.8145,74.029],[-92.114,73.9845],[-92.2715,73.992],[-92.43,74.0625],[-92.8,74.132],[-93.2725,74.178],[-93.6675,74.173],[-93.766,74.1355],[-94.374,74.1325],[-94.4625,74.0975],[-94.7205,74.1015],[-95.0415,74.027],[-95.2485,74.01],[-95.3175,73.892],[-95.0745,73.7785],[-94.84,73.6915],[-95.0215,73.6705],[-95.246,73.7595],[-95.4465,73.774],[-95.6565,73.704],[-95.7255,73.6415],[-95.613,73.5965],[-95.685,73.463],[-95.602,73.389],[-95.582,73.1625],[-95.6915,73.087],[-95.719,73.0115],[-95.623,72.9295],[-95.669,72.802],[-95.5745,72.7715],[-95.5925,72.6995],[-95.4515,72.683],[-95.314,72.6075],[-95.314,72.5455],[-95.1355,72.4635],[-95.2355,72.4395],[-95.1635,72.354],[-95.212,72.1965],[-95.0885,72.1005],[-95.187,72.069],[-95.1455,71.966],[-94.7495,72.0155],[-94.345,72.0255],[-94.088,72.0635],[-94.0265,72.155],[-93.811,72.3165],[-93.685,72.335],[-93.464,72.4635],[-93.5605,72.566],[-93.7835,72.63],[-93.793,72.693],[-94.186,72.737],[-94.1555,72.7715],[-93.403,72.7945],[-92.6285,72.7405],[-92.385,72.71],[-92.169,72.7305],[-91.8575,72.848],[-91.4975,73.101],[-91.176,73.354],[-90.9215,73.498],[-90.5105,73.698],[-90.1955,73.902],[-90.291,73.9235]]],[[[-97.737,74.4715],[-97.636,74.46],[-97.377,74.5125],[-97.2605,74.598],[-97.503,74.623],[-97.737,74.4715]]],[[[-95.3625,74.591],[-95.563,74.643],[-95.87,74.581],[-95.7175,74.5325],[-95.3495,74.496],[-95.2555,74.519],[-95.3625,74.591]]],[[[-103.6385,75.1995],[-103.747,75.239],[-103.8205,75.3665],[-104.131,75.4355],[-104.403,75.4325],[-104.677,75.346],[-104.744,75.252],[-104.9065,75.124],[-104.7055,75.069],[-104.2295,75.019],[-103.8675,75.0645],[-103.642,75.1355],[-103.6385,75.1995]]],[[[-93.437,74.9445],[-93.522,75.039],[-93.467,75.12],[-93.5805,75.205],[-93.4995,75.268],[-93.722,75.3135],[-93.786,75.3745],[-94.394,75.604],[-94.8995,75.6445],[-95.151,75.593],[-95.2845,75.6035],[-95.7915,75.501],[-96.039,75.405],[-95.962,75.376],[-96.171,75.287],[-96.0715,75.252],[-96.4695,75.1945],[-96.6045,75.065],[-96.404,74.937],[-96.0945,74.906],[-95.8975,74.826],[-95.3055,74.8055],[-95.054,74.7315],[-95.0885,74.6905],[-94.724,74.632],[-94.451,74.629],[-93.6075,74.654],[-93.4575,74.718],[-93.409,74.889],[-93.437,74.9445]]],[[[-96.575,75.4375],[-96.515,75.55],[-96.2355,75.466],[-95.9105,75.5605],[-96.027,75.609],[-96.287,75.6505],[-96.417,75.595],[-96.7055,75.568],[-97.055,75.499],[-96.9595,75.3845],[-96.6565,75.3885],[-96.575,75.4375]]],[[[-120.998,75.9305],[-121.036,75.817],[-121.2935,75.76],[-121.0585,75.7395],[-120.914,75.8105],[-120.8685,75.883],[-120.998,75.9305]]],[[[-102.8735,75.766],[-102.5045,75.799],[-102.3885,75.8905],[-102.0935,75.9155],[-102,75.956],[-102.2145,75.9925],[-103.045,75.906],[-103.254,75.8295],[-103.3275,75.751],[-102.8735,75.766]]],[[[-94.4855,75.9785],[-94.8525,75.953],[-94.8235,75.8105],[-94.658,75.7465],[-94.3165,75.7645],[-94.4855,75.9785]]],[[[-102.5715,75.9925],[-103.42,76],[-103.7255,75.9785],[-103.914,75.9035],[-103.6915,75.889],[-102.5715,75.9925]]],[[[-117.7845,75.8965],[-117.577,76],[-118.131,76],[-118.621,75.922],[-118.992,75.7615],[-119.332,75.661],[-119.409,75.6015],[-119.1985,75.5645],[-118.614,75.5035],[-118.2525,75.5955],[-118.2705,75.616],[-117.9325,75.74],[-117.9515,75.7745],[-117.7845,75.8965]]],[[[-79.061,76],[-79.426,76],[-79.7175,75.8825],[-79.5725,75.8555],[-79.279,75.8765],[-79.025,75.87],[-79.176,75.958],[-79.061,76]]],[[[-97.425,75.5195],[-97.425,75.6985],[-97.8975,75.737],[-97.6675,75.8025],[-97.57,75.865],[-97.625,76],[-99.9685,76],[-101.3445,76],[-101.5895,75.9245],[-101.415,75.8625],[-101.359,75.7795],[-101.7815,75.874],[-101.833,75.906],[-102.2625,75.87],[-102.374,75.8105],[-102.2465,75.7245],[-102.5225,75.729],[-102.6875,75.678],[-102.776,75.545],[-102.6335,75.498],[-102.4005,75.54],[-102.064,75.5475],[-101.4495,75.6075],[-101.361,75.5785],[-101.062,75.6155],[-100.2235,75.6665],[-99.6655,75.678],[-98.931,75.714],[-98.9605,75.684],[-99.823,75.656],[-99.7035,75.595],[-100.2825,75.527],[-99.9535,75.499],[-100.041,75.457],[-100.5685,75.427],[-100.676,75.3365],[-100.2525,75.263],[-100.5495,75.205],[-100.3985,75.1635],[-100.398,75.059],[-100.33,75.014],[-99.6455,74.976],[-98.954,75.009],[-98.75,74.9885],[-98.035,75.0265],[-97.685,75.17],[-97.76,75.238],[-98.1165,75.298],[-98.123,75.3685],[-97.9235,75.5195],[-97.724,75.572],[-97.425,75.5195]]],[[[-105.395,75.6745],[-105.512,75.8905],[-105.8395,76],[-106.775,76],[-106.875,75.9655],[-106.8625,75.8255],[-107.1075,75.842],[-107.046,75.889],[-107.367,75.9185],[-107.7205,75.886],[-107.8655,75.8105],[-108.0465,75.807],[-107.8975,75.901],[-107.6465,76],[-109.4725,76],[-109.6855,75.948],[-110.0545,75.8965],[-109.6915,75.807],[-109.102,75.75],[-108.835,75.6225],[-108.994,75.568],[-108.8965,75.4925],[-110.0685,75.5475],[-110.4185,75.54],[-110.5135,75.5735],[-111.2745,75.527],[-111.411,75.616],[-111.3615,75.715],[-111.4935,75.8145],[-112.186,75.848],[-111.7815,75.9005],[-111.7695,75.9475],[-112.063,76],[-116.51,76],[-116.714,75.961],[-116.708,75.8995],[-116.2025,75.868],[-114.8575,75.911],[-114.875,75.8675],[-115.578,75.8345],[-115.8005,75.8345],[-116.8855,75.789],[-117.228,75.6335],[-117.1985,75.5755],[-116.1155,75.578],[-115.6975,75.646],[-115.372,75.6605],[-115.263,75.6015],[-115.5895,75.588],[-116.042,75.485],[-116.4475,75.4775],[-117.202,75.481],[-117.3045,75.4585],[-117.675,75.293],[-117.671,75.2445],[-117.51,75.201],[-116.767,75.122],[-116.5455,75.185],[-116.2565,75.211],[-116.3385,75.1155],[-116.1665,75.04],[-115.7155,74.9705],[-115.406,75.103],[-115.1735,75.0995],[-115.196,75.0025],[-114.9585,74.9705],[-114.441,75.068],[-114.196,75.225],[-114.0465,75.3665],[-113.7845,75.3395],[-113.9395,75.1835],[-113.8865,75.058],[-113.666,75.0605],[-113.0835,75.108],[-112.857,75.11],[-112.6935,75.1725],[-112.346,75.1215],[-112.059,75.15],[-111.6785,75.15],[-111.372,75.187],[-111.2435,75.2665],[-110.951,75.2515],[-111.028,75.177],[-111.5555,75.0125],[-111.777,74.985],[-112.063,75.008],[-112.798,74.985],[-113.111,74.9415],[-113.208,74.891],[-113.4955,74.839],[-113.752,74.8345],[-114.2345,74.7585],[-114.44,74.6835],[-114.3925,74.6395],[-114.1735,74.567],[-113.693,74.4445],[-113.024,74.396],[-112.4375,74.4135],[-112.239,74.4485],[-111.6575,74.501],[-111.411,74.57],[-111.001,74.6165],[-110.589,74.7255],[-110.671,74.773],[-110.344,74.7965],[-109.884,74.8705],[-109.582,74.858],[-109.357,74.9465],[-109.0755,74.9885],[-108.824,75.0715],[-108.652,75.055],[-108.4165,74.917],[-108.057,74.937],[-107.7435,75.0525],[-107.6865,74.982],[-107.5125,74.9435],[-107.005,74.924],[-106.76,75.003],[-106.009,75.0565],[-106.047,75.124],[-105.8395,75.1835],[-105.896,75.259],[-105.6615,75.355],[-105.7085,75.4105],[-105.61,75.462],[-105.6895,75.527],[-105.4935,75.5655],[-105.395,75.6745]]],[[[-79.56,74.9915],[-79.78,75.0325],[-80.197,74.958],[-80.4435,75.04],[-79.9685,75.0975],[-79.9355,75.1415],[-79.6285,75.18],[-79.4435,75.287],[-79.591,75.29],[-79.501,75.392],[-79.65,75.47],[-80.376,75.465],[-79.9955,75.524],[-80.0785,75.586],[-80.5035,75.6615],[-81.015,75.6365],[-81.2865,75.6635],[-81.113,75.779],[-82.331,75.8435],[-82.6245,75.8205],[-83.089,75.7405],[-83.431,75.756],[-83.5205,75.7985],[-83.918,75.8145],[-84.178,75.763],[-84.2895,75.7135],[-84.6645,75.691],[-84.658,75.65],[-85.045,75.656],[-85.299,75.575],[-86.0105,75.536],[-86.111,75.485],[-85.792,75.4305],[-86.1965,75.4155],[-86.58,75.4775],[-86.778,75.476],[-87.06,75.551],[-87.1115,75.595],[-87.3655,75.616],[-87.5095,75.544],[-87.751,75.581],[-88.2455,75.4785],[-88.331,75.5605],[-88.58,75.6585],[-88.9005,75.609],[-88.753,75.482],[-88.9175,75.4305],[-89.1025,75.4885],[-89.257,75.636],[-89.1675,75.7505],[-89.1975,75.7965],[-89.688,75.9035],[-89.848,75.968],[-90.0665,76],[-90.245,75.9695],[-90.7895,76],[-92.5525,76],[-92.413,75.9265],[-92.1845,75.895],[-92.1,75.829],[-92.1755,75.7525],[-92.012,75.6635],[-92.0045,75.6015],[-92.3,75.5125],[-92.463,75.3755],[-92.429,75.3415],[-92.504,75.218],[-92.012,75.1015],[-92.2015,75.082],[-92.1955,75.0245],[-92.061,74.963],[-92.0185,74.7775],[-91.621,74.7115],[-91.5135,74.6445],[-91.0995,74.629],[-91.2305,74.7385],[-90.894,74.761],[-90.773,74.731],[-90.7015,74.646],[-89.9485,74.533],[-89.4345,74.5535],[-89.1475,74.608],[-89.0835,74.7195],[-88.7475,74.735],[-88.736,74.7935],[-88.544,74.855],[-88.412,74.759],[-88.567,74.5645],[-88.518,74.501],[-88.242,74.4815],[-87.8775,74.482],[-87.6435,74.4585],[-87.4645,74.4845],[-87.2595,74.468],[-86.6035,74.4715],[-86.3165,74.498],[-86.1245,74.4845],[-85.604,74.498],[-85.4265,74.5875],[-85.333,74.496],[-84.6765,74.5235],[-84.2585,74.5065],[-84.044,74.543],[-83.6855,74.5545],[-83.4935,74.578],[-83.332,74.782],[-83.471,74.817],[-83.5625,74.8925],[-83.0785,74.816],[-83.1305,74.708],[-83.085,74.6385],[-82.92,74.5515],[-82.606,74.5125],[-82.226,74.51],[-82.068,74.477],[-81.7885,74.4585],[-81.32,74.562],[-81.1155,74.579],[-80.542,74.5635],[-80.265,74.578],[-80.1615,74.624],[-80.2455,74.7585],[-79.9475,74.8175],[-79.395,74.8765],[-79.56,74.9915]]],[[[-119.479,76],[-120.436,76],[-120.489,75.847],[-120.2595,75.833],[-119.863,75.859],[-119.702,75.922],[-119.6555,75.986],[-119.479,76]]],[[[-121.1185,76],[-121.495,75.9875],[-121.437,75.9445],[-121.1185,76]]],[[[-122.148,76],[-122.608,76],[-122.619,75.942],[-122.426,75.933],[-122.148,76]]],[[[-79.95,53.352],[-80.043,53.366],[-80.086,53.3305],[-80.018,53.2735],[-79.9235,53.2755],[-79.95,53.352]]],[[[-79.978,56.202],[-79.7155,56.309],[-79.7445,56.366],[-79.86,56.386],[-79.8915,56.3295],[-80.0005,56.326],[-80.098,56.24],[-80.064,56.1875],[-79.978,56.202]]],[[[-79.793,57.4285],[-79.78,57.511],[-79.6965,57.5295],[-79.728,57.617],[-79.8255,57.539],[-79.8465,57.4735],[-79.793,57.4285]]],[[[-80.1085,59.765],[-80.019,59.772],[-79.8815,59.861],[-80.043,59.878],[-80.129,59.8275],[-80.1085,59.765]]],[[[-66.8615,44.727],[-66.839,44.6505],[-66.721,44.663],[-66.7915,44.799],[-66.8615,44.727]]],[[[-73.995,45.32],[-74.121,45.309],[-74.1395,45.251],[-74.003,45.2685],[-73.995,45.32]]],[[[-60.914,45.5665],[-61.0095,45.581],[-61.1115,45.549],[-61.065,45.5045],[-60.962,45.5175],[-60.914,45.5665]]],[[[-73.8575,45.5495],[-73.7315,45.557],[-73.5855,45.7005],[-73.666,45.692],[-73.759,45.6525],[-73.8575,45.5495]]],[[[-73.4995,45.71],[-73.6205,45.6385],[-73.668,45.5755],[-73.78,45.5245],[-73.8435,45.5225],[-73.9625,45.449],[-73.925,45.43],[-73.795,45.467],[-73.619,45.4425],[-73.5415,45.4825],[-73.5405,45.548],[-73.469,45.7055],[-73.4995,45.71]]],[[[-70.8435,47.033],[-70.8855,47.0265],[-71.085,46.9055],[-71.031,46.863],[-70.862,46.946],[-70.8155,46.999],[-70.8435,47.033]]],[[[-60.081,45.7925],[-60.1275,45.8695],[-59.9755,45.875],[-59.862,45.9355],[-59.832,46.003],[-59.909,46.042],[-59.851,46.1045],[-59.882,46.1765],[-60.083,46.246],[-60.174,46.2305],[-60.351,46.312],[-60.4755,46.2335],[-60.6215,46.101],[-60.6225,46.0245],[-60.7815,45.9545],[-60.7225,45.8955],[-60.4165,45.976],[-60.715,45.7925],[-60.73,45.714],[-60.784,45.669],[-60.8355,45.7405],[-60.9475,45.7515],[-61.0495,45.6985],[-61.1335,45.699],[-61.103,45.779],[-60.982,45.8205],[-60.9615,45.915],[-60.8865,45.9085],[-60.815,45.937],[-60.7975,45.9915],[-60.701,46.088],[-60.6125,46.128],[-60.427,46.284],[-60.5095,46.3685],[-60.4615,46.423],[-60.421,46.525],[-60.3505,46.616],[-60.352,46.6865],[-60.309,46.8035],[-60.311,46.8545],[-60.3935,46.863],[-60.4905,46.905],[-60.4615,47.0035],[-60.6035,47.0335],[-60.7015,46.9045],[-60.7695,46.8435],[-60.869,46.8],[-60.972,46.6525],[-61.0575,46.6015],[-61.0305,46.568],[-61.095,46.454],[-61.178,46.3855],[-61.289,46.2425],[-61.459,46.1455],[-61.475,46.0735],[-61.541,46.0405],[-61.5225,45.933],[-61.489,45.8885],[-61.4555,45.71],[-61.335,45.566],[-61.2155,45.6005],[-61.1315,45.56],[-61.0095,45.608],[-60.9075,45.6145],[-60.7525,45.594],[-60.727,45.5655],[-60.512,45.6265],[-60.3955,45.6425],[-60.235,45.707],[-60.199,45.7555],[-60.081,45.7925]]],[[[-62.004,46.464],[-62.185,46.487],[-62.2645,46.474],[-62.517,46.476],[-62.674,46.4645],[-62.953,46.424],[-63.1945,46.431],[-63.238,46.4075],[-63.3325,46.499],[-63.639,46.567],[-63.711,46.5585],[-63.7295,46.4435],[-63.8135,46.456],[-63.881,46.5225],[-63.8335,46.6125],[-63.939,46.6955],[-64.0935,46.78],[-63.975,46.894],[-63.998,46.971],[-64.0525,47.0215],[-64.2315,46.9035],[-64.2725,46.825],[-64.3695,46.759],[-64.417,46.683],[-64.383,46.628],[-64.2305,46.6355],[-64.062,46.57],[-64.108,46.5445],[-64.1345,46.4155],[-63.987,46.3995],[-63.9345,46.423],[-63.806,46.3745],[-63.785,46.32],[-63.628,46.224],[-63.4505,46.196],[-63.2335,46.1455],[-63.1065,46.21],[-62.9975,46.1795],[-62.9175,46.1015],[-62.9315,46.0425],[-62.8465,45.978],[-62.7775,45.9645],[-62.545,45.972],[-62.4855,45.99],[-62.5275,46.0575],[-62.456,46.0805],[-62.464,46.135],[-62.5415,46.128],[-62.587,46.1775],[-62.5765,46.239],[-62.4375,46.2165],[-62.3655,46.2715],[-62.3845,46.3055],[-62.307,46.3445],[-62.1655,46.3585],[-62.0315,46.415],[-62.004,46.464]]],[[[-61.671,47.5465],[-61.8395,47.4365],[-61.9415,47.4025],[-61.9495,47.336],[-61.863,47.3555],[-61.791,47.4645],[-61.671,47.5465]]],[[[-64.5045,47.89],[-64.6585,47.8755],[-64.6965,47.821],[-64.5935,47.7655],[-64.509,47.8445],[-64.5045,47.89]]],[[[-64.319,49.791],[-64.178,49.741],[-63.925,49.675],[-63.764,49.602],[-63.6415,49.5135],[-63.587,49.39],[-63.2775,49.315],[-63.0935,49.233],[-62.8845,49.1965],[-62.682,49.1485],[-62.5065,49.1385],[-62.248,49.068],[-61.882,49.0835],[-61.8115,49.069],[-61.661,49.151],[-61.8825,49.3545],[-62.018,49.3885],[-62.2045,49.414],[-62.264,49.4655],[-62.386,49.4905],[-62.534,49.6045],[-62.6875,49.653],[-62.893,49.6975],[-62.962,49.7405],[-63.124,49.784],[-63.3745,49.8295],[-63.6055,49.85],[-63.9445,49.896],[-64.133,49.95],[-64.4515,49.9095],[-64.5105,49.868],[-64.4245,49.8085],[-64.319,49.791]]],[[[-79.395,52.0835],[-79.4945,52.0595],[-79.656,51.9875],[-79.6215,51.939],[-79.414,51.9385],[-79.3365,51.9635],[-79.3205,52.0335],[-79.395,52.0835]]],[[[-80.7595,52.919],[-80.879,53.032],[-81.123,53.202],[-81.4245,53.229],[-81.615,53.214],[-81.7805,53.18],[-81.883,53.18],[-81.944,53.1435],[-82.0625,53.023],[-81.9515,52.9745],[-81.469,52.8615],[-81.2865,52.844],[-81.027,52.7525],[-80.7845,52.723],[-80.6695,52.742],[-80.7595,52.919]]],[[[-79.286,54.9135],[-79.4695,54.8895],[-79.402,54.852],[-79.286,54.9135]]],[[[-78.7575,56.168],[-78.6815,56.197],[-78.649,56.291],[-78.6625,56.421],[-78.7575,56.435],[-78.825,56.3585],[-78.8405,56.2485],[-78.9195,56.1715],[-78.8335,56.133],[-78.7575,56.168]]],[[[-79.546,56.044],[-79.6455,55.8965],[-79.554,55.8685],[-79.4695,55.8795],[-79.355,55.978],[-79.19,56.213],[-79.1005,56.233],[-79.0425,56.366],[-78.97,56.343],[-78.9225,56.408],[-79.0575,56.437],[-79.131,56.544],[-79.235,56.5515],[-79.361,56.3485],[-79.4095,56.233],[-79.551,56.2665],[-79.737,56.1615],[-80.0255,55.9005],[-79.867,55.8435],[-79.83,55.8985],[-79.723,55.9785],[-79.584,56.1105],[-79.546,56.044]]],[[[-79.906,56.867],[-79.9395,56.7605],[-79.888,56.749],[-79.8175,56.8315],[-79.906,56.867]]],[[[-125.8615,49.2375],[-125.9235,49.197],[-125.88,49.146],[-125.8015,49.144],[-125.786,49.2095],[-125.8615,49.2375]]],[[[-127.779,50.9015],[-127.8175,50.8685],[-127.656,50.838],[-127.7135,50.913],[-127.779,50.9015]]],[[[-55.9275,53.492],[-55.9835,53.4415],[-55.799,53.394],[-55.767,53.4755],[-55.9275,53.492]]],[[[-130.609,53.797],[-130.438,53.757],[-130.42,53.7835],[-130.5695,53.8365],[-130.609,53.797]]],[[[-67.5585,58.411],[-67.6365,58.402],[-67.636,58.291],[-67.531,58.297],[-67.5585,58.411]]],[[[-64.217,63.8425],[-64.334,63.845],[-64.315,63.7395],[-64.174,63.8055],[-64.217,63.8425]]],[[[-64.9655,64.3095],[-65.0755,64.307],[-64.9915,64.193],[-64.8785,64.2295],[-64.9655,64.3095]]],[[[-136.212,69.1795],[-136.222,69.1055],[-136.0215,69.1085],[-136.212,69.1795]]],[[[-81.6435,69.4145],[-81.897,69.417],[-81.8305,69.3445],[-81.4855,69.347],[-81.506,69.407],[-81.6435,69.4145]]],[[[-82.506,69.7905],[-82.6475,69.826],[-82.8155,69.782],[-82.559,69.7435],[-82.506,69.7905]]],[[[-88.087,48.8265],[-88.0685,48.712],[-87.991,48.753],[-87.818,48.759],[-87.773,48.796],[-87.7725,48.8595],[-87.966,48.8675],[-88.087,48.8265]]],[[[-87.67,48.7475],[-87.6055,48.76],[-87.6875,48.842],[-87.7385,48.753],[-87.67,48.7475]]],[[[-112.312,61.869],[-112.0795,61.9665],[-112.459,61.8965],[-112.5785,61.8395],[-112.871,61.79],[-112.9045,61.754],[-112.4965,61.7975],[-112.312,61.869]]],[[[-112.2335,61.8065],[-112.4535,61.7085],[-112.559,61.6225],[-112.474,61.5975],[-112.32,61.6475],[-112.407,61.679],[-112.2885,61.7325],[-112.2335,61.8065]]],[[[-112.7135,61.6565],[-112.5795,61.667],[-112.518,61.7325],[-112.5805,61.768],[-112.712,61.7265],[-112.7135,61.6565]]],[[[-116.51,61.1085],[-116.696,61.192],[-116.8435,61.176],[-116.907,61.122],[-116.7265,61.068],[-116.554,61.0815],[-116.51,61.1085]]],[[[-119.45,66.8375],[-119.3605,66.833],[-119.1135,66.8785],[-119.2715,66.9055],[-119.45,66.8375]]],[[[-118.5465,65.713],[-118.4975,65.6885],[-118.144,65.767],[-118.23,65.83],[-118.3175,65.825],[-118.5465,65.713]]],[[[-111.8385,62.19],[-111.668,62.2015],[-111.576,62.2525],[-111.726,62.2695],[-111.8385,62.19]]],[[[-85.6105,47.739],[-85.61,47.773],[-85.734,47.808],[-85.8585,47.8035],[-85.938,47.727],[-85.7335,47.718],[-85.6105,47.739]]],[[[-97.8985,52.3335],[-97.9185,52.4535],[-97.959,52.5425],[-98.0195,52.5165],[-98.0555,52.4325],[-97.9695,52.317],[-97.8985,52.3335]]],[[[-96.6025,51.186],[-96.694,51.2055],[-96.7685,51.086],[-96.85,51.0415],[-96.7855,51.0115],[-96.692,51.0415],[-96.6025,51.186]]],[[[-96.3605,51.2195],[-96.4415,51.2615],[-96.5485,51.2135],[-96.5585,51.177],[-96.3605,51.2195]]],[[[-112.7745,61.9535],[-112.7525,61.9165],[-112.4695,61.956],[-112.3165,62.0395],[-112.6795,62.023],[-112.7745,61.9535]]],[[[-111.9935,62.036],[-111.8925,62.0165],[-111.658,62.1295],[-111.802,62.1225],[-111.9935,62.036]]],[[[-83.267,45.9605],[-83.3525,46.002],[-83.417,45.989],[-83.48,45.927],[-83.376,45.863],[-83.2815,45.909],[-83.267,45.9605]]],[[[-81.6795,45.909],[-81.7535,45.8485],[-81.91,45.906],[-81.8945,45.953],[-81.9535,45.988],[-82.0885,45.944],[-82.14,45.8555],[-82.2845,45.931],[-82.3095,45.99],[-82.49,45.9525],[-82.592,45.889],[-82.5065,45.847],[-82.523,45.8055],[-82.66,45.865],[-82.76,45.847],[-82.837,45.931],[-82.81,45.9925],[-82.9515,45.9645],[-83.1185,45.953],[-83.226,45.9295],[-83.225,45.887],[-83.082,45.868],[-82.9515,45.8135],[-82.7655,45.788],[-82.684,45.7945],[-82.532,45.75],[-82.4525,45.705],[-82.339,45.695],[-82.174,45.608],[-82.016,45.5685],[-81.8415,45.6875],[-81.847,45.6315],[-81.9305,45.5685],[-81.842,45.5255],[-81.805,45.5455],[-81.605,45.752],[-81.6055,45.806],[-81.6795,45.909]]],[[[-81.921,46.0095],[-81.794,46.0015],[-81.8035,46.058],[-81.941,46.053],[-81.921,46.0095]]],[[[-76.4085,44.135],[-76.351,44.189],[-76.4595,44.206],[-76.4995,44.1665],[-76.4085,44.135]]],[[[-76.6405,44.1755],[-76.66,44.2005],[-76.7945,44.1625],[-76.703,44.1245],[-76.6405,44.1755]]],[[[-80.2215,45.311],[-80.18,45.2445],[-80.097,45.291],[-80.1835,45.334],[-80.2215,45.311]]],[[[-83.815,46.143],[-83.7825,46.223],[-83.843,46.269],[-83.986,46.3105],[-84.109,46.2925],[-84.069,46.211],[-83.9255,46.077],[-83.87,46.1625],[-83.815,46.143]]]]},"properties":{"ADMIN":"Canada"}},
{"type":"Feature","geometry":{"type":"MultiPolygon","coordinates":[[[[-97.1395,25.966],[-97.253,25.9635],[-97.355,25.913],[-97.3455,25.852],[-97.4255,25.855],[-97.4485,25.8925],[-97.5205,25.913],[-97.6795,26.0345],[-97.802,26.0635],[-97.9415,26.057],[-98.2225,26.0755],[-98.3005,26.1115],[-98.3695,26.194],[-98.5815,26.2625],[-98.6405,26.242],[-98.74,26.3035],[-98.796,26.3685],[-98.893,26.368],[-98.963,26.3995],[-99.0855,26.4075],[-99.115,26.5255],[-99.165,26.5405],[-99.181,26.63],[-99.2485,26.827],[-99.377,26.954],[-99.3995,27.0125],[-99.4615,27.057],[-99.432,27.2075],[-99.4975,27.339],[-99.473,27.4265],[-99.5095,27.5],[-99.507,27.574],[-99.6,27.6465],[-99.7005,27.659],[-99.7405,27.722],[-99.8635,27.8045],[-99.879,27.902],[-100.0005,28.0205],[-100.075,28.1545],[-100.1975,28.207],[-100.2845,28.2965],[-100.3515,28.4965],[-100.397,28.5925],[-100.494,28.7085],[-100.519,28.805],[-100.6245,28.9245],[-100.669,29.116],[-100.7625,29.174],[-100.816,29.271],[-101.016,29.39],[-101.038,29.46],[-101.1635,29.5015],[-101.2265,29.5545],[-101.219,29.6105],[-101.3645,29.6765],[-101.4095,29.766],[-101.554,29.7965],[-101.632,29.7755],[-101.972,29.818],[-102.1095,29.802],[-102.302,29.8895],[-102.3745,29.848],[-102.406,29.7775],[-102.5155,29.7845],[-102.621,29.7475],[-102.6835,29.7435],[-102.7795,29.5925],[-102.841,29.4385],[-102.8375,29.3665],[-102.883,29.344],[-102.897,29.2205],[-102.9885,29.177],[-103.016,29.127],[-103.1045,29.058],[-103.148,28.985],[-103.3015,29.0025],[-103.4785,29.082],[-103.5415,29.149],[-103.673,29.1735],[-103.7775,29.2355],[-103.794,29.2775],[-103.928,29.293],[-104.0575,29.339],[-104.1945,29.449],[-104.267,29.5265],[-104.349,29.5375],[-104.444,29.589],[-104.531,29.668],[-104.5705,29.7875],[-104.6195,29.833],[-104.6805,29.9425],[-104.699,30.0315],[-104.6815,30.193],[-104.7495,30.2645],[-104.8525,30.439],[-104.8865,30.552],[-105.0085,30.677],[-105.087,30.71],[-105.1335,30.758],[-105.2295,30.81],[-105.364,30.8505],[-105.4155,30.9025],[-105.556,31.0025],[-105.591,31.0715],[-105.768,31.18],[-105.862,31.2885],[-106.0045,31.397],[-106.1645,31.448],[-106.209,31.4775],[-106.2865,31.58],[-106.3585,31.7175],[-106.429,31.7585],[-106.517,31.774],[-107.2835,31.7755],[-108.215,31.778],[-108.215,31.3275],[-108.9835,31.3275],[-109.582,31.3275],[-110.5215,31.327],[-111.0065,31.327],[-111.067,31.3335],[-111.506,31.475],[-112.3245,31.728],[-113.143,31.981],[-113.9615,32.234],[-114.822,32.5],[-114.8025,32.5945],[-114.7245,32.713],[-115.2795,32.671],[-115.794,32.632],[-116.5295,32.5765],[-117.125,32.5315],[-117.1185,32.4545],[-117.025,32.277],[-116.9485,32.247],[-116.887,32.132],[-116.8755,32.0345],[-116.8425,31.9865],[-116.77,31.978],[-116.755,31.9095],[-116.6195,31.8575],[-116.6195,31.7715],[-116.6685,31.697],[-116.648,31.659],[-116.6755,31.5525],[-116.596,31.478],[-116.53,31.4405],[-116.454,31.3385],[-116.3415,31.2195],[-116.3095,31.1485],[-116.3355,30.9565],[-116.2495,30.957],[-116.176,30.86],[-116.068,30.813],[-116.037,30.73],[-116.031,30.627],[-116.0495,30.4795],[-116.0045,30.359],[-115.933,30.4],[-115.8375,30.3465],[-115.7985,30.2405],[-115.802,30.143],[-115.7835,30.0925],[-115.811,29.968],[-115.729,29.935],[-115.686,29.8305],[-115.6975,29.756],[-115.5935,29.692],[-115.4985,29.6115],[-115.452,29.62],[-115.3715,29.557],[-115.2855,29.53],[-115.187,29.4285],[-115.104,29.419],[-114.972,29.378],[-114.7855,29.194],[-114.744,29.1875],[-114.722,29.1175],[-114.6315,29.0945],[-114.53,28.9255],[-114.4765,28.929],[-114.4025,28.86],[-114.348,28.764],[-114.2755,28.696],[-114.272,28.659],[-114.166,28.647],[-114.16,28.566],[-114.1105,28.562],[-114.0425,28.4585],[-114.125,28.2555],[-114.0575,28.2065],[-114.113,28.1205],[-114.0995,28.055],[-114.0395,28.0275],[-114.0945,27.9575],[-114.151,28.0045],[-114.1825,27.931],[-114.1345,27.877],[-114.173,27.827],[-114.141,27.731],[-114.1045,27.7075],[-113.994,27.75],[-113.9185,27.7195],[-113.9535,27.6555],[-114.0425,27.6795],[-114.103,27.621],[-114.151,27.6695],[-114.2825,27.736],[-114.312,27.7795],[-114.2905,27.8335],[-114.3255,27.8745],[-114.433,27.8005],[-114.499,27.774],[-114.6045,27.7745],[-114.9235,27.8365],[-115.053,27.822],[-115.0015,27.716],[-114.8865,27.695],[-114.849,27.6405],[-114.7815,27.603],[-114.734,27.5215],[-114.5965,27.477],[-114.5065,27.406],[-114.4845,27.3245],[-114.4875,27.238],[-114.395,27.183],[-114.2905,27.1465],[-114.2365,27.1535],[-114.1145,27.1055],[-114.005,26.9775],[-113.96,26.998],[-113.8785,26.9835],[-113.8165,26.949],[-113.725,26.8],[-113.637,26.7255],[-113.543,26.719],[-113.504,26.7935],[-113.364,26.795],[-113.286,26.7495],[-113.264,26.8115],[-113.204,26.8535],[-113.1925,26.945],[-113.126,26.938],[-113.1375,26.8575],[-113.2125,26.7925],[-113.143,26.7575],[-113.057,26.65],[-113.0605,26.599],[-112.7285,26.37],[-112.689,26.3225],[-112.613,26.3165],[-112.4985,26.235],[-112.4425,26.2605],[-112.3435,26.178],[-112.293,26.0495],[-112.2385,26.041],[-112.1985,25.995],[-112.131,25.8165],[-112.076,25.7135],[-112.063,25.6255],[-112.078,25.2585],[-112.1305,25.172],[-112.1425,25.086],[-112.1305,25.0095],[-112.166,24.954],[-112.1035,24.9405],[-112.124,24.874],[-112.088,24.7735],[-112.0115,24.7395],[-111.9665,24.7785],[-111.849,24.6535],[-111.815,24.57],[-111.813,24.506],[-111.679,24.5865],[-111.6195,24.473],[-111.5225,24.4045],[-111.4445,24.3245],[-111.2275,24.2175],[-111.0395,24.104],[-110.816,23.9085],[-110.6475,23.734],[-110.5775,23.6815],[-110.4045,23.6085],[-110.3075,23.541],[-110.1675,23.321],[-110.1515,23.2265],[-110.0985,23.0175],[-110.06,22.951],[-109.9545,22.872],[-109.8955,22.874],[-109.7315,22.9875],[-109.713,23.031],[-109.5315,23.108],[-109.463,23.195],[-109.4255,23.297],[-109.4265,23.4585],[-109.4685,23.504],[-109.4765,23.56],[-109.68,23.648],[-109.7115,23.749],[-109.6985,23.7985],[-109.839,23.952],[-109.8035,24.022],[-109.8285,24.063],[-109.9315,24.0295],[-109.9875,24.0465],[-110.018,24.1695],[-110.173,24.253],[-110.2325,24.343],[-110.3325,24.329],[-110.3365,24.256],[-110.301,24.217],[-110.3505,24.1145],[-110.417,24.1085],[-110.402,24.1755],[-110.5625,24.2125],[-110.61,24.2535],[-110.682,24.3605],[-110.687,24.466],[-110.7385,24.5545],[-110.7235,24.681],[-110.694,24.7],[-110.657,24.807],[-110.758,25.012],[-110.814,25.033],[-110.9045,25.143],[-111.0265,25.4585],[-111.0195,25.5155],[-111.114,25.5255],[-111.1915,25.615],[-111.225,25.7245],[-111.307,25.779],[-111.3605,25.964],[-111.3185,26.0735],[-111.3975,26.252],[-111.3935,26.33],[-111.4615,26.4],[-111.468,26.4665],[-111.442,26.5175],[-111.549,26.5485],[-111.569,26.576],[-111.56,26.6955],[-111.648,26.7465],[-111.745,26.844],[-111.818,26.896],[-111.8515,26.8805],[-111.794,26.69],[-111.677,26.582],[-111.736,26.5395],[-111.905,26.7345],[-111.8615,26.784],[-111.8705,26.828],[-111.952,26.892],[-112.017,26.9785],[-111.97,27.068],[-112.011,27.117],[-112.155,27.162],[-112.213,27.2105],[-112.1955,27.25],[-112.287,27.366],[-112.333,27.5165],[-112.373,27.564],[-112.485,27.62],[-112.598,27.6545],[-112.7035,27.755],[-112.7195,27.819],[-112.773,27.864],[-112.7605,27.998],[-112.7995,28.0175],[-112.812,28.1205],[-112.794,28.1905],[-112.872,28.2835],[-112.8495,28.3825],[-112.9025,28.4755],[-113.0015,28.4555],[-113.103,28.5045],[-113.1315,28.6045],[-113.194,28.744],[-113.196,28.792],[-113.2605,28.84],[-113.3545,28.8005],[-113.379,28.9],[-113.4785,28.946],[-113.525,28.8915],[-113.5615,29.0235],[-113.536,29.0515],[-113.6565,29.2185],[-113.623,29.2525],[-113.771,29.408],[-113.8325,29.435],[-113.9815,29.568],[-114.0465,29.5965],[-114.271,29.772],[-114.3395,29.7445],[-114.392,29.783],[-114.4275,29.9075],[-114.533,29.968],[-114.5805,30.0725],[-114.6605,30.1835],[-114.6295,30.425],[-114.6495,30.5545],[-114.6985,30.637],[-114.687,30.745],[-114.7205,30.941],[-114.8325,31.0065],[-114.8135,31.05],[-114.864,31.0895],[-114.8885,31.163],[-114.875,31.3285],[-114.8525,31.3895],[-114.853,31.5265],[-114.7805,31.656],[-114.828,31.79],[-114.87,31.84],[-114.8425,31.8615],[-114.7935,31.8165],[-114.747,31.81],[-114.677,31.764],[-114.5845,31.761],[-114.4945,31.6775],[-114.3275,31.5945],[-114.288,31.5525],[-114.159,31.4945],[-114.029,31.4915],[-113.963,31.563],[-113.8755,31.5965],[-113.7745,31.5635],[-113.6595,31.4975],[-113.6095,31.353],[-113.549,31.2955],[-113.2785,31.2505],[-113.233,31.288],[-113.197,31.225],[-113.117,31.2175],[-113.0485,31.1565],[-113.056,31.0305],[-113.1,30.979],[-113.1,30.907],[-113.129,30.8125],[-113.08,30.6705],[-112.9865,30.5325],[-112.8705,30.4285],[-112.8485,30.2885],[-112.753,30.186],[-112.759,30.059],[-112.7305,30.0135],[-112.7515,29.9245],[-112.6865,29.908],[-112.536,29.688],[-112.506,29.617],[-112.432,29.561],[-112.378,29.4855],[-112.42,29.376],[-112.357,29.319],[-112.2635,29.33],[-112.2115,29.253],[-112.227,29.1885],[-112.165,29.11],[-112.184,29.084],[-112.1505,28.963],[-112.1055,28.9575],[-112.0305,28.8615],[-111.9675,28.8415],[-111.8945,28.7805],[-111.9205,28.72],[-111.7605,28.584],[-111.7085,28.46],[-111.4735,28.381],[-111.439,28.3085],[-111.2505,28.052],[-111.172,27.99],[-111.059,27.937],[-110.9995,27.964],[-110.863,27.8765],[-110.808,27.928],[-110.671,27.8985],[-110.5865,27.837],[-110.589,27.7225],[-110.6265,27.6085],[-110.589,27.512],[-110.5875,27.4495],[-110.555,27.385],[-110.4995,27.3935],[-110.4255,27.302],[-110.4035,27.2455],[-110.3365,27.172],[-110.2875,27.1485],[-110.091,27.1025],[-109.982,27.115],[-109.917,27.06],[-109.911,26.952],[-109.8565,26.801],[-109.7685,26.7065],[-109.6945,26.678],[-109.55,26.728],[-109.4415,26.7145],[-109.4285,26.672],[-109.314,26.5685],[-109.2555,26.498],[-109.239,26.4195],[-109.253,26.349],[-109.1565,26.364],[-109.0935,26.2255],[-109.156,26.255],[-109.164,26.3315],[-109.2255,26.3345],[-109.2315,26.2625],[-109.268,26.18],[-109.3425,26.135],[-109.4335,26.0215],[-109.419,25.896],[-109.4405,25.7935],[-109.288,25.7165],[-109.3005,25.659],[-109.2245,25.669],[-109.171,25.6485],[-109.1135,25.5845],[-109.0415,25.6045],[-108.9895,25.663],[-108.901,25.7005],[-108.9065,25.639],[-108.9725,25.58],[-109.0705,25.5805],[-109.116,25.5365],[-109.0345,25.465],[-109.002,25.5],[-108.888,25.4895],[-108.8895,25.5635],[-108.7935,25.5365],[-108.73,25.406],[-108.657,25.392],[-108.554,25.308],[-108.451,25.2695],[-108.396,25.214],[-108.3615,25.2695],[-108.3175,25.2285],[-108.3335,25.161],[-108.218,25.173],[-108.173,25.1135],[-108.107,25.117],[-108.0035,25.0315],[-108.1055,25.027],[-108.128,24.984],[-108.1865,24.9865],[-108.1555,24.883],[-108.0875,24.823],[-108.041,24.8385],[-108.0055,24.899],[-107.9715,24.779],[-108.036,24.785],[-107.995,24.6485],[-107.8205,24.595],[-107.739,24.5075],[-107.6765,24.5015],[-107.624,24.4585],[-107.519,24.5115],[-107.4785,24.4],[-107.543,24.3465],[-107.4045,24.2525],[-107.378,24.207],[-107.1695,24.0765],[-107.036,23.981],[-106.902,23.8465],[-106.861,23.755],[-106.8135,23.6995],[-106.793,23.6325],[-106.7505,23.619],[-106.612,23.469],[-106.523,23.4075],[-106.43,23.2305],[-106.2775,23.0835],[-106.2205,23.052],[-106.032,22.83],[-105.9425,22.7815],[-105.8,22.6385],[-105.7325,22.504],[-105.655,22.2565],[-105.6575,22.0475],[-105.6325,21.9555],[-105.5495,21.83],[-105.414,21.601],[-105.2635,21.5135],[-105.2,21.493],[-105.185,21.443],[-105.243,21.342],[-105.216,21.2045],[-105.233,21.183],[-105.2345,21.061],[-105.3095,21.0305],[-105.358,20.9575],[-105.404,20.929],[-105.514,20.7705],[-105.411,20.734],[-105.3615,20.763],[-105.31,20.727],[-105.284,20.67],[-105.2345,20.636],[-105.2435,20.5835],[-105.3285,20.5135],[-105.4605,20.4925],[-105.5755,20.4875],[-105.6985,20.407],[-105.6555,20.313],[-105.553,20.2015],[-105.5255,20.032],[-105.4285,19.8895],[-105.3515,19.8045],[-105.251,19.666],[-105.152,19.584],[-105.0875,19.561],[-105.07,19.448],[-105.017,19.3685],[-104.8805,19.279],[-104.8155,19.2995],[-104.807,19.229],[-104.7335,19.2285],[-104.636,19.1595],[-104.504,19.1295],[-104.4515,19.1045],[-104.3545,19.112],[-104.304,19.0815],[-104.3315,19.0225],[-104.1805,18.9715],[-103.98,18.875],[-103.7945,18.741],[-103.7,18.6545],[-103.71,18.601],[-103.575,18.4925],[-103.4985,18.3335],[-103.3615,18.267],[-103.221,18.234],[-103.1135,18.192],[-103.0245,18.186],[-102.7425,18.067],[-102.597,18.049],[-102.2885,17.9615],[-102.1905,17.916],[-102.1005,17.9825],[-102.0365,17.9905],[-101.811,17.8905],[-101.7455,17.792],[-101.672,17.7405],[-101.6445,17.6685],[-101.595,17.6355],[-101.4965,17.6145],[-101.4405,17.557],[-101.456,17.5265],[-101.263,17.456],[-101.182,17.4125],[-101.008,17.253],[-100.713,17.152],[-100.32,17.0225],[-99.9915,16.9095],[-99.8405,16.8085],[-99.741,16.7305],[-99.6055,16.683],[-99.4945,16.686],[-99.3745,16.668],[-99.144,16.611],[-98.8565,16.528],[-98.777,16.555],[-98.698,16.462],[-98.5825,16.3605],[-98.568,16.324],[-98.4455,16.278],[-98.316,16.2555],[-98.124,16.209],[-98.085,16.165],[-97.9445,16.0875],[-97.7725,15.9795],[-97.5295,15.968],[-97.459,15.945],[-97.266,15.936],[-97.1605,15.904],[-97.0225,15.807],[-96.9305,15.7825],[-96.845,15.7325],[-96.681,15.7095],[-96.556,15.659],[-96.486,15.661],[-96.431,15.696],[-96.2365,15.6835],[-96.1275,15.7525],[-95.96,15.828],[-95.801,15.8705],[-95.755,15.8995],[-95.6625,15.9115],[-95.5725,15.957],[-95.4345,15.9755],[-95.3725,16.0275],[-95.3535,16.0795],[-95.3055,16.0935],[-95.233,16.158],[-95.1495,16.187],[-95.0655,16.1835],[-94.896,16.2115],[-94.901,16.2465],[-95.064,16.2685],[-95.0335,16.3265],[-94.975,16.3265],[-94.9215,16.3955],[-94.852,16.429],[-94.8075,16.395],[-94.7635,16.2935],[-94.6545,16.3635],[-94.581,16.3265],[-94.587,16.2825],[-94.712,16.2305],[-94.701,16.1955],[-94.4395,16.187],[-94.019,16.031],[-94.0565,16.076],[-94.23,16.1635],[-94.2925,16.141],[-94.3455,16.163],[-94.414,16.234],[-94.3635,16.287],[-94.307,16.2375],[-94.224,16.2035],[-94.128,16.221],[-94.1165,16.179],[-94.0425,16.1255],[-93.898,16.089],[-93.854,16.025],[-93.9435,16.0105],[-93.656,15.8395],[-93.471,15.7005],[-93.2285,15.502],[-93.078,15.3485],[-92.983,15.2655],[-92.824,15.173],[-92.825,15.1355],[-92.7,14.999],[-92.508,14.807],[-92.306,14.615],[-92.2465,14.5465],[-92.208,14.5705],[-92.1615,14.7025],[-92.191,14.814],[-92.1545,14.901],[-92.154,14.996],[-92.104,15.018],[-92.074,15.0735],[-92.2035,15.237],[-92.2045,15.2895],[-91.752,16.0465],[-91.724,16.069],[-90.989,16.07],[-90.4855,16.0705],[-90.4325,16.173],[-90.4595,16.259],[-90.399,16.3475],[-90.395,16.419],[-90.476,16.4305],[-90.5435,16.49],[-90.5845,16.48],[-90.648,16.5295],[-90.634,16.592],[-90.7355,16.7465],[-90.8315,16.8055],[-90.9005,16.826],[-90.969,16.8745],[-91.067,16.918],[-91.121,17.0185],[-91.171,17.028],[-91.2905,17.189],[-91.365,17.19],[-91.431,17.255],[-90.992,17.252],[-90.991,17.802],[-90.962,17.816],[-90.2595,17.8155],[-89.6,17.8145],[-89.1605,17.8145],[-89.1615,17.9015],[-89.1325,17.9705],[-89.0495,17.999],[-88.8805,17.8885],[-88.7365,18.052],[-88.6965,18.178],[-88.617,18.2355],[-88.6075,18.2835],[-88.555,18.352],[-88.533,18.4435],[-88.489,18.4845],[-88.304,18.4815],[-88.2835,18.4915],[-88.104,18.8025],[-88.0365,18.875],[-88.0045,18.787],[-88.002,18.69],[-88.0775,18.536],[-88.078,18.4985],[-87.935,18.443],[-87.8445,18.262],[-87.8195,18.3385],[-87.771,18.4065],[-87.739,18.536],[-87.7235,18.681],[-87.662,18.767],[-87.626,18.8895],[-87.606,19.0205],[-87.549,19.133],[-87.4955,19.3275],[-87.567,19.317],[-87.639,19.221],[-87.688,19.242],[-87.6555,19.373],[-87.5715,19.428],[-87.526,19.4065],[-87.433,19.492],[-87.423,19.558],[-87.5155,19.548],[-87.5645,19.568],[-87.6665,19.5525],[-87.7315,19.6005],[-87.7345,19.684],[-87.6285,19.7085],[-87.6005,19.7715],[-87.5495,19.8175],[-87.497,19.8295],[-87.4715,19.8845],[-87.4715,20.069],[-87.444,20.191],[-87.379,20.2665],[-87.354,20.327],[-87.235,20.4925],[-87.1805,20.547],[-87.0675,20.619],[-86.943,20.7625],[-86.8755,20.855],[-86.8235,21.02],[-86.7415,21.164],[-86.791,21.1585],[-86.815,21.205],[-86.828,21.4335],[-86.925,21.446],[-86.998,21.566],[-87.0435,21.602],[-87.134,21.6195],[-87.3245,21.541],[-87.2565,21.528],[-87.153,21.5685],[-87.13,21.5195],[-87.166,21.4725],[-87.238,21.443],[-87.474,21.467],[-87.502,21.4995],[-87.6185,21.5205],[-87.778,21.5105],[-87.77,21.5525],[-87.858,21.5645],[-87.962,21.6],[-88.1295,21.616],[-88.2825,21.5565],[-88.448,21.575],[-88.6055,21.534],[-88.7025,21.4585],[-88.879,21.413],[-89.123,21.3635],[-89.459,21.325],[-89.598,21.302],[-89.786,21.2845],[-89.9215,21.2405],[-89.982,21.199],[-90.0995,21.164],[-90.3325,21.0325],[-90.36,21.0005],[-90.449,20.742],[-90.49,20.534],[-90.4745,20.4085],[-90.4885,20.312],[-90.4975,20.0675],[-90.467,20.0135],[-90.478,19.922],[-90.517,19.8815],[-90.6645,19.782],[-90.7095,19.6875],[-90.73,19.376],[-90.803,19.283],[-90.8565,19.2585],[-90.9355,19.163],[-91.0795,19.0875],[-91.1615,19.0165],[-91.2815,18.9655],[-91.431,18.88],[-91.367,18.771],[-91.3025,18.781],[-91.2655,18.7355],[-91.285,18.6365],[-91.333,18.5735],[-91.504,18.512],[-91.5445,18.449],[-91.682,18.4505],[-91.829,18.4775],[-91.878,18.538],[-91.9905,18.5395],[-92.046,18.5665],[-91.9945,18.6155],[-91.905,18.5945],[-91.867,18.6285],[-91.948,18.691],[-92.06,18.7015],[-92.405,18.671],[-92.611,18.622],[-92.681,18.623],[-92.7595,18.5365],[-92.8555,18.466],[-92.94,18.4455],[-93.4445,18.442],[-93.5805,18.4165],[-93.593,18.345],[-93.684,18.355],[-93.7625,18.324],[-93.7675,18.281],[-93.8785,18.257],[-93.8615,18.3065],[-94.207,18.1895],[-94.467,18.144],[-94.581,18.19],[-94.6285,18.2855],[-94.718,18.375],[-94.769,18.4835],[-94.808,18.5235],[-95.0025,18.5555],[-95.0515,18.6125],[-95.2085,18.7085],[-95.495,18.7075],[-95.7285,18.757],[-95.852,18.717],[-95.9035,18.882],[-95.942,18.939],[-95.977,19.0585],[-96.041,19.0655],[-96.0885,19.1155],[-96.132,19.236],[-96.1575,19.225],[-96.2785,19.3145],[-96.3205,19.439],[-96.3155,19.482],[-96.36,19.537],[-96.405,19.742],[-96.456,19.869],[-96.51,19.93],[-96.676,20.158],[-96.815,20.2905],[-96.9255,20.4105],[-96.9405,20.449],[-97.0345,20.5145],[-97.1505,20.647],[-97.1985,20.739],[-97.197,20.81],[-97.338,21.055],[-97.3975,21.205],[-97.497,21.4005],[-97.4895,21.481],[-97.5775,21.501],[-97.6575,21.6365],[-97.7085,21.8275],[-97.7195,21.952],[-97.6475,21.8845],[-97.625,21.7945],[-97.487,21.6365],[-97.379,21.5545],[-97.3745,21.5045],[-97.472,21.438],[-97.4315,21.3425],[-97.398,21.3415],[-97.348,21.418],[-97.316,21.561],[-97.3425,21.603],[-97.508,21.723],[-97.6105,21.836],[-97.7605,22.096],[-97.7745,22.2535],[-97.809,22.3405],[-97.82,22.4335],[-97.8895,22.6255],[-97.836,22.761],[-97.795,22.8085],[-97.7425,22.972],[-97.7685,23.26],[-97.758,23.4405],[-97.722,23.7395],[-97.7165,24.008],[-97.6515,24.516],[-97.459,25.1795],[-97.3195,25.39],[-97.2615,25.4995],[-97.165,25.7235],[-97.1675,25.8285],[-97.1395,25.966]]],[[[-110.946,18.8],[-111.0005,18.868],[-111.067,18.7685],[-110.9795,18.717],[-110.9245,18.7275],[-110.946,18.8]]],[[[-106.5125,21.597],[-106.5345,21.6575],[-106.642,21.6965],[-106.631,21.601],[-106.545,21.562],[-106.5125,21.597]]],[[[-109.8355,24.2245],[-109.9375,24.325],[-109.9005,24.199],[-109.8625,24.147],[-109.7985,24.155],[-109.8355,24.2245]]],[[[-111.7535,24.447],[-111.818,24.4675],[-111.8645,24.5205],[-111.9715,24.5185],[-111.7105,24.3185],[-111.6925,24.374],[-111.7535,24.447]]],[[[-110.325,24.516],[-110.3865,24.587],[-110.4155,24.5695],[-110.3845,24.4735],[-110.3265,24.4005],[-110.288,24.4695],[-110.325,24.516]]],[[[-110.711,25.095],[-110.7135,25.029],[-110.676,25.011],[-110.6545,24.946],[-110.574,24.8875],[-110.593,25.0345],[-110.6685,25.053],[-110.711,25.095]]],[[[-112.1035,24.617],[-112.1155,24.6895],[-112.2135,24.8475],[-112.191,24.89],[-112.2065,25.0175],[-112.275,24.8395],[-112.146,24.732],[-112.1665,24.671],[-112.1035,24.617]]],[[[-111.081,25.9985],[-111.071,26.0535],[-111.176,26.0435],[-111.1695,25.9875],[-111.211,25.929],[-111.181,25.9025],[-111.081,25.9985]]],[[[-115.195,28.3415],[-115.2625,28.299],[-115.24,28.2335],[-115.334,28.125],[-115.2065,28.038],[-115.1555,28.1705],[-115.1625,28.2615],[-115.195,28.3415]]],[[[-112.2745,28.7685],[-112.1955,29.0215],[-112.2725,29.1375],[-112.2815,29.2255],[-112.4385,29.202],[-112.4805,29.155],[-112.5005,29.0755],[-112.486,28.9715],[-112.526,28.909],[-112.583,28.8755],[-112.382,28.774],[-112.2745,28.7685]]],[[[-113.138,29.065],[-113.1745,29.129],[-113.183,29.2895],[-113.2555,29.2855],[-113.3705,29.31],[-113.35,29.384],[-113.395,29.4595],[-113.477,29.532],[-113.549,29.533],[-113.589,29.4095],[-113.354,29.1705],[-113.3005,29.145],[-113.2295,29.0595],[-113.115,28.9845],[-113.138,29.065]]],[[[-114.786,31.803],[-114.798,31.7565],[-114.7155,31.695],[-114.6695,31.721],[-114.755,31.798],[-114.786,31.803]]],[[[-91.6005,18.772],[-91.74,18.704],[-91.66,18.6925],[-91.6005,18.772]]],[[[-86.749,20.592],[-86.8465,20.549],[-86.937,20.547],[-87.008,20.436],[-87.019,20.3325],[-86.9955,20.261],[-86.9265,20.3135],[-86.844,20.4375],[-86.797,20.4775],[-86.749,20.592]]],[[[-118.2515,29.0895],[-118.2965,29.186],[-118.357,29.1495],[-118.3555,29.067],[-118.3045,28.998],[-118.2835,28.8925],[-118.226,28.915],[-118.2205,29.015],[-118.2515,29.0895]]],[[[-89.664,22.371],[-89.6345,22.379],[-89.61,22.461],[-89.655,22.472],[-89.698,22.4175],[-89.664,22.371]]]]},"properties":{"ADMIN":"Mexico"}},
{"type":"Feature","geometry":{"type":"MultiPolygon","coordinates":[[[[-88.914,15.894],[-88.9275,15.984],[-88.7455,16.155],[-88.74,16.23],[-88.536,16.274],[-88.5265,16.309],[-88.448,16.395],[-88.391,16.515],[-88.393,16.552],[-88.306,16.653],[-88.3015,16.7715],[-88.2595,16.8435],[-88.2835,16.8915],[-88.215,16.967],[-88.2485,17.0795],[-88.2795,17.0915],[-88.3005,17.178],[-88.2865,17.3395],[-88.231,17.4965],[-88.2835,17.5805],[-88.2145,17.773],[-88.2085,17.882],[-88.1495,17.9715],[-88.0915,18.1185],[-88.0835,18.21],[-88.1085,18.374],[-88.1945,18.3405],[-88.3835,18.385],[-88.3065,18.4385],[-88.304,18.4815],[-88.489,18.4845],[-88.533,18.4435],[-88.555,18.352],[-88.6075,18.2835],[-88.617,18.2355],[-88.6965,18.178],[-88.7365,18.052],[-88.8805,17.8885],[-89.0495,17.999],[-89.1325,17.9705],[-89.1615,17.9015],[-89.1605,17.8145],[-89.1505,17.321],[-89.149,17.0365],[-89.1845,16.496],[-89.2085,16.186],[-89.2365,15.894],[-89.0405,15.9015],[-88.952,15.8795],[-88.914,15.894]]],[[[-87.9135,18.026],[-87.849,18.134],[-87.905,18.153],[-87.9135,18.026]]]]},"properties":{"ADMIN":"Belize"}},
{"type":"Feature","geometry":{"type":"MultiPolygon","coordinates":[[[[-82.5735,9.576],[-82.619,9.4865],[-82.678,9.498],[-82.7115,9.545],[-82.829,9.6025],[-82.8795,9.56],[-82.8615,9.484],[-82.9335,9.4705],[-82.9445,9.437],[-82.9395,9.0595],[-82.9095,9.072],[-82.808,8.9985],[-82.749,8.974],[-82.7195,8.9215],[-82.764,8.88],[-82.867,8.838],[-82.924,8.741],[-82.85,8.63],[-82.836,8.53],[-82.8705,8.438],[-82.9535,8.402],[-83.053,8.315],[-82.9435,8.2485],[-82.8865,8.102],[-82.8975,8.0345],[-82.849,8.0685],[-82.873,8.136],[-82.877,8.219],[-82.8085,8.2955],[-82.659,8.323],[-82.5115,8.2765],[-82.4,8.288],[-82.28,8.343],[-82.2175,8.278],[-82.1965,8.202],[-82.1425,8.16],[-82.1095,8.2335],[-82.0605,8.2105],[-81.8855,8.1735],[-81.774,8.1235],[-81.7115,8.1305],[-81.6705,8.007],[-81.609,7.9865],[-81.6225,7.89],[-81.5675,7.849],[-81.575,7.7605],[-81.526,7.7115],[-81.451,7.705],[-81.397,7.6735],[-81.2785,7.646],[-81.218,7.609],[-81.195,7.639],[-81.1745,7.763],[-81.1835,7.8235],[-81.056,7.8495],[-81.0855,7.7945],[-81.02,7.6505],[-80.9465,7.5555],[-80.967,7.51],[-80.915,7.4545],[-80.921,7.392],[-80.896,7.3285],[-80.9295,7.2565],[-80.873,7.2125],[-80.713,7.2165],[-80.4745,7.2535],[-80.445,7.246],[-80.3795,7.313],[-80.3575,7.382],[-80.2495,7.4295],[-80.1355,7.4245],[-80.018,7.457],[-79.9945,7.5035],[-80.0525,7.637],[-80.144,7.753],[-80.3,7.8835],[-80.349,7.9895],[-80.456,8.036],[-80.475,8.1065],[-80.47,8.2205],[-80.3805,8.3105],[-80.334,8.288],[-80.225,8.301],[-80.081,8.372],[-79.97,8.444],[-79.864,8.5525],[-79.7745,8.5795],[-79.791,8.663],[-79.756,8.6815],[-79.7565,8.7965],[-79.7035,8.8635],[-79.601,8.8905],[-79.522,8.9425],[-79.482,8.9985],[-79.387,9.019],[-79.176,9.0105],[-79.0055,8.9595],[-78.874,8.891],[-78.828,8.813],[-78.7575,8.8295],[-78.7295,8.7595],[-78.682,8.7475],[-78.6125,8.6695],[-78.5045,8.634],[-78.4915,8.4735],[-78.45,8.391],[-78.3885,8.336],[-78.3675,8.4245],[-78.3035,8.4545],[-78.189,8.4055],[-78.1415,8.466],[-78.067,8.4025],[-78.051,8.3225],[-78.1555,8.394],[-78.183,8.298],[-78.306,8.254],[-78.2375,8.154],[-78.2865,8.0805],[-78.431,8.077],[-78.3945,7.9175],[-78.3295,7.843],[-78.2775,7.7245],[-78.292,7.6915],[-78.2375,7.65],[-78.1695,7.5575],[-78.144,7.498],[-78.0655,7.418],[-78.01,7.3835],[-78.0145,7.341],[-77.896,7.235],[-77.82,7.4765],[-77.755,7.486],[-77.731,7.5305],[-77.7705,7.669],[-77.74,7.719],[-77.68,7.671],[-77.58,7.5285],[-77.5095,7.594],[-77.3395,7.707],[-77.38,7.7745],[-77.3215,7.881],[-77.201,7.982],[-77.231,8.0985],[-77.3245,8.261],[-77.363,8.272],[-77.3915,8.3935],[-77.4225,8.4565],[-77.4795,8.468],[-77.4805,8.526],[-77.429,8.5925],[-77.434,8.6285],[-77.3735,8.6645],[-77.477,8.67],[-77.5445,8.7145],[-77.574,8.793],[-77.6335,8.8175],[-77.721,8.8925],[-77.7445,8.9635],[-77.86,9.1105],[-77.89,9.077],[-77.9685,9.1805],[-78.0245,9.2265],[-78.208,9.2905],[-78.4375,9.4045],[-78.5615,9.438],[-78.604,9.4165],[-78.781,9.446],[-78.9035,9.423],[-78.9775,9.457],[-79.058,9.458],[-79.055,9.532],[-79.1565,9.555],[-79.194,9.5395],[-79.43,9.5895],[-79.464,9.569],[-79.533,9.5895],[-79.551,9.6295],[-79.6645,9.5835],[-79.6905,9.496],[-79.8185,9.391],[-79.8945,9.3565],[-79.909,9.3085],[-80.001,9.3205],[-80.101,9.2225],[-80.2925,9.1515],[-80.4085,9.1425],[-80.507,9.111],[-80.637,9.0515],[-80.727,8.997],[-80.8225,8.8905],[-80.8815,8.8855],[-81.0875,8.8085],[-81.3045,8.782],[-81.539,8.813],[-81.6275,8.899],[-81.721,9.032],[-81.762,9.064],[-81.7935,8.9315],[-81.9035,8.971],[-81.9585,8.9315],[-81.9975,8.9475],[-82.1055,8.935],[-82.142,8.989],[-82.246,9.014],[-82.239,9.0795],[-82.2555,9.1825],[-82.3505,9.2075],[-82.3875,9.286],[-82.3495,9.402],[-82.5735,9.576]]],[[[-81.6645,7.3975],[-81.719,7.4525],[-81.7055,7.5535],[-81.739,7.6445],[-81.83,7.576],[-81.858,7.5175],[-81.842,7.431],[-81.746,7.349],[-81.6495,7.3215],[-81.588,7.335],[-81.622,7.394],[-81.6645,7.3975]]],[[[-82.3285,9.412],[-82.2595,9.353],[-82.232,9.3735],[-82.2665,9.4395],[-82.3285,9.412]]],[[[-78.892,8.458],[-78.9745,8.4445],[-78.955,8.3465],[-78.97,8.305],[-78.858,8.296],[-78.8345,8.343],[-78.869,8.4615],[-78.892,8.458]]]]},"properties":{"ADMIN":"Panama"}},
{"type":"Feature","geometry":{"type":"MultiPolygon","coordinates":[[[[-60.021,8.558],[-60.198,8.624],[-60.372,8.6355],[-60.4035,8.6225],[-60.4615,8.5345],[-60.6065,8.551],[-60.6925,8.6045],[-60.985,8.5705],[-60.9925,8.512],[-61.181,8.4935],[-61.284,8.397],[-61.349,8.4795],[-61.434,8.479],[-61.4995,8.5345],[-61.5985,8.5555],[-61.652,8.586],[-61.6055,8.6305],[-61.523,8.5965],[-61.3485,8.61],[-61.277,8.589],[-61.2095,8.609],[-61.18,8.736],[-61.127,8.8145],[-61.0995,8.9605],[-61.0065,9.049],[-60.984,9.1675],[-60.9185,9.2385],[-60.822,9.273],[-60.784,9.3385],[-60.7975,9.3845],[-60.8625,9.456],[-60.9705,9.502],[-60.9605,9.5385],[-61.053,9.5815],[-61.13,9.5725],[-61.2365,9.632],[-61.338,9.712],[-61.439,9.8185],[-61.4755,9.8015],[-61.583,9.872],[-61.5925,9.782],[-61.79,9.8305],[-61.877,9.8235],[-61.907,9.864],[-62.0255,9.9575],[-62.1965,10.0195],[-62.2575,9.938],[-62.243,9.843],[-62.291,9.7335],[-62.409,9.924],[-62.442,10.021],[-62.5175,10.184],[-62.602,10.231],[-62.6265,10.1965],[-62.6185,10.0915],[-62.7775,10.0185],[-62.853,10.0555],[-62.926,10.0465],[-62.9445,10.1015],[-62.8515,10.0805],[-62.7125,10.0695],[-62.6565,10.082],[-62.6265,10.131],[-62.675,10.2135],[-62.675,10.2935],[-62.7365,10.3785],[-62.831,10.407],[-62.857,10.5315],[-62.6625,10.567],[-62.4415,10.5355],[-62.335,10.53],[-62.24,10.638],[-62.089,10.6315],[-61.9625,10.652],[-61.935,10.721],[-61.9825,10.7345],[-62.1025,10.7135],[-62.154,10.6865],[-62.397,10.7155],[-62.5415,10.741],[-62.7195,10.76],[-62.9045,10.702],[-63.014,10.721],[-63.116,10.708],[-63.1715,10.7315],[-63.241,10.685],[-63.466,10.6675],[-63.5315,10.631],[-63.653,10.6415],[-63.757,10.6655],[-63.8195,10.7135],[-63.847,10.652],[-63.915,10.631],[-64.0725,10.648],[-64.131,10.6195],[-64.2745,10.6505],[-64.2975,10.62],[-64.249,10.5205],[-64.1555,10.5725],[-63.9665,10.5815],[-63.847,10.556],[-63.6835,10.4795],[-63.8205,10.4475],[-63.943,10.4605],[-64.0285,10.446],[-64.1435,10.48],[-64.2105,10.4395],[-64.339,10.3905],[-64.3395,10.364],[-64.4905,10.2405],[-64.5725,10.2615],[-64.6315,10.248],[-64.717,10.1725],[-64.748,10.107],[-64.814,10.085],[-64.9635,10.0975],[-65.084,10.0475],[-65.167,10.0695],[-65.1695,10.0975],[-65.459,10.1495],[-65.5805,10.1855],[-65.8685,10.3095],[-65.897,10.288],[-65.971,10.379],[-66.1185,10.498],[-66.1025,10.541],[-66.1245,10.602],[-66.252,10.6485],[-66.334,10.611],[-66.428,10.631],[-66.5415,10.6325],[-66.886,10.6095],[-67.0125,10.611],[-67.17,10.556],[-67.326,10.55],[-67.56,10.5285],[-67.645,10.506],[-67.7775,10.496],[-67.941,10.4665],[-68.0065,10.4885],[-68.1295,10.4875],[-68.171,10.5035],[-68.2425,10.5785],[-68.287,10.658],[-68.3315,10.807],[-68.3265,10.8495],[-68.266,10.858],[-68.2625,10.903],[-68.3495,11.072],[-68.4175,11.179],[-68.4835,11.207],[-68.5405,11.265],[-68.615,11.3035],[-68.6555,11.348],[-68.7205,11.362],[-68.863,11.453],[-69.062,11.4535],[-69.1855,11.5155],[-69.2705,11.536],[-69.3765,11.494],[-69.5,11.5085],[-69.5885,11.463],[-69.6235,11.468],[-69.7005,11.54],[-69.747,11.6325],[-69.8085,11.8035],[-69.817,11.9325],[-69.8355,12.015],[-69.9255,12.1595],[-70.0175,12.199],[-70.127,12.129],[-70.206,12.112],[-70.213,12.057],[-70.2545,12.007],[-70.297,11.872],[-70.206,11.7345],[-70.23,11.628],[-70.1865,11.6025],[-70.0415,11.6485],[-69.9275,11.6585],[-69.8495,11.6935],[-69.7915,11.6455],[-69.747,11.481],[-69.814,11.4255],[-69.946,11.52],[-70.0505,11.521],[-70.0365,11.441],[-70.127,11.462],[-70.18,11.3765],[-70.288,11.357],[-70.434,11.2875],[-70.4865,11.295],[-70.514,11.253],[-70.6295,11.239],[-70.6855,11.248],[-70.8695,11.1965],[-71.176,11.034],[-71.294,10.9865],[-71.4585,10.975],[-71.422,10.903],[-71.4535,10.872],[-71.446,10.796],[-71.583,10.809],[-71.5315,10.7525],[-71.533,10.6765],[-71.503,10.627],[-71.5375,10.598],[-71.5265,10.5445],[-71.4665,10.502],[-71.475,10.4215],[-71.3845,10.2755],[-71.364,10.22],[-71.268,10.152],[-71.2285,10.07],[-71.207,9.9805],[-71.1625,9.971],[-71.0725,9.858],[-71.086,9.812],[-71.042,9.761],[-71.066,9.5895],[-71.09,9.5555],[-71.056,9.3635],[-71.073,9.3135],[-71.1515,9.2885],[-71.2065,9.232],[-71.2205,9.1795],[-71.2735,9.135],[-71.3715,9.0935],[-71.515,9.049],[-71.602,9.0425],[-71.686,9.062],[-71.759,9.12],[-71.7345,9.165],[-71.7445,9.2375],[-71.7305,9.3555],[-71.8745,9.4455],[-71.9085,9.4935],[-71.9675,9.498],[-71.999,9.6545],[-72.09,9.7545],[-72.1245,9.826],[-72.0435,9.9295],[-71.9825,10.0885],[-71.8975,10.139],[-71.779,10.3415],[-71.7295,10.3915],[-71.6295,10.454],[-71.631,10.5185],[-71.6055,10.582],[-71.6105,10.638],[-71.5765,10.721],[-71.65,10.771],[-71.6935,10.837],[-71.7155,10.958],[-71.7685,11.0155],[-71.653,11.041],[-71.77,11.1065],[-71.857,11.217],[-71.9395,11.381],[-71.97,11.5115],[-71.9605,11.5915],[-71.6745,11.6845],[-71.507,11.71],[-71.378,11.7585],[-71.3275,11.85],[-71.4495,11.7955],[-71.971,11.662],[-72.008,11.6245],[-72.2565,11.168],[-72.3415,11.162],[-72.4815,11.1325],[-72.542,11.041],[-72.5765,10.9575],[-72.6565,10.885],[-72.706,10.8115],[-72.7545,10.675],[-72.843,10.5605],[-72.9075,10.4525],[-72.9355,10.175],[-72.9875,9.9995],[-72.997,9.9005],[-72.9775,9.838],[-73.017,9.7485],[-73.1235,9.5615],[-73.1785,9.523],[-73.2775,9.362],[-73.312,9.276],[-73.391,9.1945],[-73.378,9.1645],[-73.254,9.1675],[-73.176,9.191],[-73.1245,9.2345],[-73.0095,9.2955],[-72.98,9.2165],[-72.9785,9.15],[-72.9365,9.099],[-72.8265,9.1415],[-72.783,9.06],[-72.6755,8.6515],[-72.6555,8.618],[-72.4565,8.404],[-72.387,8.3385],[-72.396,8.2565],[-72.336,8.104],[-72.35,8.0425],[-72.407,8.044],[-72.43,7.9905],[-72.488,7.949],[-72.452,7.833],[-72.4835,7.6495],[-72.4635,7.571],[-72.482,7.508],[-72.4515,7.44],[-72.322,7.39],[-72.206,7.382],[-72.164,7.329],[-72.1715,7.25],[-72.1535,7.1925],[-72.081,7.0665],[-71.994,7.013],[-71.8325,6.9865],[-71.774,7.029],[-71.6545,7.0535],[-71.5945,7.03],[-71.51,7.0345],[-71.2835,7.019],[-71.2755,6.9845],[-71.184,6.9625],[-71.136,6.992],[-71.0655,6.9845],[-70.9615,7.0095],[-70.9035,7.063],[-70.7035,7.1],[-70.6395,7.0735],[-70.5785,7.086],[-70.521,7.0155],[-70.4615,7.0085],[-70.319,6.9385],[-70.158,6.9795],[-70.0965,6.9445],[-69.7,6.4455],[-69.4435,6.122],[-69.358,6.1515],[-69.3115,6.146],[-69.246,6.0805],[-69.189,6.1125],[-69.061,6.218],[-68.893,6.1845],[-68.829,6.188],[-68.6355,6.136],[-68.5845,6.17],[-68.449,6.195],[-68.304,6.177],[-68.1465,6.224],[-68.019,6.2115],[-67.924,6.2345],[-67.9045,6.275],[-67.839,6.3075],[-67.731,6.3025],[-67.574,6.266],[-67.476,6.1785],[-67.491,6.1145],[-67.4285,6.0385],[-67.435,5.968],[-67.485,5.944],[-67.601,5.8205],[-67.641,5.745],[-67.649,5.656],[-67.6145,5.5535],[-67.647,5.4835],[-67.81,5.379],[-67.8435,5.297],[-67.8135,5.1865],[-67.8245,5.1105],[-67.793,5.0635],[-67.8055,5],[-60.6,5],[-60.6645,5.1705],[-60.74,5.202],[-61.12,5.619],[-61.3795,5.9055],[-61.3965,5.9455],[-61.338,5.987],[-61.2695,6.107],[-61.1945,6.133],[-61.1215,6.1865],[-61.113,6.254],[-61.161,6.3425],[-61.139,6.425],[-61.171,6.509],[-61.2095,6.541],[-61.205,6.596],[-61.13,6.716],[-60.934,6.7315],[-60.901,6.7645],[-60.7935,6.794],[-60.7215,6.7595],[-60.6205,6.846],[-60.5485,6.863],[-60.421,6.942],[-60.3775,6.9385],[-60.3595,7.005],[-60.3135,7.04],[-60.2925,7.1055],[-60.372,7.1725],[-60.4755,7.1885],[-60.548,7.1255],[-60.643,7.221],[-60.602,7.33],[-60.6565,7.429],[-60.7005,7.4535],[-60.7305,7.5255],[-60.6015,7.634],[-60.582,7.7365],[-60.5035,7.821],[-60.375,7.8235],[-60.231,7.964],[-60.129,8.029],[-60.0465,8.033],[-60.0195,8.0605],[-59.9935,8.1685],[-59.9395,8.2085],[-59.8485,8.2275],[-59.8155,8.288],[-59.8555,8.352],[-59.9595,8.468],[-60.021,8.558]]],[[[-61.0165,8.61],[-61.0985,8.6025],[-61.148,8.544],[-61.2275,8.5715],[-61.2705,8.5145],[-61.1265,8.507],[-61.0415,8.5185],[-61.0055,8.5535],[-61.0165,8.61]]],[[[-60.9205,9.0285],[-61.0165,8.8805],[-60.9335,8.884],[-60.851,8.9705],[-60.8755,9.028],[-60.9205,9.0285]]],[[[-61.0855,8.8905],[-60.943,9.026],[-61.0695,8.979],[-61.0855,8.8905]]],[[[-60.873,9.1165],[-60.8535,9.194],[-60.937,9.1645],[-60.9395,9.082],[-60.873,9.1165]]],[[[-63.9765,10.809],[-64.0045,10.7755],[-63.909,10.7355],[-63.9035,10.7775],[-63.9765,10.809]]],[[[-65.2275,10.954],[-65.3065,10.9765],[-65.3765,10.966],[-65.412,10.925],[-65.3165,10.891],[-65.2445,10.885],[-65.2275,10.954]]],[[[-63.847,11.1355],[-63.896,11.168],[-63.986,11.1095],[-64.049,10.9905],[-64.1815,11.034],[-64.1985,11.0875],[-64.292,11.084],[-64.3705,11.0625],[-64.4085,10.9675],[-64.2245,10.9395],[-64.176,10.9675],[-64.096,10.891],[-64.0425,10.8685],[-63.9555,10.8945],[-63.898,10.885],[-63.8715,10.9375],[-63.7935,11.001],[-63.847,11.1355]]],[[[-64.607,11.899],[-64.649,11.8305],[-64.563,11.8165],[-64.563,11.868],[-64.607,11.899]]],[[[-61.3905,8.5805],[-61.476,8.567],[-61.4335,8.514],[-61.3025,8.515],[-61.3145,8.5715],[-61.3905,8.5805]]],[[[-60.745,8.7195],[-60.808,8.633],[-60.6175,8.6365],[-60.666,8.6865],[-60.745,8.7195]]],[[[-60.9515,8.828],[-61.06,8.798],[-61.1265,8.7565],[-61.167,8.6995],[-61.177,8.604],[-61.094,8.6335],[-60.8465,8.6375],[-60.7695,8.7415],[-60.686,8.789],[-60.7375,8.8665],[-60.8615,8.87],[-60.9515,8.828]]],[[[-62.665,10.3665],[-62.777,10.4925],[-62.793,10.448],[-62.7105,10.372],[-62.665,10.3665]]]]},"properties":{"ADMIN":"Venezuela"}},
{"type":"Feature","geometry":{"type":"MultiPolygon","coordinates":[[[[-43,62.7205],[-43,76],[-60.127,76],[-59.966,75.925],[-59.7125,75.963],[-59.6765,75.8975],[-59.797,75.842],[-59.272,75.88],[-59.268,75.828],[-59.0675,75.7625],[-59.0415,75.7015],[-58.7135,75.7355],[-58.4475,75.7315],[-58.557,75.654],[-58.3105,75.6435],[-58.426,75.566],[-58.1665,75.5005],[-58.35,75.4375],[-58.6595,75.3775],[-58.5175,75.347],[-58.2415,75.211],[-58.0125,75.198],[-57.9405,75.151],[-58.1315,75.108],[-57.8465,75.0195],[-57.694,75.0195],[-57.4235,74.9635],[-57.2925,74.9075],[-57.083,74.924],[-56.846,74.811],[-57.0545,74.7455],[-56.8775,74.7115],[-56.422,74.5535],[-56.222,74.5625],[-56.242,74.4975],[-56.6135,74.451],[-56.504,74.416],[-56.1715,74.41],[-56.1545,74.369],[-56.5025,74.3675],[-56.6035,74.245],[-56.703,74.204],[-56.91,74.2005],[-57.296,74.1],[-56.5635,74.165],[-56.257,74.238],[-56.1985,74.1215],[-56.3315,74.0445],[-56.096,74.021],[-56.11,73.9705],[-55.67,73.8855],[-55.9455,73.861],[-55.843,73.683],[-55.956,73.621],[-55.665,73.585],[-55.496,73.465],[-55.269,73.3865],[-55.4595,73.258],[-55.2125,73.2445],[-55.1625,73.182],[-55.43,73.196],[-55.438,73.1215],[-55.6615,73.1235],[-55.6635,73.0575],[-55.4655,73.073],[-54.9815,72.999],[-54.8735,73.0145],[-54.6875,72.9005],[-54.6505,72.845],[-54.866,72.7645],[-54.667,72.7485],[-54.7725,72.666],[-54.9985,72.5705],[-54.9685,72.517],[-55.2665,72.4985],[-55.512,72.515],[-55.6515,72.4505],[-55.483,72.395],[-55.3595,72.4185],[-55.224,72.362],[-55.0215,72.4235],[-54.883,72.3695],[-54.952,72.2995],[-54.8835,72.251],[-55.0645,72.2105],[-55.5515,72.038],[-55.5435,71.985],[-55.268,71.9275],[-55.37,71.826],[-55.8475,71.722],[-55.9045,71.682],[-55.5845,71.648],[-55.6625,71.5975],[-55.5145,71.449],[-55.2875,71.3815],[-55.1365,71.3805],[-54.981,71.436],[-54.816,71.356],[-54.625,71.3515],[-54.205,71.394],[-53.952,71.438],[-53.849,71.5455],[-54.09,71.644],[-53.737,71.652],[-53.679,71.7425],[-53.4925,71.792],[-53.376,71.7845],[-52.985,71.847],[-53.033,71.919],[-52.8265,71.986],[-52.8545,71.8675],[-53.002,71.797],[-53.266,71.71],[-52.663,71.68],[-52.5735,71.638],[-52.1665,71.613],[-51.9015,71.6525],[-51.798,71.7205],[-51.6545,71.696],[-51.7815,71.6025],[-52.139,71.572],[-52.2585,71.5795],[-52.701,71.526],[-52.9925,71.4215],[-52.4265,71.3725],[-52.1075,71.448],[-51.6825,71.5095],[-51.3805,71.4975],[-51.4215,71.4395],[-51.612,71.456],[-51.8845,71.4405],[-52.2575,71.3655],[-52.2455,71.2955],[-52.355,71.237],[-52.4985,71.2265],[-52.5575,71.1785],[-52.4245,71.1515],[-52.0495,71.2475],[-51.749,71.3605],[-51.536,71.3125],[-51.621,71.2505],[-51.81,71.2575],[-52.0275,71.214],[-52.245,71.1345],[-52.0255,71.1],[-51.8425,71.1375],[-51.674,71.111],[-51.396,71.1135],[-51.4765,71.064],[-51.202,71.0175],[-50.9155,71.024],[-50.9975,70.965],[-51.208,70.962],[-51.832,71.0695],[-51.915,71.0215],[-51.4565,70.908],[-51.19,70.887],[-51.073,70.8405],[-50.7375,70.7845],[-50.8185,70.721],[-51.0115,70.7845],[-51.2505,70.814],[-51.399,70.6975],[-50.8785,70.6625],[-50.991,70.613],[-50.765,70.562],[-50.975,70.5365],[-51.2305,70.6065],[-51.3475,70.5715],[-50.993,70.425],[-50.772,70.421],[-50.532,70.3595],[-50.6595,70.326],[-50.8295,70.3565],[-51.0665,70.367],[-51.4095,70.435],[-51.5495,70.4315],[-51.843,70.5075],[-52.27,70.6355],[-52.4505,70.7025],[-52.7905,70.757],[-53.1915,70.772],[-53.434,70.7525],[-53.6705,70.799],[-53.822,70.794],[-53.9795,70.8295],[-54.1555,70.829],[-54.326,70.7975],[-54.5775,70.714],[-54.588,70.6825],[-54.2185,70.5185],[-54.0185,70.413],[-53.84,70.3805],[-53.232,70.353],[-52.61,70.217],[-52.3295,70.0535],[-52.0615,70.051],[-52.01,70.02],[-51.6255,70.015],[-51.4385,69.9665],[-51.221,70.074],[-51.031,70.066],[-51.2595,69.963],[-50.939,69.9635],[-50.5015,70.0405],[-50.2755,70.046],[-50.344,69.9785],[-50.561,69.975],[-50.5935,69.928],[-50.333,69.89],[-50.2475,69.776],[-50.354,69.761],[-50.5945,69.7905],[-50.847,69.6265],[-50.796,69.5575],[-50.8735,69.5235],[-50.909,69.339],[-51.115,69.212],[-50.8875,69.1745],[-50.4705,69.304],[-50.4705,69.2085],[-50.243,69.1965],[-50.179,69.154],[-50.3155,69.122],[-50.6545,69.14],[-50.676,69.1115],[-50.4245,69.061],[-50.259,69.0795],[-50.175,69.03],[-50.4765,69.0235],[-50.7015,69.0815],[-50.79,69.1285],[-51.08,69.133],[-51.135,69.044],[-51.0875,68.9515],[-51.19,68.8935],[-51.102,68.866],[-51.2485,68.7495],[-51.019,68.7525],[-50.787,68.842],[-50.784,68.777],[-50.991,68.7355],[-50.929,68.674],[-51.149,68.585],[-51.569,68.524],[-51.957,68.537],[-51.9645,68.5875],[-52.156,68.5505],[-52.193,68.572],[-52.6165,68.526],[-52.533,68.4685],[-52.775,68.423],[-53.0885,68.318],[-52.8065,68.2215],[-52.6285,68.242],[-52.444,68.2285],[-52.445,68.1815],[-52.0535,68.236],[-51.648,68.2745],[-51.313,68.283],[-51.232,68.329],[-51.3135,68.3655],[-51.4835,68.36],[-51.561,68.396],[-51.167,68.414],[-51.121,68.3515],[-51.2235,68.275],[-51.142,68.2175],[-51.2305,68.1595],[-50.9285,68.0525],[-50.703,68.0365],[-50.679,67.9955],[-50.463,67.955],[-50.6045,67.9095],[-50.7135,67.958],[-50.861,67.9785],[-51.217,68.071],[-51.9315,68.047],[-52.1995,68.0915],[-52.583,68.191],[-52.704,68.1595],[-52.893,68.157],[-53.1525,68.201],[-53.136,68.109],[-53.004,68.0755],[-53.259,68.023],[-53.2005,67.968],[-53.3795,67.8995],[-53.431,67.838],[-53.541,67.851],[-53.6875,67.812],[-53.5415,67.7195],[-53.589,67.6505],[-53.7355,67.6135],[-53.7295,67.538],[-53.5765,67.519],[-53.3315,67.596],[-53.0645,67.7355],[-52.824,67.7965],[-52.6635,67.7895],[-52.342,67.8215],[-52.232,67.769],[-51.8585,67.7535],[-51.7035,67.7005],[-51.598,67.7535],[-51.445,67.747],[-51.3255,67.8245],[-51.4705,67.8655],[-51.505,67.9435],[-51.3415,67.9235],[-51.244,67.97],[-51.039,67.9815],[-51.076,67.908],[-51.2215,67.904],[-51.2745,67.864],[-51.1875,67.7645],[-51.022,67.768],[-50.9565,67.804],[-50.71,67.8245],[-50.751,67.911],[-50.4135,67.847],[-50.6415,67.8245],[-50.7785,67.7735],[-51.169,67.728],[-51.1225,67.6625],[-50.9565,67.6685],[-50.8045,67.622],[-50.962,67.5925],[-51.2545,67.651],[-51.5325,67.6595],[-51.864,67.636],[-51.915,67.6795],[-52.1285,67.7005],[-52.409,67.769],[-52.554,67.769],[-53.0475,67.696],[-53.119,67.634],[-53.379,67.5325],[-53.627,67.486],[-53.8055,67.4185],[-53.8765,67.235],[-53.767,67.2065],[-53.509,67.273],[-53.232,67.296],[-53.1135,67.28],[-52.431,67.3765],[-52.1495,67.406],[-51.9735,67.36],[-51.1145,67.4265],[-51.265,67.3855],[-51.504,67.371],[-51.553,67.331],[-52.049,67.342],[-52.1495,67.372],[-52.5805,67.324],[-53.074,67.2555],[-53.3145,67.2475],[-53.412,67.1965],[-53.7115,67.1925],[-53.8405,67.176],[-53.965,67.1045],[-53.806,67.073],[-53.815,67.027],[-53.6345,66.9965],[-53.647,66.9115],[-53.096,66.932],[-52.8,66.892],[-52.603,66.912],[-52.4885,66.8545],[-52.972,66.858],[-52.933,66.8165],[-52.6675,66.693],[-53.054,66.673],[-53.2865,66.6935],[-53.427,66.6455],[-53.41,66.5715],[-52.9515,66.5445],[-53.201,66.493],[-53.3965,66.5285],[-53.623,66.509],[-53.6955,66.359],[-53.565,66.246],[-53.663,66.1385],[-53.451,66.104],[-53.3535,66.112],[-53.006,66.2],[-52.719,66.3485],[-52.3,66.4815],[-52.14,66.5175],[-51.971,66.662],[-51.7135,66.7235],[-51.4935,66.8315],[-51.32,66.886],[-51.096,66.9305],[-50.7795,66.8515],[-50.893,66.83],[-51.1165,66.8805],[-51.2835,66.845],[-51.367,66.796],[-51.615,66.7035],[-51.8745,66.642],[-52.053,66.4875],[-52.361,66.4405],[-52.683,66.332],[-52.7395,66.262],[-52.9965,66.172],[-53.382,66.0785],[-53.3895,66.0075],[-53.4555,65.961],[-53.259,65.9395],[-52.921,66.0365],[-52.875,66.022],[-53.266,65.9195],[-53.154,65.8605],[-52.6905,65.9635],[-52.694,65.9395],[-53.033,65.864],[-53.0715,65.8105],[-53.2395,65.74],[-53.1905,65.675],[-53.001,65.666],[-52.863,65.69],[-52.7555,65.6725],[-52.7915,65.5345],[-52.5405,65.48],[-52.5465,65.4325],[-52.273,65.4465],[-52.18,65.501],[-52.0905,65.498],[-51.931,65.5565],[-51.916,65.662],[-51.441,65.7725],[-51.252,65.7945],[-51.0265,65.767],[-51.4915,65.741],[-51.688,65.705],[-51.8735,65.6425],[-51.8035,65.6105],[-51.866,65.542],[-51.9815,65.495],[-52.1525,65.4655],[-52.382,65.399],[-52.567,65.316],[-52.444,65.268],[-52.1985,65.2845],[-52.207,65.169],[-52.156,65.103],[-52.2785,65.079],[-52.043,64.958],[-52.2175,64.912],[-52.156,64.8635],[-51.8795,64.837],[-51.841,64.912],[-51.731,64.96],[-51.5315,64.869],[-51.7385,64.8575],[-51.875,64.825],[-51.9785,64.7375],[-52.058,64.7395],[-52.156,64.679],[-52.094,64.611],[-52.155,64.5375],[-52.102,64.4785],[-52.18,64.444],[-52.1105,64.391],[-52.1565,64.349],[-52.1425,64.222],[-52.0015,64.206],[-51.835,64.225],[-51.6625,64.309],[-51.676,64.3565],[-51.505,64.4725],[-51.4225,64.6105],[-51.3335,64.652],[-51.2525,64.76],[-51.0665,64.6655],[-50.9095,64.685],[-50.655,64.8215],[-50.762,65.003],[-50.8745,65.0525],[-50.841,65.1315],[-50.6835,64.9075],[-50.538,64.769],[-50.2755,64.756],[-50.0795,64.713],[-50.1135,64.654],[-50.063,64.5295],[-49.8155,64.4385],[-49.683,64.4225],[-49.652,64.3355],[-50.149,64.4865],[-50.304,64.6745],[-50.4805,64.713],[-50.5895,64.6695],[-50.739,64.6495],[-50.785,64.6025],[-50.641,64.5225],[-50.6245,64.4665],[-50.4265,64.4265],[-50.464,64.3975],[-50.69,64.44],[-50.8995,64.4065],[-50.9585,64.331],[-51.1345,64.208],[-51.266,64.178],[-51.4125,64.2195],[-51.7315,64.2085],[-51.633,64.115],[-51.44,64.0825],[-50.8145,64.178],[-50.7375,64.2195],[-50.5965,64.2365],[-50.4355,64.1915],[-50.4975,64.158],[-50.6825,64.1715],[-50.8815,64.0965],[-51.121,64.0895],[-51.58,64.0425],[-51.6195,64.0075],[-51.4065,63.9295],[-51.403,63.8125],[-51.4975,63.78],[-51.539,63.685],[-51.324,63.6135],[-51.396,63.575],[-51.162,63.5075],[-50.8075,63.5555],[-50.7945,63.5265],[-51.1275,63.4955],[-51.171,63.381],[-51.0495,63.3715],[-50.8025,63.398],[-50.554,63.3925],[-50.4925,63.372],[-51.087,63.3495],[-51.04,63.225],[-51.0565,63.185],[-50.8865,63.1485],[-50.782,63.2025],[-50.593,63.2305],[-50.4,63.1895],[-50.4265,63.1425],[-50.6075,63.096],[-50.563,62.981],[-50.416,62.945],[-50.4015,62.856],[-50.2745,62.851],[-50.1825,62.959],[-50.0255,62.977],[-49.8495,63.0375],[-49.7985,63.0095],[-50.1425,62.938],[-50.3115,62.7545],[-50.1785,62.7665],[-49.959,62.87],[-50.1145,62.707],[-50.2135,62.676],[-50.3075,62.4915],[-50.2015,62.4095],[-50.0385,62.3625],[-50.014,62.3205],[-49.696,62.267],[-49.576,62.226],[-49.6295,62.1685],[-49.4965,62.15],[-49.3465,62.2115],[-49.295,62.137],[-49.428,62.1165],[-49.6765,62.1235],[-49.576,62.073],[-49.6935,62.016],[-49.607,61.985],[-49.422,62.034],[-49.3105,61.996],[-49.169,62.0215],[-49.1565,62.092],[-48.925,62.075],[-49.1615,61.9715],[-49.25,61.9785],[-49.3875,61.9465],[-49.381,61.8765],[-49.435,61.8475],[-49.353,61.7665],[-49.264,61.7255],[-49.182,61.752],[-49.167,61.8565],[-48.9805,61.963],[-48.945,61.8865],[-49.1215,61.812],[-49.052,61.724],[-49.0585,61.646],[-48.95,61.587],[-49.241,61.6075],[-49.2985,61.561],[-49.1755,61.54],[-48.9895,61.458],[-48.8035,61.486],[-48.6935,61.523],[-48.531,61.5435],[-48.487,61.5135],[-48.7465,61.458],[-48.8595,61.458],[-48.853,61.403],[-48.546,61.3815],[-48.511,61.301],[-48.6095,61.2655],[-48.619,61.212],[-48.476,61.191],[-48.407,61.134],[-48.291,61.129],[-48.2665,61.2195],[-48.0175,61.0465],[-48.12,61.0125],[-48.078,60.9735],[-47.7165,61.017],[-47.7535,60.971],[-48.0285,60.9145],[-48.232,60.8435],[-48.1955,60.814],[-47.932,60.8415],[-47.617,60.821],[-47.4385,60.8275],[-47.36,60.8855],[-47.2625,60.897],[-47.03,60.975],[-46.914,60.9305],[-47.0565,60.861],[-46.8625,60.8],[-46.72,60.8565],[-46.6385,60.913],[-46.6315,60.9925],[-46.5415,61.0255],[-46.413,61.0125],[-46.3755,61.0845],[-46.1575,60.9985],[-46.106,61.049],[-45.9135,61.0945],[-45.838,61.163],[-45.9315,61.189],[-45.923,61.2425],[-45.726,61.169],[-45.7025,61.1215],[-45.7775,61.0635],[-45.948,61.033],[-46.0915,60.9575],[-46.033,60.914],[-45.8415,60.9715],[-45.777,60.9605],[-45.6185,61.02],[-45.484,61.109],[-45.381,61.101],[-45.51,60.982],[-45.8855,60.9305],[-46.1505,60.837],[-46.205,60.7465],[-46.016,60.7325],[-46.0005,60.803],[-45.87,60.8475],[-45.796,60.818],[-45.8995,60.773],[-45.7215,60.7385],[-45.823,60.6835],[-45.7655,60.6525],[-45.9815,60.5805],[-45.797,60.5635],[-45.73,60.5925],[-45.6135,60.5215],[-45.519,60.542],[-45.455,60.6285],[-45.3715,60.6085],[-45.3935,60.5165],[-45.228,60.574],[-45.2825,60.465],[-45.214,60.439],[-44.939,60.4835],[-44.892,60.437],[-44.9265,60.327],[-45.0925,60.282],[-45.1875,60.2125],[-45.058,60.161],[-44.975,60.0395],[-44.59,59.989],[-44.5155,60.039],[-44.4815,60.1235],[-44.426,60.156],[-44.291,60.166],[-44.178,60.279],[-44.142,60.1835],[-43.9905,60.191],[-43.762,60.17],[-43.3885,60.108],[-43.138,60.081],[-43.088,60.0995],[-43.1245,60.183],[-43.209,60.251],[-43.09,60.259],[-43.2065,60.355],[-43.314,60.401],[-43.3155,60.4375],[-43.4275,60.483],[-43.7255,60.5255],[-43.8295,60.5265],[-44.0845,60.5935],[-43.621,60.56],[-43.2275,60.471],[-43.2755,60.526],[-43.2005,60.5535],[-43,60.547],[-43,60.854],[-43.134,60.881],[-43.481,60.92],[-43.4295,60.9475],[-43,60.886],[-43,61.6],[-43,62.7205]]],[[[-44.351,59.9845],[-44.2035,60.053],[-44.252,60.108],[-44.4195,60.1495],[-44.4945,60.011],[-44.351,59.9845]]],[[[-45.153,60.3825],[-45.357,60.3745],[-45.401,60.1895],[-45.318,60.2055],[-45.1835,60.2725],[-45.153,60.3825]]],[[[-45.893,60.6975],[-46.177,60.688],[-46.0895,60.643],[-46.008,60.6875],[-45.893,60.6975]]],[[[-46.554,60.7965],[-46.3915,60.861],[-46.3065,60.8535],[-46.175,60.901],[-46.2015,60.951],[-46.4835,60.89],[-46.688,60.8275],[-46.758,60.754],[-46.554,60.7965]]],[[[-50.6825,63.1235],[-50.772,63.192],[-50.88,63.1385],[-50.79,63.0845],[-50.6825,63.1235]]],[[[-50.4975,63.1745],[-50.5715,63.213],[-50.676,63.154],[-50.6245,63.1165],[-50.4975,63.1745]]],[[[-50.8055,64.528],[-50.8655,64.557],[-51.022,64.556],[-51.135,64.384],[-51.3385,64.246],[-51.258,64.2195],[-51.1385,64.2635],[-50.9565,64.4315],[-50.8225,64.485],[-50.8055,64.528]]],[[[-51.2995,64.381],[-51.176,64.4595],[-51.094,64.5695],[-51.265,64.562],[-51.454,64.4075],[-51.2995,64.381]]],[[[-43.7065,59.9025],[-43.9615,59.978],[-44.1045,59.877],[-44.054,59.806],[-43.919,59.796],[-43.7915,59.8165],[-43.686,59.8685],[-43.7065,59.9025]]],[[[-44.0085,59.9915],[-44.025,60.018],[-44.2,60.028],[-44.3715,59.918],[-44.2795,59.879],[-44.0085,59.9915]]],[[[-43.1715,60.074],[-44.0735,60.1765],[-44.1125,60.1125],[-43.954,60.053],[-43.9,59.992],[-43.59,59.923],[-43.523,59.963],[-43.481,60.053],[-43.1895,59.996],[-43.1715,60.074]]],[[[-47.722,60.759],[-47.7725,60.813],[-47.9295,60.8365],[-48.236,60.8],[-48.097,60.7465],[-48.038,60.6955],[-47.9005,60.6825],[-47.719,60.7295],[-47.722,60.759]]],[[[-52.9375,65.659],[-53.1755,65.631],[-53.1655,65.5605],[-53.037,65.5435],[-52.853,65.624],[-52.9375,65.659]]],[[[-53.098,68.4545],[-53.208,68.4],[-53.092,68.361],[-52.9505,68.3685],[-52.864,68.41],[-52.966,68.487],[-53.098,68.4545]]],[[[-51.957,68.6355],[-52.1765,68.646],[-52.3,68.6195],[-52.0985,68.5655],[-51.9045,68.6045],[-51.957,68.6355]]],[[[-52.351,68.6425],[-52.1745,68.708],[-52.6325,68.7005],[-52.9365,68.6055],[-52.4845,68.6435],[-52.351,68.6425]]],[[[-51.2235,69.9145],[-51.183,69.819],[-51.3405,69.743],[-51.2455,69.5385],[-51.1675,69.512],[-50.951,69.5595],[-50.9715,69.7195],[-50.6675,69.8295],[-51.015,69.9255],[-51.2235,69.9145]]],[[[-52.903,69.345],[-52.1415,69.4775],[-52.0255,69.5205],[-51.8365,69.632],[-51.9625,69.691],[-51.9135,69.7575],[-51.998,69.805],[-52.3115,69.8435],[-52.728,69.9285],[-53.0315,70.119],[-53.266,70.2025],[-53.4905,70.2425],[-53.772,70.261],[-53.9035,70.2905],[-54.3015,70.3185],[-54.453,70.3135],[-54.741,70.2545],[-54.829,70.201],[-54.832,70.0855],[-54.767,69.9695],[-54.865,69.9435],[-54.794,69.8795],[-54.912,69.8205],[-54.893,69.751],[-54.9925,69.702],[-54.7375,69.589],[-54.13,69.551],[-53.881,69.561],[-53.6845,69.476],[-53.7985,69.4265],[-54.2045,69.4525],[-54.2735,69.4005],[-54.1485,69.338],[-53.925,69.322],[-53.8445,69.265],[-53.5875,69.239],[-53.2065,69.3145],[-52.903,69.345]]],[[[-54.719,70.38],[-54.7985,70.458],[-55.02,70.4895],[-54.986,70.401],[-54.857,70.369],[-54.719,70.38]]],[[[-51.8165,70.942],[-51.9385,70.9745],[-52.114,70.9695],[-52.1615,70.8915],[-51.6655,70.8455],[-51.6695,70.8945],[-51.8165,70.942]]],[[[-53.8965,71.0825],[-53.6675,71.0315],[-53.449,71.057],[-53.3915,71.155],[-53.612,71.3215],[-53.954,71.1705],[-53.8965,71.0825]]],[[[-52.485,71.2645],[-52.3275,71.2985],[-52.409,71.3535],[-52.972,71.387],[-53.1695,71.3465],[-53.1195,71.213],[-52.9575,71.1545],[-52.6615,71.1685],[-52.632,71.2195],[-52.485,71.2645]]],[[[-53.294,71.5385],[-53.1125,71.541],[-53.0735,71.5865],[-52.9095,71.6095],[-52.777,71.6655],[-53.3985,71.6745],[-53.4785,71.6555],[-53.454,71.5795],[-53.294,71.5385]]],[[[-55.687,71.917],[-55.8085,71.8815],[-55.561,71.8215],[-55.411,71.894],[-55.561,71.9335],[-55.687,71.917]]],[[[-55.048,72.319],[-55.2,72.335],[-55.6375,72.2335],[-55.683,72.19],[-55.4685,72.1505],[-55.339,72.1765],[-55.048,72.319]]],[[[-55.802,72.6895],[-55.647,72.7815],[-55.972,72.773],[-56.127,72.713],[-56.062,72.655],[-55.802,72.6895]]],[[[-55.7395,72.614],[-55.529,72.555],[-55.0905,72.736],[-54.9845,72.8235],[-55.199,72.847],[-55.404,72.7855],[-55.607,72.759],[-55.6095,72.71],[-55.791,72.666],[-55.7395,72.614]]],[[[-55.6095,73.036],[-55.692,72.9985],[-55.525,72.953],[-55.3245,72.957],[-55.1595,72.9975],[-55.521,73.0525],[-55.6095,73.036]]],[[[-56.127,73.827],[-55.985,73.856],[-56.5915,73.9135],[-56.693,73.8415],[-56.6165,73.816],[-56.3355,73.84],[-56.127,73.827]]],[[[-56.518,74.495],[-56.713,74.5605],[-56.848,74.5385],[-57.556,74.498],[-57.195,74.4735],[-57.094,74.4885],[-56.518,74.495]]]]},"properties":{"ADMIN":"Greenland"}},
{"type":"Feature","geometry":{"type":"Polygon","coordinates":[[[-68.781,12.098],[-68.8355,12.171],[-68.9615,12.2015],[-69.041,12.256],[-69.0715,12.3415],[-69.161,12.3915],[-69.1645,12.307],[-69.0785,12.2045],[-68.9445,12.1055],[-68.7945,12.0415],[-68.781,12.098]]]},"properties":{"ADMIN":"Curaçao"}},
{"type":"Feature","geometry":{"type":"Polygon","coordinates":[[[-69.997,12.5775],[-70.0485,12.632],[-70.058,12.537],[-69.888,12.4175],[-69.88,12.4535],[-69.9365,12.5315],[-69.997,12.5775]]]},"properties":{"ADMIN":"Aruba"}},
{"type":"Feature","geometry":{"type":"MultiPolygon","coordinates":[[[[-72.9995,21.4515],[-72.9145,21.485],[-72.9915,21.562],[-73.076,21.507],[-73.052,21.448],[-72.9995,21.4515]]],[[[-73.139,22.3635],[-73.0735,22.342],[-72.9885,22.37],[-72.88,22.358],[-72.797,22.2935],[-72.755,22.3495],[-72.893,22.4045],[-72.9635,22.3975],[-73.063,22.4445],[-73.1145,22.4385],[-73.139,22.3635]]],[[[-73.647,21.0615],[-73.703,21.02],[-73.676,20.935],[-73.601,20.9465],[-73.4925,20.9245],[-73.399,20.936],[-73.347,20.964],[-73.2255,20.9525],[-73.13,20.9935],[-73.0975,21.0815],[-73.034,21.1565],[-73.0055,21.2915],[-73.053,21.3295],[-73.161,21.17],[-73.255,21.135],[-73.344,21.1655],[-73.398,21.225],[-73.4335,21.1935],[-73.5145,21.187],[-73.553,21.13],[-73.6335,21.0995],[-73.647,21.0615]]],[[[-74.284,22.672],[-74.3765,22.5845],[-74.3545,22.5635],[-74.284,22.672]]],[[[-73.9955,22.6575],[-73.9845,22.5955],[-73.9135,22.5945],[-73.871,22.5355],[-73.9075,22.4795],[-73.987,22.4575],[-74.0135,22.406],[-74.079,22.355],[-74.014,22.33],[-73.9285,22.43],[-73.8655,22.48],[-73.8485,22.5375],[-73.8585,22.657],[-73.845,22.72],[-73.9545,22.72],[-73.9955,22.6575]]],[[[-74.287,22.7335],[-74.2225,22.6955],[-74.0905,22.6575],[-74.016,22.72],[-74.098,22.747],[-74.167,22.747],[-74.2285,22.816],[-74.3105,22.843],[-74.352,22.8225],[-74.287,22.7335]]],[[[-75.798,23.5385],[-75.8565,23.5675],[-75.982,23.6825],[-76.0295,23.6555],[-75.9875,23.601],[-75.8735,23.5285],[-75.798,23.5385]]],[[[-74.859,22.9805],[-74.845,23],[-74.9465,23.0935],[-75.0315,23.1235],[-75.077,23.1715],[-75.094,23.3055],[-75.1825,23.4465],[-75.195,23.514],[-75.25,23.49],[-75.197,23.41],[-75.1315,23.356],[-75.113,23.2815],[-75.132,23.186],[-75.075,23.1275],[-74.9905,23.0785],[-74.9245,23.0115],[-74.859,22.9805]]],[[[-74.9,23.7065],[-74.891,23.6645],[-74.7935,23.6715],[-74.8125,23.7195],[-74.9,23.7065]]],[[[-74.4685,24.022],[-74.427,24.083],[-74.458,24.1415],[-74.5295,24.1005],[-74.5295,24.011],[-74.4685,24.022]]],[[[-77.525,23.933],[-77.5455,24.0045],[-77.5495,24.126],[-77.6075,24.218],[-77.648,24.138],[-77.705,24.0945],[-77.74,24.1645],[-77.6405,24.2375],[-77.675,24.303],[-77.8395,24.2065],[-77.854,24.166],[-77.942,24.097],[-77.8795,24.074],[-77.8335,24.022],[-77.813,23.8765],[-77.643,23.755],[-77.566,23.7405],[-77.5175,23.864],[-77.525,23.933]]],[[[-75.3145,24.2175],[-75.4005,24.3235],[-75.476,24.3705],[-75.572,24.5225],[-75.6125,24.5625],[-75.6265,24.645],[-75.709,24.7],[-75.7565,24.6605],[-75.6525,24.5885],[-75.6475,24.529],[-75.5715,24.489],[-75.534,24.389],[-75.4805,24.3095],[-75.41,24.273],[-75.406,24.2405],[-75.4635,24.1855],[-75.425,24.15],[-75.336,24.1585],[-75.3145,24.2175]]],[[[-77.48,24.9915],[-77.3795,25.0015],[-77.2745,25.046],[-77.326,25.0795],[-77.456,25.077],[-77.527,25.0545],[-77.5455,25.002],[-77.48,24.9915]]],[[[-78.3535,24.659],[-78.443,24.6245],[-78.3515,24.5305],[-78.2265,24.4655],[-78.18,24.465],[-78.134,24.404],[-78.08,24.3795],[-78.0635,24.316],[-78.013,24.314],[-77.9085,24.351],[-77.804,24.449],[-77.7185,24.5],[-77.7535,24.602],[-77.737,24.7],[-77.829,24.778],[-77.8735,24.8385],[-77.934,24.976],[-77.9865,25.013],[-77.977,25.1385],[-78.045,25.183],[-78.0905,25.1595],[-78.1495,25.1995],[-78.2145,25.1845],[-78.1695,25.073],[-78.1575,25],[-78.208,24.862],[-78.292,24.7755],[-78.3025,24.7205],[-78.222,24.666],[-78.2285,24.5695],[-78.297,24.644],[-78.3535,24.659]]],[[[-76.1615,25.1655],[-76.284,25.262],[-76.336,25.327],[-76.461,25.3545],[-76.6245,25.4625],[-76.73,25.5635],[-76.7695,25.424],[-76.713,25.447],[-76.591,25.4225],[-76.531,25.3705],[-76.3465,25.3035],[-76.2635,25.1935],[-76.165,25.13],[-76.1545,25.0055],[-76.211,24.901],[-76.137,24.902],[-76.158,24.962],[-76.1305,24.995],[-76.113,25.115],[-76.1615,25.1655]]],[[[-78.59,26.536],[-78.54,26.565],[-78.2935,26.6215],[-78.2375,26.6215],[-77.903,26.6815],[-77.9715,26.7295],[-78.0555,26.726],[-78.287,26.6855],[-78.438,26.7],[-78.6075,26.756],[-78.576,26.695],[-78.638,26.6095],[-78.7145,26.5705],[-78.806,26.578],[-78.8345,26.5535],[-78.727,26.4955],[-78.656,26.498],[-78.59,26.536]]],[[[-77.8125,26.907],[-77.7545,26.8795],[-77.5175,26.852],[-77.4445,26.755],[-77.427,26.695],[-77.35,26.669],[-77.312,26.5945],[-77.1605,26.564],[-77.196,26.463],[-77.23,26.4475],[-77.2185,26.3555],[-77.2505,26.313],[-77.23,26.2585],[-77.2565,26.204],[-77.2235,26.146],[-77.348,26.0705],[-77.388,26.0055],[-77.315,25.991],[-77.2265,25.885],[-77.1905,25.9165],[-77.192,26.069],[-77.165,26.2455],[-77.0845,26.306],[-77.015,26.3155],[-77.059,26.423],[-77.059,26.5295],[-77.183,26.6005],[-77.27,26.625],[-77.328,26.709],[-77.5115,26.8695],[-77.607,26.9205],[-77.63,26.904],[-77.7745,26.927],[-77.8125,26.907]]]]},"properties":{"ADMIN":"The Bahamas"}},
{"type":"Feature","geometry":{"type":"MultiPolygon","coordinates":[[[[-71.803,21.788],[-71.741,21.795],[-71.631,21.7745],[-71.679,21.842],[-71.8095,21.84],[-71.803,21.788]]],[[[-72.022,21.9045],[-71.9035,21.8665],[-71.911,21.9485],[-72.0085,21.959],[-72.022,21.9045]]]]},"properties":{"ADMIN":"Turks and Caicos Islands"}},
{"type":"Feature","geometry":{"type":"Polygon","coordinates":[[[-56.274,46.8955],[-56.3135,46.9755],[-56.2535,47.0535],[-56.396,47.1135],[-56.385,47.0355],[-56.337,46.9545],[-56.343,46.8755],[-56.3965,46.8365],[-56.3465,46.7835],[-56.2495,46.8425],[-56.274,46.8955]]]},"properties":{"ADMIN":"Saint Pierre and Miquelon"}},
{"type":"Feature","geometry":{"type":"MultiPolygon","coordinates":[[[[-61.0025,10.6995],[-60.9075,10.837],[-60.949,10.8455],[-61.155,10.8165],[-61.18,10.7975],[-61.3665,10.803],[-61.4,10.7685],[-61.602,10.7475],[-61.65,10.688],[-61.529,10.658],[-61.4725,10.595],[-61.469,10.481],[-61.488,10.43],[-61.4585,10.302],[-61.5065,10.2405],[-61.612,10.2475],[-61.712,10.1635],[-61.789,10.141],[-61.817,10.0815],[-61.7065,10.084],[-61.637,10.058],[-61.544,10.076],[-61.3385,10.0695],[-61.253,10.0835],[-61.1915,10.074],[-61.0995,10.095],[-60.996,10.1385],[-60.9985,10.356],[-61.028,10.4085],[-61.0425,10.51],[-61.0135,10.5345],[-61.037,10.625],[-61.0025,10.6995]]],[[[-60.5305,11.351],[-60.6685,11.303],[-60.7945,11.2165],[-60.8035,11.1435],[-60.6815,11.207],[-60.647,11.204],[-60.585,11.2555],[-60.533,11.2665],[-60.5305,11.351]]]]},"properties":{"ADMIN":"Trinidad and Tobago"}},
{"type":"Feature","geometry":{"type":"Polygon","coordinates":[[[-61.613,12.2145],[-61.6715,12.236],[-61.7295,12.1665],[-61.7565,12.088],[-61.7295,12.016],[-61.695,12.003],[-61.614,12.0805],[-61.613,12.2145]]]},"properties":{"ADMIN":"Grenada"}},
{"type":"Feature","geometry":{"type":"Polygon","coordinates":[[[-61.1675,13.146],[-61.138,13.187],[-61.124,13.3085],[-61.144,13.374],[-61.212,13.369],[-61.2765,13.25],[-61.2715,13.1865],[-61.1675,13.146]]]},"properties":{"ADMIN":"Saint Vincent and the Grenadines"}},
{"type":"Feature","geometry":{"type":"Polygon","coordinates":[[[-59.427,13.1605],[-59.5365,13.2315],[-59.613,13.3445],[-59.654,13.295],[-59.646,13.1605],[-59.608,13.0845],[-59.509,13.0575],[-59.43,13.126],[-59.427,13.1605]]]},"properties":{"ADMIN":"Barbados"}},
{"type":"Feature","geometry":{"type":"Polygon","coordinates":[[[-60.887,14.01],[-60.893,14.0645],[-60.9335,14.112],[-60.976,14.061],[-61.076,13.8905],[-61.078,13.8065],[-61.048,13.7675],[-60.941,13.722],[-60.892,13.833],[-60.887,14.01]]]},"properties":{"ADMIN":"Saint Lucia"}},
{"type":"Feature","geometry":{"type":"Polygon","coordinates":[[[-61.363,15.202],[-61.2565,15.2855],[-61.2495,15.401],[-61.267,15.508],[-61.3075,15.5795],[-61.3845,15.5885],[-61.469,15.634],[-61.489,15.5355],[-61.421,15.4145],[-61.363,15.202]]]},"properties":{"ADMIN":"Dominica"}},
{"type":"Feature","geometry":{"type":"Polygon","coordinates":[[[-162.061,5.887],[-162.0875,5.884],[-162.091,5.8715],[-162.061,5.8735],[-162.061,5.887]]]},"properties":{"ADMIN":"United States Minor Outlying Islands"}},
{"type":"Feature","geometry":{"type":"Polygon","coordinates":[[[-62.1475,16.7445],[-62.202,16.8195],[-62.23,16.7275],[-62.168,16.6755],[-62.1475,16.7445]]]},"properties":{"ADMIN":"Montserrat"}},
{"type":"Feature","geometry":{"type":"MultiPolygon","coordinates":[[[[-61.8835,17.049],[-61.8515,17.0075],[-61.777,17.0185],[-61.7295,17.001],[-61.6855,17.0285],[-61.715,17.093],[-61.8255,17.169],[-61.894,17.1005],[-61.8835,17.049]]],[[[-61.839,17.5935],[-61.7705,17.5455],[-61.7285,17.605],[-61.7545,17.669],[-61.818,17.703],[-61.86,17.684],[-61.839,17.5935]]]]},"properties":{"ADMIN":"Antigua and Barbuda"}},
{"type":"Feature","geometry":{"type":"MultiPolygon","coordinates":[[[[-62.599,17.203],[-62.612,17.104],[-62.5475,17.1045],[-62.5385,17.162],[-62.599,17.203]]],[[[-62.6505,17.2655],[-62.72,17.3585],[-62.8195,17.416],[-62.861,17.3625],[-62.757,17.2925],[-62.6505,17.2655]]]]},"properties":{"ADMIN":"Saint Kitts and Nevis"}},
{"type":"Feature","geometry":{"type":"Polygon","coordinates":[[[-64.5595,17.7515],[-64.592,17.7685],[-64.69,17.745],[-64.7715,17.7925],[-64.8875,17.7555],[-64.8765,17.689],[-64.6705,17.717],[-64.5595,17.7515]]]},"properties":{"ADMIN":"United States Virgin Islands"}},
{"type":"Feature","geometry":{"type":"Polygon","coordinates":[[[-62.839,17.882],[-62.7915,17.9155],[-62.8575,17.925],[-62.839,17.882]]]},"properties":{"ADMIN":"Saint Barthelemy"}},
{"type":"Feature","geometry":{"type":"MultiPolygon","coordinates":[[[[-65.3475,18.1145],[-65.3985,18.1695],[-65.4785,18.157],[-65.4685,18.0945],[-65.3475,18.1145]]],[[[-65.629,18.279],[-65.621,18.3825],[-65.663,18.3665],[-65.8485,18.438],[-65.989,18.463],[-66.012,18.444],[-66.118,18.443],[-66.258,18.4815],[-66.304,18.469],[-66.3825,18.4915],[-66.4675,18.4755],[-66.641,18.4965],[-66.7515,18.484],[-66.8035,18.4985],[-66.9075,18.4855],[-67.1015,18.523],[-67.17,18.486],[-67.1595,18.421],[-67.271,18.362],[-67.237,18.3],[-67.1965,18.2915],[-67.152,18.2035],[-67.184,18.14],[-67.1855,18.0705],[-67.215,17.9665],[-67.112,17.9495],[-67.067,17.9725],[-66.924,17.9495],[-66.8175,17.959],[-66.766,17.9845],[-66.5925,17.9635],[-66.469,17.9925],[-66.4165,17.9495],[-66.328,17.9725],[-66.2925,17.9455],[-66.163,17.929],[-66.1045,17.959],[-66.005,17.9775],[-65.939,17.9705],[-65.8305,18.027],[-65.7905,18.114],[-65.7375,18.1825],[-65.592,18.231],[-65.629,18.279]]]]},"properties":{"ADMIN":"Puerto Rico"}},
{"type":"Feature","geometry":{"type":"Polygon","coordinates":[[[-63.0075,18.273],[-63.038,18.2675],[-63.086,18.2175],[-63.0115,18.2205],[-63.0075,18.273]]]},"properties":{"ADMIN":"Anguilla"}},
{"type":"Feature","geometry":{"type":"Polygon","coordinates":[[[-64.635,18.4055],[-64.5835,18.4165],[-64.56,18.454],[-64.662,18.4405],[-64.635,18.4055]]]},"properties":{"ADMIN":"British Virgin Islands"}},
{"type":"Feature","geometry":{"type":"Polygon","coordinates":[[[-76.2635,18.0125],[-76.351,18.156],[-76.555,18.204],[-76.681,18.258],[-76.7645,18.273],[-76.813,18.328],[-76.891,18.3765],[-76.895,18.4095],[-77.1375,18.409],[-77.2725,18.4595],[-77.567,18.49],[-77.6645,18.492],[-77.816,18.5235],[-77.9025,18.519],[-77.9815,18.4415],[-78.195,18.4555],[-78.332,18.3675],[-78.3405,18.222],[-78.2275,18.192],[-78.075,18.1985],[-77.9565,18.032],[-77.8455,18.017],[-77.8395,17.9495],[-77.7865,17.885],[-77.724,17.8535],[-77.5885,17.861],[-77.502,17.842],[-77.441,17.8645],[-77.321,17.8125],[-77.216,17.7165],[-77.1335,17.7105],[-77.1405,17.7655],[-77.199,17.762],[-77.1415,17.881],[-77.093,17.9025],[-76.9555,17.8335],[-76.913,17.8615],[-76.887,17.952],[-76.85,17.9925],[-76.655,17.929],[-76.613,17.8745],[-76.5235,17.8605],[-76.415,17.8775],[-76.3075,17.87],[-76.188,17.9155],[-76.2635,18.0125]]]},"properties":{"ADMIN":"Jamaica"}},
{"type":"Feature","geometry":{"type":"Polygon","coordinates":[[[-81.136,19.355],[-81.212,19.348],[-81.2865,19.3685],[-81.3035,19.309],[-81.2335,19.289],[-81.135,19.2905],[-81.136,19.355]]]},"properties":{"ADMIN":"Cayman Islands"}},
{"type":"Feature","geometry":{"type":"Polygon","coordinates":[[[-64.676,32.3885],[-64.7365,32.344],[-64.755,32.293],[-64.6985,32.3265],[-64.708,32.3515],[-64.676,32.3885]]]},"properties":{"ADMIN":"Bermuda"}},
{"type":"Feature","geometry":{"type":"Polygon","coordinates":[[[-109.212,10.3025],[-109.234,10.308],[-109.2185,10.2815],[-109.212,10.3025]]]},"properties":{"ADMIN":"Clipperton Island"}},
{"type":"Feature","geometry":{"type":"Polygon","coordinates":[[[-79.9895,15.795],[-79.988,15.794],[-79.9865,15.7945],[-79.988,15.796],[-79.9895,15.795]]]},"properties":{"ADMIN":"Bajo Nuevo Bank (Petrel Is.)"}},
{"type":"Feature","geometry":{"type":"Polygon","coordinates":[[[-78.637,15.862],[-78.637,15.8675],[-78.6405,15.864],[-78.637,15.862]]]},"properties":{"ADMIN":"Serranilla Bank"}}
]}